원보험사코드,공시분기,회차,채널합,회사지표,차이,분류,근거
KR0002,2023.2Q,25회차,63.18,64.93,-1.75,SOURCE,"원문 1-2 표(회사 지표, MI=인쇄값)와 7-6 채널표가 서로 다름: 두 표 모두 PDF 인쇄 그대로 확인, 1-2 쪽에 유지율 산식 차이 설명 없음 -> 원문 자체 불일치 | 7-6(p46) 독립 판독: 금액 8/8행 일치, 유지율 3/4행(37회차 법인대리점_기타 `63,43` 은 원문 오타를 항등식으로 보정) | 같은 회사 일치(|차|<=0.06) 분기: 2024.2Q,2024.4Q,2025.4Q,2026.2Q | [추정] 같은 회사가 2Q 공시에서만 어긋나 1-2 가 상반기 누계(업무보고서 산출표), 7-6 이 직전 12개월 창일 가능성 -- 이 파일 원문에는 명시 없음(삼성화재·DB생명·생보 업계 주석이 그렇게 말함)"
KR0002,2023.2Q,37회차,55.84,55.25,+0.59,SOURCE,"원문 1-2 표(회사 지표, MI=인쇄값)와 7-6 채널표가 서로 다름: 두 표 모두 PDF 인쇄 그대로 확인, 1-2 쪽에 유지율 산식 차이 설명 없음 -> 원문 자체 불일치 | 7-6(p46) 독립 판독: 금액 8/8행 일치, 유지율 3/4행(37회차 법인대리점_기타 `63,43` 은 원문 오타를 항등식으로 보정) | 같은 회사 일치(|차|<=0.06) 분기: 2024.2Q,2024.4Q,2025.4Q,2026.2Q | [추정] 같은 회사가 2Q 공시에서만 어긋나 1-2 가 상반기 누계(업무보고서 산출표), 7-6 이 직전 12개월 창일 가능성 -- 이 파일 원문에는 명시 없음(삼성화재·DB생명·생보 업계 주석이 그렇게 말함)"
KR0002,2023.2Q,61회차,44.22,46.77,-2.55,SOURCE,"원문 1-2 표(회사 지표, MI=인쇄값)와 7-6 채널표가 서로 다름: 두 표 모두 PDF 인쇄 그대로 확인, 1-2 쪽에 유지율 산식 차이 설명 없음 -> 원문 자체 불일치 | 7-6(p46) 독립 판독: 금액 8/8행 일치, 유지율 3/4행(37회차 법인대리점_기타 `63,43` 은 원문 오타를 항등식으로 보정) | 같은 회사 일치(|차|<=0.06) 분기: 2024.2Q,2024.4Q,2025.4Q,2026.2Q | [추정] 같은 회사가 2Q 공시에서만 어긋나 1-2 가 상반기 누계(업무보고서 산출표), 7-6 이 직전 12개월 창일 가능성 -- 이 파일 원문에는 명시 없음(삼성화재·DB생명·생보 업계 주석이 그렇게 말함)"
KR0002,2023.4Q,61회차,49.56,44.2,+5.36,SOURCE,"원문 p79 61회차 설계사 대상신계약액이 `319,76` 으로 인쇄(자리수 결락, 렌더 확인) -> 그 칸 값이 null 이라 설계사 유지계약액 123,092 도 합에서 빠져 합이 부풀음. 유지율 38.50 에서 역산한 대상신계약액 약 319,720 을 넣으면 합 44.19 = 회사지표 44.20. 13/25/37회차는 일치 | 7-6(p79) 독립 판독: 금액 7/8행 일치(결락 칸만 다름), 유지율 3/4행(61회차 설계사 외 열의 `39,77` 오타는 항등식 보정) | 같은 회사 일치(|차|<=0.06) 분기: 2024.2Q,2024.4Q,2025.4Q,2026.2Q"
KR0002,2025.2Q,25회차,69.67,70.84,-1.17,SOURCE,"원문 1-2 표(회사 지표, MI=인쇄값)와 7-6 채널표가 서로 다름: 두 표 모두 PDF 인쇄 그대로 확인, 1-2 쪽에 유지율 산식 차이 설명 없음 -> 원문 자체 불일치 | 7-6 쪽 독립 판독: 금액 8/8행 일치(유지율 행은 텍스트 순서상 미판독이나 칸별 항등식 전부 통과) | 같은 회사 일치(|차|<=0.06) 분기: 2024.2Q,2024.4Q,2025.4Q,2026.2Q | [추정] 같은 회사가 2Q 공시에서만 어긋나 1-2 가 상반기 누계(업무보고서 산출표), 7-6 이 직전 12개월 창일 가능성 -- 이 파일 원문에는 명시 없음(삼성화재·DB생명·생보 업계 주석이 그렇게 말함)"
KR0002,2025.2Q,61회차,41.14,39.71,+1.43,SOURCE,"원문 1-2 표(회사 지표, MI=인쇄값)와 7-6 채널표가 서로 다름: 두 표 모두 PDF 인쇄 그대로 확인, 1-2 쪽에 유지율 산식 차이 설명 없음 -> 원문 자체 불일치 | 7-6 쪽 독립 판독: 금액 8/8행 일치(유지율 행은 텍스트 순서상 미판독이나 칸별 항등식 전부 통과) | 같은 회사 일치(|차|<=0.06) 분기: 2024.2Q,2024.4Q,2025.4Q,2026.2Q | [추정] 같은 회사가 2Q 공시에서만 어긋나 1-2 가 상반기 누계(업무보고서 산출표), 7-6 이 직전 12개월 창일 가능성 -- 이 파일 원문에는 명시 없음(삼성화재·DB생명·생보 업계 주석이 그렇게 말함)"
KR0004,2023.2Q,13회차,85.95,84.43,+1.52,SOURCE,"원문 1-2 표(회사 지표, MI=인쇄값)와 7-6 채널표가 서로 다름: 두 표 모두 PDF 인쇄 그대로 확인, 1-2 쪽에 유지율 산식 차이 설명 없음 -> 원문 자체 불일치 | 7-6 쪽 토큰 순서 독립 판독이 파서 값과 12/12행 일치 | 같은 회사 일치(|차|<=0.06) 분기: 2023.4Q,2024.4Q,2025.2Q,2025.4Q,2026.2Q | [추정] 같은 회사가 2Q 공시에서만 어긋나 1-2 가 상반기 누계(업무보고서 산출표), 7-6 이 직전 12개월 창일 가능성 -- 이 파일 원문에는 명시 없음(삼성화재·DB생명·생보 업계 주석이 그렇게 말함)"
KR0004,2023.2Q,25회차,72.94,70.58,+2.36,SOURCE,"원문 1-2 표(회사 지표, MI=인쇄값)와 7-6 채널표가 서로 다름: 두 표 모두 PDF 인쇄 그대로 확인, 1-2 쪽에 유지율 산식 차이 설명 없음 -> 원문 자체 불일치 | 7-6 쪽 토큰 순서 독립 판독이 파서 값과 12/12행 일치 | 같은 회사 일치(|차|<=0.06) 분기: 2023.4Q,2024.4Q,2025.2Q,2025.4Q,2026.2Q | [추정] 같은 회사가 2Q 공시에서만 어긋나 1-2 가 상반기 누계(업무보고서 산출표), 7-6 이 직전 12개월 창일 가능성 -- 이 파일 원문에는 명시 없음(삼성화재·DB생명·생보 업계 주석이 그렇게 말함)"
KR0004,2023.2Q,37회차,68.57,71.27,-2.70,SOURCE,"원문 1-2 표(회사 지표, MI=인쇄값)와 7-6 채널표가 서로 다름: 두 표 모두 PDF 인쇄 그대로 확인, 1-2 쪽에 유지율 산식 차이 설명 없음 -> 원문 자체 불일치 | 7-6 쪽 토큰 순서 독립 판독이 파서 값과 12/12행 일치 | 같은 회사 일치(|차|<=0.06) 분기: 2023.4Q,2024.4Q,2025.2Q,2025.4Q,2026.2Q | [추정] 같은 회사가 2Q 공시에서만 어긋나 1-2 가 상반기 누계(업무보고서 산출표), 7-6 이 직전 12개월 창일 가능성 -- 이 파일 원문에는 명시 없음(삼성화재·DB생명·생보 업계 주석이 그렇게 말함)"
KR0004,2023.2Q,61회차,45.86,48.34,-2.48,SOURCE,"원문 1-2 표(회사 지표, MI=인쇄값)와 7-6 채널표가 서로 다름: 두 표 모두 PDF 인쇄 그대로 확인, 1-2 쪽에 유지율 산식 차이 설명 없음 -> 원문 자체 불일치 | 7-6 쪽 토큰 순서 독립 판독이 파서 값과 12/12행 일치 | 같은 회사 일치(|차|<=0.06) 분기: 2023.4Q,2024.4Q,2025.2Q,2025.4Q,2026.2Q | [추정] 같은 회사가 2Q 공시에서만 어긋나 1-2 가 상반기 누계(업무보고서 산출표), 7-6 이 직전 12개월 창일 가능성 -- 이 파일 원문에는 명시 없음(삼성화재·DB생명·생보 업계 주석이 그렇게 말함)"
KR0005,2025.2Q,13회차,84.72,85.52,-0.80,SOURCE,"원문 1-2(p4, MI=인쇄값 85.52/72.31/65.22/63.66/56.71)와 7-6(p57)가 서로 다름: 두 표 모두 인쇄 그대로 확인. 1-2 주석은 '유지율 : 업무보고서(AI124) 작성기준' 만 말할 뿐 7-6 과 다른 산식을 특정하지 않음 -> 원문 자체 불일치 | 7-6 쪽 독립 판독: 금액 8/8행 일치(유지율 행은 텍스트 순서상 미판독이나 칸별 항등식 전부 통과) | 같은 회사 일치(|차|<=0.06) 분기: 2023.2Q,2023.4Q,2025.4Q,2026.2Q"
KR0005,2025.2Q,25회차,71.11,72.31,-1.20,SOURCE,"원문 1-2(p4, MI=인쇄값 85.52/72.31/65.22/63.66/56.71)와 7-6(p57)가 서로 다름: 두 표 모두 인쇄 그대로 확인. 1-2 주석은 '유지율 : 업무보고서(AI124) 작성기준' 만 말할 뿐 7-6 과 다른 산식을 특정하지 않음 -> 원문 자체 불일치 | 7-6 쪽 독립 판독: 금액 8/8행 일치(유지율 행은 텍스트 순서상 미판독이나 칸별 항등식 전부 통과) | 같은 회사 일치(|차|<=0.06) 분기: 2023.2Q,2023.4Q,2025.4Q,2026.2Q"
KR0008,2023.2Q,25회차,68.56,70.29,-1.73,DEFINITION,"1-2 주3) '유지율 : 상반기 유지계약액 / 대상 신계약액' 인 반면 7-6 주3) '유지계약액 대상기간 : 2022.07.01.~2023.06.30.'(직전 12개월) -> 산출기간이 달라 2Q 에서만 어긋남. 2025.2Q 부터 1-2 주석이 12개월 창으로 바뀌어 차이가 <=0.005 로 닫힘 | 7-6 쪽 토큰 순서 독립 판독이 파서 값과 12/12행 일치 | 같은 회사 일치(|차|<=0.06) 분기: 2023.4Q,2024.4Q,2025.2Q,2025.4Q,2026.2Q"
KR0008,2023.2Q,37회차,58.26,62.26,-4.00,DEFINITION,"1-2 주3) '유지율 : 상반기 유지계약액 / 대상 신계약액' 인 반면 7-6 주3) '유지계약액 대상기간 : 2022.07.01.~2023.06.30.'(직전 12개월) -> 산출기간이 달라 2Q 에서만 어긋남. 2025.2Q 부터 1-2 주석이 12개월 창으로 바뀌어 차이가 <=0.005 로 닫힘 | 7-6 쪽 토큰 순서 독립 판독이 파서 값과 12/12행 일치 | 같은 회사 일치(|차|<=0.06) 분기: 2023.4Q,2024.4Q,2025.2Q,2025.4Q,2026.2Q"
KR0008,2023.2Q,61회차,31.28,32.56,-1.28,DEFINITION,"1-2 주3) '유지율 : 상반기 유지계약액 / 대상 신계약액' 인 반면 7-6 주3) '유지계약액 대상기간 : 2022.07.01.~2023.06.30.'(직전 12개월) -> 산출기간이 달라 2Q 에서만 어긋남. 2025.2Q 부터 1-2 주석이 12개월 창으로 바뀌어 차이가 <=0.005 로 닫힘 | 7-6 쪽 토큰 순서 독립 판독이 파서 값과 12/12행 일치 | 같은 회사 일치(|차|<=0.06) 분기: 2023.4Q,2024.4Q,2025.2Q,2025.4Q,2026.2Q"
KR0008,2024.2Q,13회차,87.04,87.65,-0.61,DEFINITION,"1-2 주5) '유지율 : 상반기 유지계약액 / 대상 신계약액 x 100' 인 반면 7-6 '유지계약액 대상기간: 2023년 7월 ~ 2024년 6월'(직전 12개월) -> 산출기간 차이. 2025.2Q 부터 1-2 주석이 12개월 창으로 바뀌어 차이가 <=0.005 로 닫힘 | 7-6 쪽 텍스트 덤프를 눈으로 대조해 파서 값 일치 확인(칸별 항등식 전부 통과) | 같은 회사 일치(|차|<=0.06) 분기: 2023.4Q,2024.4Q,2025.2Q,2025.4Q,2026.2Q"
KR0008,2024.2Q,25회차,66.03,66.56,-0.53,DEFINITION,"1-2 주5) '유지율 : 상반기 유지계약액 / 대상 신계약액 x 100' 인 반면 7-6 '유지계약액 대상기간: 2023년 7월 ~ 2024년 6월'(직전 12개월) -> 산출기간 차이. 2025.2Q 부터 1-2 주석이 12개월 창으로 바뀌어 차이가 <=0.005 로 닫힘 | 7-6 쪽 텍스트 덤프를 눈으로 대조해 파서 값 일치 확인(칸별 항등식 전부 통과) | 같은 회사 일치(|차|<=0.06) 분기: 2023.4Q,2024.4Q,2025.2Q,2025.4Q,2026.2Q"
KR0008,2024.2Q,37회차,58.03,60.61,-2.58,DEFINITION,"1-2 주5) '유지율 : 상반기 유지계약액 / 대상 신계약액 x 100' 인 반면 7-6 '유지계약액 대상기간: 2023년 7월 ~ 2024년 6월'(직전 12개월) -> 산출기간 차이. 2025.2Q 부터 1-2 주석이 12개월 창으로 바뀌어 차이가 <=0.005 로 닫힘 | 7-6 쪽 텍스트 덤프를 눈으로 대조해 파서 값 일치 확인(칸별 항등식 전부 통과) | 같은 회사 일치(|차|<=0.06) 분기: 2023.4Q,2024.4Q,2025.2Q,2025.4Q,2026.2Q"
KR0008,2024.2Q,61회차,38.46,42.12,-3.66,DEFINITION,"1-2 주5) '유지율 : 상반기 유지계약액 / 대상 신계약액 x 100' 인 반면 7-6 '유지계약액 대상기간: 2023년 7월 ~ 2024년 6월'(직전 12개월) -> 산출기간 차이. 2025.2Q 부터 1-2 주석이 12개월 창으로 바뀌어 차이가 <=0.005 로 닫힘 | 7-6 쪽 텍스트 덤프를 눈으로 대조해 파서 값 일치 확인(칸별 항등식 전부 통과) | 같은 회사 일치(|차|<=0.06) 분기: 2023.4Q,2024.4Q,2025.2Q,2025.4Q,2026.2Q"
KR0010,2023.2Q,13회차,88.85,88.11,+0.74,SOURCE,"원문 1-2 표(회사 지표, MI=인쇄값)와 7-6 채널표가 서로 다름: 두 표 모두 PDF 인쇄 그대로 확인, 1-2 쪽에 유지율 산식 차이 설명 없음 -> 원문 자체 불일치 | 7-6(p39-40) 독립 판독 12/12행 일치(9번째 수는 쪽번호) | 같은 회사 일치(|차|<=0.06) 분기: 2023.4Q,2024.4Q,2025.2Q | [추정] 같은 회사가 2Q 공시에서만 어긋나 1-2 가 상반기 누계(업무보고서 산출표), 7-6 이 직전 12개월 창일 가능성 -- 이 파일 원문에는 명시 없음(삼성화재·DB생명·생보 업계 주석이 그렇게 말함)"
KR0010,2023.2Q,25회차,73.98,75.67,-1.69,SOURCE,"원문 1-2 표(회사 지표, MI=인쇄값)와 7-6 채널표가 서로 다름: 두 표 모두 PDF 인쇄 그대로 확인, 1-2 쪽에 유지율 산식 차이 설명 없음 -> 원문 자체 불일치 | 7-6(p39-40) 독립 판독 12/12행 일치(9번째 수는 쪽번호) | 같은 회사 일치(|차|<=0.06) 분기: 2023.4Q,2024.4Q,2025.2Q | [추정] 같은 회사가 2Q 공시에서만 어긋나 1-2 가 상반기 누계(업무보고서 산출표), 7-6 이 직전 12개월 창일 가능성 -- 이 파일 원문에는 명시 없음(삼성화재·DB생명·생보 업계 주석이 그렇게 말함)"
KR0010,2023.2Q,37회차,60.10,60.64,-0.54,SOURCE,"원문 1-2 표(회사 지표, MI=인쇄값)와 7-6 채널표가 서로 다름: 두 표 모두 PDF 인쇄 그대로 확인, 1-2 쪽에 유지율 산식 차이 설명 없음 -> 원문 자체 불일치 | 7-6(p39-40) 독립 판독 12/12행 일치(9번째 수는 쪽번호) | 같은 회사 일치(|차|<=0.06) 분기: 2023.4Q,2024.4Q,2025.2Q | [추정] 같은 회사가 2Q 공시에서만 어긋나 1-2 가 상반기 누계(업무보고서 산출표), 7-6 이 직전 12개월 창일 가능성 -- 이 파일 원문에는 명시 없음(삼성화재·DB생명·생보 업계 주석이 그렇게 말함)"
KR0010,2023.2Q,61회차,42.98,43.53,-0.55,SOURCE,"원문 1-2 표(회사 지표, MI=인쇄값)와 7-6 채널표가 서로 다름: 두 표 모두 PDF 인쇄 그대로 확인, 1-2 쪽에 유지율 산식 차이 설명 없음 -> 원문 자체 불일치 | 7-6(p39-40) 독립 판독 12/12행 일치(9번째 수는 쪽번호) | 같은 회사 일치(|차|<=0.06) 분기: 2023.4Q,2024.4Q,2025.2Q | [추정] 같은 회사가 2Q 공시에서만 어긋나 1-2 가 상반기 누계(업무보고서 산출표), 7-6 이 직전 12개월 창일 가능성 -- 이 파일 원문에는 명시 없음(삼성화재·DB생명·생보 업계 주석이 그렇게 말함)"
KR0010,2024.2Q,25회차,74.58,71.57,+3.01,SOURCE,"원문 1-2(p4)와 7-6(p51-52)가 서로 다름. 1-2 주석은 '유지율의 전년동기는 23년 2분기 경영공시 현황과 일치하게 작성'(전년동기 열 설명)뿐이라 당기 기준 차이의 근거 없음 -> 원문 자체 불일치 | 7-6 쪽 텍스트 덤프를 눈으로 대조해 파서 값 일치 확인(칸별 항등식 전부 통과) | 같은 회사 일치(|차|<=0.06) 분기: 2023.4Q,2024.4Q,2025.2Q"
KR0010,2024.2Q,37회차,61.31,65.43,-4.12,SOURCE,"원문 1-2(p4)와 7-6(p51-52)가 서로 다름. 1-2 주석은 '유지율의 전년동기는 23년 2분기 경영공시 현황과 일치하게 작성'(전년동기 열 설명)뿐이라 당기 기준 차이의 근거 없음 -> 원문 자체 불일치 | 7-6 쪽 텍스트 덤프를 눈으로 대조해 파서 값 일치 확인(칸별 항등식 전부 통과) | 같은 회사 일치(|차|<=0.06) 분기: 2023.4Q,2024.4Q,2025.2Q"
KR0010,2024.2Q,61회차,42.98,47.11,-4.13,SOURCE,"원문 1-2(p4)와 7-6(p51-52)가 서로 다름. 1-2 주석은 '유지율의 전년동기는 23년 2분기 경영공시 현황과 일치하게 작성'(전년동기 열 설명)뿐이라 당기 기준 차이의 근거 없음 -> 원문 자체 불일치 | 7-6 쪽 텍스트 덤프를 눈으로 대조해 파서 값 일치 확인(칸별 항등식 전부 통과) | 같은 회사 일치(|차|<=0.06) 분기: 2023.4Q,2024.4Q,2025.2Q"
KR0011,2023.2Q,13회차,89.21,88.7,+0.51,SOURCE,"원문 1-2 표(회사 지표, MI=인쇄값)와 7-6 채널표가 서로 다름: 두 표 모두 PDF 인쇄 그대로 확인, 1-2 쪽에 유지율 산식 차이 설명 없음 -> 원문 자체 불일치 | 7-6 쪽 토큰 순서 독립 판독이 파서 값과 12/12행 일치 | 같은 회사 일치(|차|<=0.06) 분기: 2024.4Q,2025.4Q | [추정] 같은 회사가 2Q 공시에서만 어긋나 1-2 가 상반기 누계(업무보고서 산출표), 7-6 이 직전 12개월 창일 가능성 -- 이 파일 원문에는 명시 없음(삼성화재·DB생명·생보 업계 주석이 그렇게 말함)"
KR0011,2023.2Q,25회차,76.35,77.42,-1.07,SOURCE,"원문 1-2 표(회사 지표, MI=인쇄값)와 7-6 채널표가 서로 다름: 두 표 모두 PDF 인쇄 그대로 확인, 1-2 쪽에 유지율 산식 차이 설명 없음 -> 원문 자체 불일치 | 7-6 쪽 토큰 순서 독립 판독이 파서 값과 12/12행 일치 | 같은 회사 일치(|차|<=0.06) 분기: 2024.4Q,2025.4Q | [추정] 같은 회사가 2Q 공시에서만 어긋나 1-2 가 상반기 누계(업무보고서 산출표), 7-6 이 직전 12개월 창일 가능성 -- 이 파일 원문에는 명시 없음(삼성화재·DB생명·생보 업계 주석이 그렇게 말함)"
KR0011,2023.2Q,61회차,38.63,41.14,-2.51,SOURCE,"원문 1-2 표(회사 지표, MI=인쇄값)와 7-6 채널표가 서로 다름: 두 표 모두 PDF 인쇄 그대로 확인, 1-2 쪽에 유지율 산식 차이 설명 없음 -> 원문 자체 불일치 | 7-6 쪽 토큰 순서 독립 판독이 파서 값과 12/12행 일치 | 같은 회사 일치(|차|<=0.06) 분기: 2024.4Q,2025.4Q | [추정] 같은 회사가 2Q 공시에서만 어긋나 1-2 가 상반기 누계(업무보고서 산출표), 7-6 이 직전 12개월 창일 가능성 -- 이 파일 원문에는 명시 없음(삼성화재·DB생명·생보 업계 주석이 그렇게 말함)"
KR0011,2024.2Q,37회차,65.53,67.29,-1.76,SOURCE,"원문 1-2(p4)와 7-6(p51)가 서로 다름. 1-2 주석 '동 자료는 금융감독원 업무보고서 기준으로 작성되었으며 전년 동기 금액은 외부감사인 검토보고서(재작성) 금액' 은 재무 수치 설명이라 유지율 산식 차이의 근거가 못 됨 -> 원문 자체 불일치. [추정] 같은 회사가 2Q 공시에서만 어긋나 1-2 가 상반기 누계(업무보고서 산출표), 7-6 이 직전 12개월 창일 가능성 -- 이 파일 원문에는 명시 없음(삼성화재·DB생명·생보 업계 주석이 그렇게 말함) | 7-6 쪽 독립 판독: 금액 8/8행 일치(유지율 행은 텍스트 순서상 미판독이나 칸별 항등식 전부 통과) | 같은 회사 일치(|차|<=0.06) 분기: 2024.4Q,2025.4Q"
KR0011,2024.2Q,61회차,47.87,51.31,-3.44,SOURCE,"원문 1-2(p4)와 7-6(p51)가 서로 다름. 1-2 주석 '동 자료는 금융감독원 업무보고서 기준으로 작성되었으며 전년 동기 금액은 외부감사인 검토보고서(재작성) 금액' 은 재무 수치 설명이라 유지율 산식 차이의 근거가 못 됨 -> 원문 자체 불일치. [추정] 같은 회사가 2Q 공시에서만 어긋나 1-2 가 상반기 누계(업무보고서 산출표), 7-6 이 직전 12개월 창일 가능성 -- 이 파일 원문에는 명시 없음(삼성화재·DB생명·생보 업계 주석이 그렇게 말함) | 7-6 쪽 독립 판독: 금액 8/8행 일치(유지율 행은 텍스트 순서상 미판독이나 칸별 항등식 전부 통과) | 같은 회사 일치(|차|<=0.06) 분기: 2024.4Q,2025.4Q"
KR0011,2025.2Q,25회차,73.85,73.3,+0.55,SOURCE,"원문 1-2 표(회사 지표, MI=인쇄값)와 7-6 채널표가 서로 다름: 두 표 모두 PDF 인쇄 그대로 확인, 1-2 쪽에 유지율 산식 차이 설명 없음 -> 원문 자체 불일치 | 7-6 쪽 독립 판독: 금액 8/8행 일치(유지율 행은 텍스트 순서상 미판독이나 칸별 항등식 전부 통과) | 같은 회사 일치(|차|<=0.06) 분기: 2024.4Q,2025.4Q | [추정] 같은 회사가 2Q 공시에서만 어긋나 1-2 가 상반기 누계(업무보고서 산출표), 7-6 이 직전 12개월 창일 가능성 -- 이 파일 원문에는 명시 없음(삼성화재·DB생명·생보 업계 주석이 그렇게 말함)"
KR0011,2025.2Q,61회차,51.06,48.66,+2.40,SOURCE,"원문 1-2 표(회사 지표, MI=인쇄값)와 7-6 채널표가 서로 다름: 두 표 모두 PDF 인쇄 그대로 확인, 1-2 쪽에 유지율 산식 차이 설명 없음 -> 원문 자체 불일치 | 7-6 쪽 독립 판독: 금액 8/8행 일치(유지율 행은 텍스트 순서상 미판독이나 칸별 항등식 전부 통과) | 같은 회사 일치(|차|<=0.06) 분기: 2024.4Q,2025.4Q | [추정] 같은 회사가 2Q 공시에서만 어긋나 1-2 가 상반기 누계(업무보고서 산출표), 7-6 이 직전 12개월 창일 가능성 -- 이 파일 원문에는 명시 없음(삼성화재·DB생명·생보 업계 주석이 그렇게 말함)"
KR0029,2023.2Q,13회차,72.33,71.66,+0.67,SOURCE,"원문 1-2 표(회사 지표, MI=인쇄값)와 7-6 채널표가 서로 다름: 두 표 모두 PDF 인쇄 그대로 확인, 1-2 쪽에 유지율 산식 차이 설명 없음 -> 원문 자체 불일치 | 7-6 쪽 토큰 순서 독립 판독이 파서 값과 12/12행 일치 | 같은 회사 일치(|차|<=0.06) 분기: 2023.4Q,2024.2Q,2024.4Q,2025.2Q,2025.4Q | [추정] 같은 회사가 2Q 공시에서만 어긋나 1-2 가 상반기 누계(업무보고서 산출표), 7-6 이 직전 12개월 창일 가능성 -- 이 파일 원문에는 명시 없음(삼성화재·DB생명·생보 업계 주석이 그렇게 말함)"
KR0029,2023.2Q,25회차,57.87,58.57,-0.70,SOURCE,"원문 1-2 표(회사 지표, MI=인쇄값)와 7-6 채널표가 서로 다름: 두 표 모두 PDF 인쇄 그대로 확인, 1-2 쪽에 유지율 산식 차이 설명 없음 -> 원문 자체 불일치 | 7-6 쪽 토큰 순서 독립 판독이 파서 값과 12/12행 일치 | 같은 회사 일치(|차|<=0.06) 분기: 2023.4Q,2024.2Q,2024.4Q,2025.2Q,2025.4Q | [추정] 같은 회사가 2Q 공시에서만 어긋나 1-2 가 상반기 누계(업무보고서 산출표), 7-6 이 직전 12개월 창일 가능성 -- 이 파일 원문에는 명시 없음(삼성화재·DB생명·생보 업계 주석이 그렇게 말함)"
KR0029,2023.2Q,37회차,50.12,48.78,+1.34,SOURCE,"원문 1-2 표(회사 지표, MI=인쇄값)와 7-6 채널표가 서로 다름: 두 표 모두 PDF 인쇄 그대로 확인, 1-2 쪽에 유지율 산식 차이 설명 없음 -> 원문 자체 불일치 | 7-6 쪽 토큰 순서 독립 판독이 파서 값과 12/12행 일치 | 같은 회사 일치(|차|<=0.06) 분기: 2023.4Q,2024.2Q,2024.4Q,2025.2Q,2025.4Q | [추정] 같은 회사가 2Q 공시에서만 어긋나 1-2 가 상반기 누계(업무보고서 산출표), 7-6 이 직전 12개월 창일 가능성 -- 이 파일 원문에는 명시 없음(삼성화재·DB생명·생보 업계 주석이 그렇게 말함)"
KR0029,2023.2Q,61회차,44.55,42.04,+2.51,SOURCE,"원문 1-2 표(회사 지표, MI=인쇄값)와 7-6 채널표가 서로 다름: 두 표 모두 PDF 인쇄 그대로 확인, 1-2 쪽에 유지율 산식 차이 설명 없음 -> 원문 자체 불일치 | 7-6 쪽 토큰 순서 독립 판독이 파서 값과 12/12행 일치 | 같은 회사 일치(|차|<=0.06) 분기: 2023.4Q,2024.2Q,2024.4Q,2025.2Q,2025.4Q | [추정] 같은 회사가 2Q 공시에서만 어긋나 1-2 가 상반기 누계(업무보고서 산출표), 7-6 이 직전 12개월 창일 가능성 -- 이 파일 원문에는 명시 없음(삼성화재·DB생명·생보 업계 주석이 그렇게 말함)"
KR0050,2023.2Q,13회차,88.34,88.99,-0.65,SOURCE,"원문 1-2 표(회사 지표, MI=인쇄값)와 7-6 채널표가 서로 다름: 두 표 모두 PDF 인쇄 그대로 확인, 1-2 쪽에 유지율 산식 차이 설명 없음 -> 원문 자체 불일치. 7-6(p39) 머리 단위가 `(단위 : 건, %)` 로 인쇄(같은 서식의 불완전판매 표 단위가 복사된 것으로 보이나 금액 행은 2023.4Q 백만원 규모와 같음, 확정 불가) | 7-6 쪽 토큰 순서 독립 판독이 파서 값과 12/12행 일치 | 같은 회사 일치(|차|<=0.06) 분기: 2023.4Q,2024.2Q,2024.4Q,2025.2Q,2025.4Q,2026.2Q | [추정] 같은 회사가 2Q 공시에서만 어긋나 1-2 가 상반기 누계(업무보고서 산출표), 7-6 이 직전 12개월 창일 가능성 -- 이 파일 원문에는 명시 없음(삼성화재·DB생명·생보 업계 주석이 그렇게 말함)"
KR0050,2023.2Q,25회차,78.28,76.12,+2.16,SOURCE,"원문 1-2 표(회사 지표, MI=인쇄값)와 7-6 채널표가 서로 다름: 두 표 모두 PDF 인쇄 그대로 확인, 1-2 쪽에 유지율 산식 차이 설명 없음 -> 원문 자체 불일치. 7-6(p39) 머리 단위가 `(단위 : 건, %)` 로 인쇄(같은 서식의 불완전판매 표 단위가 복사된 것으로 보이나 금액 행은 2023.4Q 백만원 규모와 같음, 확정 불가) | 7-6 쪽 토큰 순서 독립 판독이 파서 값과 12/12행 일치 | 같은 회사 일치(|차|<=0.06) 분기: 2023.4Q,2024.2Q,2024.4Q,2025.2Q,2025.4Q,2026.2Q | [추정] 같은 회사가 2Q 공시에서만 어긋나 1-2 가 상반기 누계(업무보고서 산출표), 7-6 이 직전 12개월 창일 가능성 -- 이 파일 원문에는 명시 없음(삼성화재·DB생명·생보 업계 주석이 그렇게 말함)"
KR0050,2023.2Q,61회차,58.82,57.67,+1.15,SOURCE,"원문 1-2 표(회사 지표, MI=인쇄값)와 7-6 채널표가 서로 다름: 두 표 모두 PDF 인쇄 그대로 확인, 1-2 쪽에 유지율 산식 차이 설명 없음 -> 원문 자체 불일치. 7-6(p39) 머리 단위가 `(단위 : 건, %)` 로 인쇄(같은 서식의 불완전판매 표 단위가 복사된 것으로 보이나 금액 행은 2023.4Q 백만원 규모와 같음, 확정 불가) | 7-6 쪽 토큰 순서 독립 판독이 파서 값과 12/12행 일치 | 같은 회사 일치(|차|<=0.06) 분기: 2023.4Q,2024.2Q,2024.4Q,2025.2Q,2025.4Q,2026.2Q | [추정] 같은 회사가 2Q 공시에서만 어긋나 1-2 가 상반기 누계(업무보고서 산출표), 7-6 이 직전 12개월 창일 가능성 -- 이 파일 원문에는 명시 없음(삼성화재·DB생명·생보 업계 주석이 그렇게 말함)"
KR0051,2024.4Q,13회차,68.11,77.79,-9.68,MI_COLUMN_SHIFT,"원문 1-2(p6, 렌더 확인) 2024년도 열 인쇄: 13회차 68.14 · 25/37회차 '-' · 49회차 81.45 · 61회차 74.91 · 73회차 77.74 · 85회차 77.79. MI(13회차 77.79 · 25회차 43.76 · 37회차 35.36 · 61회차 39.47)는 이 표의 다른 칸을 읽은 값으로 행·열이 밀림(텍스트 순서가 뒤섞인 PDF). 채널합은 인쇄값과 일치. 티켓 20261007T1300Z 에 이 칸(KR0051 2024.4Q)이 빠져 있음 -> 추가 필요 | 이 회차 원문 인쇄 68.14 | 7-6(p61) 텍스트 순서 독립 판독: 유지율 4/4행 일치(13·61회차 설계사 1칸만 값 있음), 금액 4/8행 일치(나머지는 전부 '-' 라 판독 행이 비어 있음)"
KR0051,2024.4Q,61회차,74.89,39.47,+35.42,MI_COLUMN_SHIFT,"원문 1-2(p6, 렌더 확인) 2024년도 열 인쇄: 13회차 68.14 · 25/37회차 '-' · 49회차 81.45 · 61회차 74.91 · 73회차 77.74 · 85회차 77.79. MI(13회차 77.79 · 25회차 43.76 · 37회차 35.36 · 61회차 39.47)는 이 표의 다른 칸을 읽은 값으로 행·열이 밀림(텍스트 순서가 뒤섞인 PDF). 채널합은 인쇄값과 일치. 티켓 20261007T1300Z 에 이 칸(KR0051 2024.4Q)이 빠져 있음 -> 추가 필요 | 이 회차 원문 인쇄 74.91 | 7-6(p61) 텍스트 순서 독립 판독: 유지율 4/4행 일치(13·61회차 설계사 1칸만 값 있음), 금액 4/8행 일치(나머지는 전부 '-' 라 판독 행이 비어 있음)"
KR0051,2025.2Q,13회차,66.76,54.2,+12.56,MI_COLUMN_SHIFT,"원문 1-2(p4, 렌더 확인) 해당분기 열 인쇄: 13회차 66.88 · 25회차 57.04 · 37/49회차 '-' · 61회차 29.82 · 73회차 25.00 · 85회차 18.89. MI 13회차 54.2 는 같은 표의 보험금지급률 칸, 37·49·61회차 -79.8/-45.0/-55.6 은 증감 열 값(행·열 밀림, 티켓 20261007T1300Z 등재분). 채널합은 인쇄값과 |차|<=0.18(소액 반올림) 일치 | 이 회차 원문 인쇄 66.88 | 7-6(p41) 렌더 육안 대조: 13회차 설계사 222/336·다이렉트 9/10, 25회차 설계사 96/168, 61회차 설계사 24/80 이 파서 값과 일치(나머지 칸 '-')"
KR0051,2025.2Q,61회차,30.00,-55.6,+85.60,MI_COLUMN_SHIFT,"원문 1-2(p4, 렌더 확인) 해당분기 열 인쇄: 13회차 66.88 · 25회차 57.04 · 37/49회차 '-' · 61회차 29.82 · 73회차 25.00 · 85회차 18.89. MI 13회차 54.2 는 같은 표의 보험금지급률 칸, 37·49·61회차 -79.8/-45.0/-55.6 은 증감 열 값(행·열 밀림, 티켓 20261007T1300Z 등재분). 채널합은 인쇄값과 |차|<=0.18(소액 반올림) 일치 | 이 회차 원문 인쇄 29.82 | 7-6(p41) 렌더 육안 대조: 13회차 설계사 222/336·다이렉트 9/10, 25회차 설계사 96/168, 61회차 설계사 24/80 이 파서 값과 일치(나머지 칸 '-')"
KR0069,2023.2Q,25회차,68.68,69.34,-0.66,SOURCE,"원문 1-2 표(회사 지표, MI=인쇄값)와 7-6 채널표가 서로 다름: 두 표 모두 PDF 인쇄 그대로 확인, 1-2 쪽에 유지율 산식 차이 설명 없음 -> 원문 자체 불일치 | 7-6 쪽 토큰 순서 독립 판독이 파서 값과 12/12행 일치 | 같은 회사 일치(|차|<=0.06) 분기: 2023.4Q,2024.2Q,2024.4Q,2025.2Q,2025.4Q,2026.2Q | [추정] 같은 회사가 2Q 공시에서만 어긋나 1-2 가 상반기 누계(업무보고서 산출표), 7-6 이 직전 12개월 창일 가능성 -- 이 파일 원문에는 명시 없음(삼성화재·DB생명·생보 업계 주석이 그렇게 말함)"
KR0069,2023.2Q,61회차,44.23,43.46,+0.77,SOURCE,"원문 1-2 표(회사 지표, MI=인쇄값)와 7-6 채널표가 서로 다름: 두 표 모두 PDF 인쇄 그대로 확인, 1-2 쪽에 유지율 산식 차이 설명 없음 -> 원문 자체 불일치 | 7-6 쪽 토큰 순서 독립 판독이 파서 값과 12/12행 일치 | 같은 회사 일치(|차|<=0.06) 분기: 2023.4Q,2024.2Q,2024.4Q,2025.2Q,2025.4Q,2026.2Q | [추정] 같은 회사가 2Q 공시에서만 어긋나 1-2 가 상반기 누계(업무보고서 산출표), 7-6 이 직전 12개월 창일 가능성 -- 이 파일 원문에는 명시 없음(삼성화재·DB생명·생보 업계 주석이 그렇게 말함)"
KR0070,2025.4Q,13회차,99.50,90.55,+8.95,SOURCE,"원문 p95 법인대리점_기타·직영_임직원 13회차에서 유지계약액>대상신계약액 으로 두 금액 행이 뒤바뀌어 인쇄(원문 오기, source_errata.csv 등재). 두 칸을 바꿔 읽으면 합 90.55 = 회사지표 90.55 | 7-6 쪽 토큰 순서 독립 판독이 파서 값과 12/12행 일치 | 같은 회사 일치(|차|<=0.06) 분기: 2023.4Q,2024.2Q,2024.4Q,2025.2Q,2026.2Q"
KR0071,2023.2Q,13회차,72.58,71.96,+0.62,DEFINITION,"흥국생명 2024.2Q 1-2 주석: '계약유지율 : 업무보고서 산출 기준 정비(23년 결산부터 적용)에 따라 해당분기와 전년동기 산정 방식 상이' -> 2023.2Q 1-2 값은 정비 이전 기준으로 산정된 것으로 보임(이 파일 1-2 에는 주석 없음; 1-2 인쇄는 25회차 41.76 < 37회차 56.36 으로 비단조인 반면 7-6 채널합은 52.01 > 47.27 로 단조) | 7-6 쪽 토큰 순서 독립 판독이 파서 값과 12/12행 일치 | 같은 회사 일치(|차|<=0.06) 분기: 2025.2Q,2025.4Q,2026.2Q"
KR0071,2023.2Q,25회차,52.01,41.76,+10.25,DEFINITION,"흥국생명 2024.2Q 1-2 주석: '계약유지율 : 업무보고서 산출 기준 정비(23년 결산부터 적용)에 따라 해당분기와 전년동기 산정 방식 상이' -> 2023.2Q 1-2 값은 정비 이전 기준으로 산정된 것으로 보임(이 파일 1-2 에는 주석 없음; 1-2 인쇄는 25회차 41.76 < 37회차 56.36 으로 비단조인 반면 7-6 채널합은 52.01 > 47.27 로 단조) | 7-6 쪽 토큰 순서 독립 판독이 파서 값과 12/12행 일치 | 같은 회사 일치(|차|<=0.06) 분기: 2025.2Q,2025.4Q,2026.2Q"
KR0071,2023.2Q,37회차,47.27,56.36,-9.09,DEFINITION,"흥국생명 2024.2Q 1-2 주석: '계약유지율 : 업무보고서 산출 기준 정비(23년 결산부터 적용)에 따라 해당분기와 전년동기 산정 방식 상이' -> 2023.2Q 1-2 값은 정비 이전 기준으로 산정된 것으로 보임(이 파일 1-2 에는 주석 없음; 1-2 인쇄는 25회차 41.76 < 37회차 56.36 으로 비단조인 반면 7-6 채널합은 52.01 > 47.27 로 단조) | 7-6 쪽 토큰 순서 독립 판독이 파서 값과 12/12행 일치 | 같은 회사 일치(|차|<=0.06) 분기: 2025.2Q,2025.4Q,2026.2Q"
KR0071,2023.2Q,61회차,31.72,29.71,+2.01,DEFINITION,"흥국생명 2024.2Q 1-2 주석: '계약유지율 : 업무보고서 산출 기준 정비(23년 결산부터 적용)에 따라 해당분기와 전년동기 산정 방식 상이' -> 2023.2Q 1-2 값은 정비 이전 기준으로 산정된 것으로 보임(이 파일 1-2 에는 주석 없음; 1-2 인쇄는 25회차 41.76 < 37회차 56.36 으로 비단조인 반면 7-6 채널합은 52.01 > 47.27 로 단조) | 7-6 쪽 토큰 순서 독립 판독이 파서 값과 12/12행 일치 | 같은 회사 일치(|차|<=0.06) 분기: 2025.2Q,2025.4Q,2026.2Q"
KR0071,2023.4Q,37회차,51.03,48.37,+2.66,SOURCE,"원문 1-2(p4, MI=인쇄값 37회차 48.37 · 61회차 32.38)와 7-8 채널표(p81, 렌더 확인)가 서로 다름: 두 표 모두 PDF 인쇄 그대로. 이 파일 1-2 표에는 유지율 산식·기준 주석이 없다(텍스트층 확인; 있는 것은 신계약률·보험금지급률·신용평가등급 주요변동요인뿐). 같은 회사 2024.2Q 파일 1-2 의 주석('업무보고서 산출 기준 정비(23년 결산부터 적용)에 따라 해당분기와 전년동기 산정 방식 상이')은 2023 결산부터 새 기준이라는 말이라 2023.4Q 의 차이를 설명하지 못한다 -> 이 파일에 기준 차이를 말하는 문장이 없어 SOURCE 로 둠(원인 추정 안 함) | 7-6 쪽 토큰 순서 독립 판독이 파서 값과 12/12행 일치 | 같은 회사 일치(|차|<=0.06) 분기: 2025.2Q,2025.4Q,2026.2Q"
KR0071,2023.4Q,61회차,34.02,32.38,+1.64,SOURCE,"원문 1-2(p4, MI=인쇄값 37회차 48.37 · 61회차 32.38)와 7-8 채널표(p81, 렌더 확인)가 서로 다름: 두 표 모두 PDF 인쇄 그대로. 이 파일 1-2 표에는 유지율 산식·기준 주석이 없다(텍스트층 확인; 있는 것은 신계약률·보험금지급률·신용평가등급 주요변동요인뿐). 같은 회사 2024.2Q 파일 1-2 의 주석('업무보고서 산출 기준 정비(23년 결산부터 적용)에 따라 해당분기와 전년동기 산정 방식 상이')은 2023 결산부터 새 기준이라는 말이라 2023.4Q 의 차이를 설명하지 못한다 -> 이 파일에 기준 차이를 말하는 문장이 없어 SOURCE 로 둠(원인 추정 안 함) | 7-6 쪽 토큰 순서 독립 판독이 파서 값과 12/12행 일치 | 같은 회사 일치(|차|<=0.06) 분기: 2025.2Q,2025.4Q,2026.2Q"
KR0071,2024.2Q,13회차,78.59,83.1,-4.51,DEFINITION,"1-2 주석: '계약유지율 : 업무보고서 산출 기준 정비(23년 결산부터 적용)에 따라 해당분기와 전년동기 산정 방식 상이, 해당분기 대상기간 23.7월~24.6월, 전년동기 대상기간 23.4월~23.6월' -> 1-2 는 업무보고서 산출 기준, 7-6 은 경영공시 채널표 산출 | 7-6 쪽 토큰 순서 독립 판독이 파서 값과 12/12행 일치 | 같은 회사 일치(|차|<=0.06) 분기: 2025.2Q,2025.4Q,2026.2Q"
KR0071,2024.2Q,25회차,48.10,49.09,-0.99,DEFINITION,"1-2 주석: '계약유지율 : 업무보고서 산출 기준 정비(23년 결산부터 적용)에 따라 해당분기와 전년동기 산정 방식 상이, 해당분기 대상기간 23.7월~24.6월, 전년동기 대상기간 23.4월~23.6월' -> 1-2 는 업무보고서 산출 기준, 7-6 은 경영공시 채널표 산출 | 7-6 쪽 토큰 순서 독립 판독이 파서 값과 12/12행 일치 | 같은 회사 일치(|차|<=0.06) 분기: 2025.2Q,2025.4Q,2026.2Q"
KR0071,2024.2Q,37회차,42.89,42.34,+0.55,DEFINITION,"1-2 주석: '계약유지율 : 업무보고서 산출 기준 정비(23년 결산부터 적용)에 따라 해당분기와 전년동기 산정 방식 상이, 해당분기 대상기간 23.7월~24.6월, 전년동기 대상기간 23.4월~23.6월' -> 1-2 는 업무보고서 산출 기준, 7-6 은 경영공시 채널표 산출 | 7-6 쪽 토큰 순서 독립 판독이 파서 값과 12/12행 일치 | 같은 회사 일치(|차|<=0.06) 분기: 2025.2Q,2025.4Q,2026.2Q"
KR0072,2023.2Q,37회차,58.00,56.42,+1.58,DEFINITION,"같은 회사 2024.2Q 1-2 주석: '계약유지율 업무보고서 산출기준 정비(23년 결산부터 적용)에 따라 해당 분기와 전년 동기 산정방식 상이(전년동기 수치 : 23.2Q 경영공시 당시 제출값 사용)' -> 2023.2Q 1-2 값은 정비 이전 기준. 이 파일 1-2 에는 주석 없음 | 7-6 쪽 토큰 순서 독립 판독이 파서 값과 12/12행 일치 | 같은 회사 일치(|차|<=0.06) 분기: 2023.4Q,2024.2Q,2024.4Q,2025.2Q,2025.4Q,2026.2Q"
KR0072,2023.2Q,61회차,43.24,40.5,+2.74,DEFINITION,"같은 회사 2024.2Q 1-2 주석: '계약유지율 업무보고서 산출기준 정비(23년 결산부터 적용)에 따라 해당 분기와 전년 동기 산정방식 상이(전년동기 수치 : 23.2Q 경영공시 당시 제출값 사용)' -> 2023.2Q 1-2 값은 정비 이전 기준. 이 파일 1-2 에는 주석 없음 | 7-6 쪽 토큰 순서 독립 판독이 파서 값과 12/12행 일치 | 같은 회사 일치(|차|<=0.06) 분기: 2023.4Q,2024.2Q,2024.4Q,2025.2Q,2025.4Q,2026.2Q"
KR0075,2025.2Q,13회차,78.97,64.66,+14.31,SOURCE,"원문 1-2(p4, MI=인쇄값 64.66/64.53/28.33/9.33)와 7-6(p55)가 서로 다름: 두 표 모두 인쇄 그대로(7-6 은 렌더 확인, 61회차 방카 `10..00` 은 오타를 항등식으로 보정). 1-2 주석은 '자산연계형 저축보험과 변액보험의 해약증감에 의한 유지율 변동'뿐이고 산식 차이 설명 없음 -> 원문 자체 불일치(1-2 모집단이 7-6 과 다를 가능성) | 7-6 쪽 렌더 육안 대조로 파서 값 일치 확인(칸별 항등식 전부 통과) | 같은 회사 일치(|차|<=0.06) 분기: 2023.4Q,2024.4Q,2025.4Q"
KR0075,2025.2Q,25회차,60.28,64.53,-4.25,SOURCE,"원문 1-2(p4, MI=인쇄값 64.66/64.53/28.33/9.33)와 7-6(p55)가 서로 다름: 두 표 모두 인쇄 그대로(7-6 은 렌더 확인, 61회차 방카 `10..00` 은 오타를 항등식으로 보정). 1-2 주석은 '자산연계형 저축보험과 변액보험의 해약증감에 의한 유지율 변동'뿐이고 산식 차이 설명 없음 -> 원문 자체 불일치(1-2 모집단이 7-6 과 다를 가능성) | 7-6 쪽 렌더 육안 대조로 파서 값 일치 확인(칸별 항등식 전부 통과) | 같은 회사 일치(|차|<=0.06) 분기: 2023.4Q,2024.4Q,2025.4Q"
KR0075,2025.2Q,37회차,31.69,28.33,+3.36,SOURCE,"원문 1-2(p4, MI=인쇄값 64.66/64.53/28.33/9.33)와 7-6(p55)가 서로 다름: 두 표 모두 인쇄 그대로(7-6 은 렌더 확인, 61회차 방카 `10..00` 은 오타를 항등식으로 보정). 1-2 주석은 '자산연계형 저축보험과 변액보험의 해약증감에 의한 유지율 변동'뿐이고 산식 차이 설명 없음 -> 원문 자체 불일치(1-2 모집단이 7-6 과 다를 가능성) | 7-6 쪽 렌더 육안 대조로 파서 값 일치 확인(칸별 항등식 전부 통과) | 같은 회사 일치(|차|<=0.06) 분기: 2023.4Q,2024.4Q,2025.4Q"
KR0075,2025.2Q,61회차,10.30,9.33,+0.97,SOURCE,"원문 1-2(p4, MI=인쇄값 64.66/64.53/28.33/9.33)와 7-6(p55)가 서로 다름: 두 표 모두 인쇄 그대로(7-6 은 렌더 확인, 61회차 방카 `10..00` 은 오타를 항등식으로 보정). 1-2 주석은 '자산연계형 저축보험과 변액보험의 해약증감에 의한 유지율 변동'뿐이고 산식 차이 설명 없음 -> 원문 자체 불일치(1-2 모집단이 7-6 과 다를 가능성) | 7-6 쪽 렌더 육안 대조로 파서 값 일치 확인(칸별 항등식 전부 통과) | 같은 회사 일치(|차|<=0.06) 분기: 2023.4Q,2024.4Q,2025.4Q"
KR0075,2026.2Q,13회차,69.94,69.11,+0.83,SOURCE,"원문 1-2(p4, MI=인쇄값 69.11/39.52/53.52)와 7-6(p55)가 서로 다름: 두 표 모두 인쇄 그대로. 1-2 주석은 '자산연계형 저축보험과 변액보험의 해약증감에 의한 유지율 변동'뿐 -> 원문 자체 불일치. 7-6 25회차(2026.2Q) 대상 169,691 은 2025.2Q 13회차 대상 169,792 와 같은 코호트라 7-6 쪽이 내적으로 일관 | 7-6 쪽 토큰 순서 독립 판독이 파서 값과 12/12행 일치 | 같은 회사 일치(|차|<=0.06) 분기: 2023.4Q,2024.4Q,2025.4Q"
KR0075,2026.2Q,25회차,62.00,39.52,+22.48,SOURCE,"원문 1-2(p4, MI=인쇄값 69.11/39.52/53.52)와 7-6(p55)가 서로 다름: 두 표 모두 인쇄 그대로. 1-2 주석은 '자산연계형 저축보험과 변액보험의 해약증감에 의한 유지율 변동'뿐 -> 원문 자체 불일치. 7-6 25회차(2026.2Q) 대상 169,691 은 2025.2Q 13회차 대상 169,792 와 같은 코호트라 7-6 쪽이 내적으로 일관 | 7-6 쪽 토큰 순서 독립 판독이 파서 값과 12/12행 일치 | 같은 회사 일치(|차|<=0.06) 분기: 2023.4Q,2024.4Q,2025.4Q"
KR0075,2026.2Q,37회차,46.81,53.52,-6.71,SOURCE,"원문 1-2(p4, MI=인쇄값 69.11/39.52/53.52)와 7-6(p55)가 서로 다름: 두 표 모두 인쇄 그대로. 1-2 주석은 '자산연계형 저축보험과 변액보험의 해약증감에 의한 유지율 변동'뿐 -> 원문 자체 불일치. 7-6 25회차(2026.2Q) 대상 169,691 은 2025.2Q 13회차 대상 169,792 와 같은 코호트라 7-6 쪽이 내적으로 일관 | 7-6 쪽 토큰 순서 독립 판독이 파서 값과 12/12행 일치 | 같은 회사 일치(|차|<=0.06) 분기: 2023.4Q,2024.4Q,2025.4Q"
KR0076,2024.4Q,13회차,91.64,-1.27,+92.91,MI_COLUMN_SHIFT,원문 1-2(p4) 인쇄 13/25/37/61회차 = 91.64/67.42/61.33/51.51 이 채널합과 소수 둘째 자리까지 일치. MI(△1.27 · 3.42 · △10.03 · △1.47)는 증감 열을 읽은 값(티켓 20261007T1300Z 등재분) | 이 회차 원문 인쇄 91.64 | 7-6 쪽 토큰 순서 독립 판독이 파서 값과 12/12행 일치
KR0076,2024.4Q,25회차,67.42,3.42,+64.00,MI_COLUMN_SHIFT,원문 1-2(p4) 인쇄 13/25/37/61회차 = 91.64/67.42/61.33/51.51 이 채널합과 소수 둘째 자리까지 일치. MI(△1.27 · 3.42 · △10.03 · △1.47)는 증감 열을 읽은 값(티켓 20261007T1300Z 등재분) | 이 회차 원문 인쇄 67.42 | 7-6 쪽 토큰 순서 독립 판독이 파서 값과 12/12행 일치
KR0076,2024.4Q,37회차,61.33,-10.03,+71.36,MI_COLUMN_SHIFT,원문 1-2(p4) 인쇄 13/25/37/61회차 = 91.64/67.42/61.33/51.51 이 채널합과 소수 둘째 자리까지 일치. MI(△1.27 · 3.42 · △10.03 · △1.47)는 증감 열을 읽은 값(티켓 20261007T1300Z 등재분) | 이 회차 원문 인쇄 61.33 | 7-6 쪽 토큰 순서 독립 판독이 파서 값과 12/12행 일치
KR0076,2024.4Q,61회차,51.51,-1.47,+52.98,MI_COLUMN_SHIFT,원문 1-2(p4) 인쇄 13/25/37/61회차 = 91.64/67.42/61.33/51.51 이 채널합과 소수 둘째 자리까지 일치. MI(△1.27 · 3.42 · △10.03 · △1.47)는 증감 열을 읽은 값(티켓 20261007T1300Z 등재분) | 이 회차 원문 인쇄 51.51 | 7-6 쪽 토큰 순서 독립 판독이 파서 값과 12/12행 일치
KR0076,2026.2Q,25회차,83.41,81.55,+1.86,SOURCE,"원문 p51 25회차 법인대리점_금융기관에서 유지계약액 6,556 > 대상신계약액 4,014 로 두 금액 행이 뒤바뀌어 인쇄(원문 오기, source_errata.csv 등재). 바꿔 읽으면 합 81.55 = 회사지표 81.55 | 7-6 쪽 토큰 순서 독립 판독이 파서 값과 12/12행 일치 | 같은 회사 일치(|차|<=0.06) 분기: 2023.2Q,2023.4Q,2024.2Q,2025.2Q,2025.4Q"
KR0082,2023.2Q,61회차,38.30,39.29,-0.99,DEFINITION,"1-2 주5) '계약유지율 : 업무보고서 AH124(계약유지율) 참조' + <계약유지율 산출표>(산출월 1~12월 전년동월 대상신계약액 A, 그중 산출월 현재 유지계약액 B 의 합계) vs 7-6 '유지계약액 대상 기간 : 22.7.1~23.6.30' -> 산출 기준이 다름. 같은 회사 2024.2Q 주석: '업무보고서 산출기준 정비(23년 결산부터 적용)', 2024.2Q 부터 일치 | 7-6 쪽 토큰 순서 독립 판독이 파서 값과 12/12행 일치 | 같은 회사 일치(|차|<=0.06) 분기: 2023.4Q,2024.2Q,2024.4Q,2025.2Q,2025.4Q,2026.2Q"
KR0099,2024.2Q,13회차,85.98,82.4,+3.58,DEFINITION,"1-2 주석: '계약유지율 업무보고서 산출기준 정비(23년 결산부터 적용)에 따라 해당 분기와 전년 동기 산정방식 상이(전년동기 수치 : 23.2Q 경영공시 당시 제출값 사용)' -> 1-2 는 업무보고서 산출기준, 7-6 은 경영공시 채널표 산출 | 7-6 쪽 독립 판독: 유지율 4/4행 일치(금액 행은 독립 판독이 일부 칸에서 끊겨 칸별 항등식 전부 통과로 갈음) | 같은 회사 일치(|차|<=0.06) 분기: 2023.4Q,2024.4Q,2025.4Q"
KR0099,2024.2Q,25회차,64.29,63.3,+0.99,DEFINITION,"1-2 주석: '계약유지율 업무보고서 산출기준 정비(23년 결산부터 적용)에 따라 해당 분기와 전년 동기 산정방식 상이(전년동기 수치 : 23.2Q 경영공시 당시 제출값 사용)' -> 1-2 는 업무보고서 산출기준, 7-6 은 경영공시 채널표 산출 | 7-6 쪽 독립 판독: 유지율 4/4행 일치(금액 행은 독립 판독이 일부 칸에서 끊겨 칸별 항등식 전부 통과로 갈음) | 같은 회사 일치(|차|<=0.06) 분기: 2023.4Q,2024.4Q,2025.4Q"
KR0099,2024.2Q,61회차,43.47,42.4,+1.07,DEFINITION,"1-2 주석: '계약유지율 업무보고서 산출기준 정비(23년 결산부터 적용)에 따라 해당 분기와 전년 동기 산정방식 상이(전년동기 수치 : 23.2Q 경영공시 당시 제출값 사용)' -> 1-2 는 업무보고서 산출기준, 7-6 은 경영공시 채널표 산출 | 7-6 쪽 독립 판독: 유지율 4/4행 일치(금액 행은 독립 판독이 일부 칸에서 끊겨 칸별 항등식 전부 통과로 갈음) | 같은 회사 일치(|차|<=0.06) 분기: 2023.4Q,2024.4Q,2025.4Q"
KR0099,2025.2Q,13회차,88.85,86.12,+2.73,SOURCE,"원문 1-2(p4, MI=인쇄값)와 7-6(p54)가 서로 다름: 두 표 모두 인쇄 그대로, 이 파일 1-2 에 산식 주석 없음. 같은 회사 2024.2Q 1-2 에는 '업무보고서 산출기준 정비' 주석이 있고 2025.2Q 전년동기 열(91.00 등)이 2024.2Q 당기(82.4 등)와 달라 1-2 가 다시 산정되는 값이나, 이 파일에는 기준을 말하는 문장이 없어 SOURCE 로 둠 | 7-6 쪽 토큰 순서 독립 판독이 파서 값과 12/12행 일치 | 같은 회사 일치(|차|<=0.06) 분기: 2023.4Q,2024.4Q,2025.4Q"
KR0099,2025.2Q,25회차,66.04,74.56,-8.52,SOURCE,"원문 1-2(p4, MI=인쇄값)와 7-6(p54)가 서로 다름: 두 표 모두 인쇄 그대로, 이 파일 1-2 에 산식 주석 없음. 같은 회사 2024.2Q 1-2 에는 '업무보고서 산출기준 정비' 주석이 있고 2025.2Q 전년동기 열(91.00 등)이 2024.2Q 당기(82.4 등)와 달라 1-2 가 다시 산정되는 값이나, 이 파일에는 기준을 말하는 문장이 없어 SOURCE 로 둠 | 7-6 쪽 토큰 순서 독립 판독이 파서 값과 12/12행 일치 | 같은 회사 일치(|차|<=0.06) 분기: 2023.4Q,2024.4Q,2025.4Q"
KR0099,2025.2Q,37회차,49.79,51.79,-2.00,SOURCE,"원문 1-2(p4, MI=인쇄값)와 7-6(p54)가 서로 다름: 두 표 모두 인쇄 그대로, 이 파일 1-2 에 산식 주석 없음. 같은 회사 2024.2Q 1-2 에는 '업무보고서 산출기준 정비' 주석이 있고 2025.2Q 전년동기 열(91.00 등)이 2024.2Q 당기(82.4 등)와 달라 1-2 가 다시 산정되는 값이나, 이 파일에는 기준을 말하는 문장이 없어 SOURCE 로 둠 | 7-6 쪽 토큰 순서 독립 판독이 파서 값과 12/12행 일치 | 같은 회사 일치(|차|<=0.06) 분기: 2023.4Q,2024.4Q,2025.4Q"
KR0099,2025.2Q,61회차,37.28,32.09,+5.19,SOURCE,"원문 1-2(p4, MI=인쇄값)와 7-6(p54)가 서로 다름: 두 표 모두 인쇄 그대로, 이 파일 1-2 에 산식 주석 없음. 같은 회사 2024.2Q 1-2 에는 '업무보고서 산출기준 정비' 주석이 있고 2025.2Q 전년동기 열(91.00 등)이 2024.2Q 당기(82.4 등)와 달라 1-2 가 다시 산정되는 값이나, 이 파일에는 기준을 말하는 문장이 없어 SOURCE 로 둠 | 7-6 쪽 토큰 순서 독립 판독이 파서 값과 12/12행 일치 | 같은 회사 일치(|차|<=0.06) 분기: 2023.4Q,2024.4Q,2025.4Q"
KR0099,2026.2Q,13회차,88.69,90.29,-1.60,SOURCE,"원문 1-2(p4, MI=인쇄값)와 7-6(p54)가 서로 다름: 두 표 모두 인쇄 그대로, 이 파일 1-2 에 산식 주석 없음. 같은 회사 2024.2Q 1-2 주석('업무보고서 산출기준 정비')과 같은 계열 차이로 보이나 이 파일에 명시가 없어 SOURCE 로 둠 | 7-6 쪽 독립 판독: 유지율 4/4행 일치(금액 행은 독립 판독이 일부 칸에서 끊겨 칸별 항등식 전부 통과로 갈음) | 같은 회사 일치(|차|<=0.06) 분기: 2023.4Q,2024.4Q,2025.4Q"
KR0099,2026.2Q,25회차,69.32,61.32,+8.00,SOURCE,"원문 1-2(p4, MI=인쇄값)와 7-6(p54)가 서로 다름: 두 표 모두 인쇄 그대로, 이 파일 1-2 에 산식 주석 없음. 같은 회사 2024.2Q 1-2 주석('업무보고서 산출기준 정비')과 같은 계열 차이로 보이나 이 파일에 명시가 없어 SOURCE 로 둠 | 7-6 쪽 독립 판독: 유지율 4/4행 일치(금액 행은 독립 판독이 일부 칸에서 끊겨 칸별 항등식 전부 통과로 갈음) | 같은 회사 일치(|차|<=0.06) 분기: 2023.4Q,2024.4Q,2025.4Q"
KR0099,2026.2Q,37회차,55.41,65.01,-9.60,SOURCE,"원문 1-2(p4, MI=인쇄값)와 7-6(p54)가 서로 다름: 두 표 모두 인쇄 그대로, 이 파일 1-2 에 산식 주석 없음. 같은 회사 2024.2Q 1-2 주석('업무보고서 산출기준 정비')과 같은 계열 차이로 보이나 이 파일에 명시가 없어 SOURCE 로 둠 | 7-6 쪽 독립 판독: 유지율 4/4행 일치(금액 행은 독립 판독이 일부 칸에서 끊겨 칸별 항등식 전부 통과로 갈음) | 같은 회사 일치(|차|<=0.06) 분기: 2023.4Q,2024.4Q,2025.4Q"
KR0099,2026.2Q,61회차,24.85,23.68,+1.17,SOURCE,"원문 1-2(p4, MI=인쇄값)와 7-6(p54)가 서로 다름: 두 표 모두 인쇄 그대로, 이 파일 1-2 에 산식 주석 없음. 같은 회사 2024.2Q 1-2 주석('업무보고서 산출기준 정비')과 같은 계열 차이로 보이나 이 파일에 명시가 없어 SOURCE 로 둠 | 7-6 쪽 독립 판독: 유지율 4/4행 일치(금액 행은 독립 판독이 일부 칸에서 끊겨 칸별 항등식 전부 통과로 갈음) | 같은 회사 일치(|차|<=0.06) 분기: 2023.4Q,2024.4Q,2025.4Q"
KR1010,2023.2Q,13회차,56.47,71.7,-15.23,DEFINITION,"같은 회사 2024.2Q 1-2 주석: '계약유지율 업무보고서 산출기준 정비(’23년 결산부터 적용)에 따라 해당 분기와 전년 동기 산정방식 상이(전년동기 수치 : ’23.2Q 경영공시 당시 제출값 사용)' -> 2023.2Q 1-2 값은 정비 이전 기준. 이 파일 1-2 주석: '계약유지율 25회차, 73회차는 유지율이 낮은 저축성 상품이 높은 비중'. 7-6 은 방카·다이렉트 두 열만 값이 있어 13회차 차이(-15.23%p)가 큼 -- 정비 전 기준 외의 모집단 차이가 섞였을 수 있음 | 7-6 쪽 토큰 순서 독립 판독이 파서 값과 12/12행 일치 | 같은 회사 일치(|차|<=0.06) 분기: 2023.4Q,2024.2Q,2024.4Q,2025.2Q,2025.4Q,2026.2Q"
KR1010,2023.2Q,25회차,36.04,31.08,+4.96,DEFINITION,"같은 회사 2024.2Q 1-2 주석: '계약유지율 업무보고서 산출기준 정비(’23년 결산부터 적용)에 따라 해당 분기와 전년 동기 산정방식 상이(전년동기 수치 : ’23.2Q 경영공시 당시 제출값 사용)' -> 2023.2Q 1-2 값은 정비 이전 기준. 이 파일 1-2 주석: '계약유지율 25회차, 73회차는 유지율이 낮은 저축성 상품이 높은 비중'. 7-6 은 방카·다이렉트 두 열만 값이 있어 13회차 차이(-15.23%p)가 큼 -- 정비 전 기준 외의 모집단 차이가 섞였을 수 있음 | 7-6 쪽 토큰 순서 독립 판독이 파서 값과 12/12행 일치 | 같은 회사 일치(|차|<=0.06) 분기: 2023.4Q,2024.2Q,2024.4Q,2025.2Q,2025.4Q,2026.2Q"
KR1010,2023.2Q,37회차,54.10,60.78,-6.68,DEFINITION,"같은 회사 2024.2Q 1-2 주석: '계약유지율 업무보고서 산출기준 정비(’23년 결산부터 적용)에 따라 해당 분기와 전년 동기 산정방식 상이(전년동기 수치 : ’23.2Q 경영공시 당시 제출값 사용)' -> 2023.2Q 1-2 값은 정비 이전 기준. 이 파일 1-2 주석: '계약유지율 25회차, 73회차는 유지율이 낮은 저축성 상품이 높은 비중'. 7-6 은 방카·다이렉트 두 열만 값이 있어 13회차 차이(-15.23%p)가 큼 -- 정비 전 기준 외의 모집단 차이가 섞였을 수 있음 | 7-6 쪽 토큰 순서 독립 판독이 파서 값과 12/12행 일치 | 같은 회사 일치(|차|<=0.06) 분기: 2023.4Q,2024.2Q,2024.4Q,2025.2Q,2025.4Q,2026.2Q"
KR1010,2023.2Q,61회차,44.12,50.44,-6.32,DEFINITION,"같은 회사 2024.2Q 1-2 주석: '계약유지율 업무보고서 산출기준 정비(’23년 결산부터 적용)에 따라 해당 분기와 전년 동기 산정방식 상이(전년동기 수치 : ’23.2Q 경영공시 당시 제출값 사용)' -> 2023.2Q 1-2 값은 정비 이전 기준. 이 파일 1-2 주석: '계약유지율 25회차, 73회차는 유지율이 낮은 저축성 상품이 높은 비중'. 7-6 은 방카·다이렉트 두 열만 값이 있어 13회차 차이(-15.23%p)가 큼 -- 정비 전 기준 외의 모집단 차이가 섞였을 수 있음 | 7-6 쪽 토큰 순서 독립 판독이 파서 값과 12/12행 일치 | 같은 회사 일치(|차|<=0.06) 분기: 2023.4Q,2024.2Q,2024.4Q,2025.2Q,2025.4Q,2026.2Q"
KR1098,2025.2Q,13회차,76.42,75.92,+0.50,SOURCE,"다이렉트 1열만 값이 있고 금액이 백만원 단위 소액(유지 94 / 대상 123): 인쇄 유지율 75.92(=MI)는 금액비 76.42 와 금액 반올림 허용구간(75.71~77.14) 안 -> 금액 반올림 한계(실질 불일치 아님) | 7-6(p43) 독립 판독: 금액 8/8행 일치, 칸별 항등식 통과 | 같은 회사 일치(|차|<=0.06) 분기: 2025.4Q,2026.2Q"
