원보험사코드,공시분기,회차,채널,유형,근거
KR0011,2025.4Q,13,직영_임직원,RATE_INCONSISTENT,"원문 p99 렌더 확인: 인쇄 그대로(유지율 76.09 / 유지계약액 202 / 대상신계약액 365). 금액비는 55.34. 같은 열의 25·37·61회차는 항등식을 통과해 열 밀림이 아니다. 유지율 76.09 은 대상신계약액이 약 265~266 일 때 성립해 365 의 오기 가능성이 있으나 원문만으로 확정 불가 -> 인쇄값 유지. 13회차 회사합은 MI 와 일치(88.83 vs 88.83, 소액이라 판별력 없음)."
KR0070,2025.4Q,13,법인대리점_기타,AMOUNT_ROWS_SWAPPED,"원문 p95 렌더 확인: 유지계약액 199,441 > 대상신계약액 175,269 로 인쇄(유지율 87.88). 두 행 값을 바꿔 읽으면 87.88 로 인쇄 유지율과 일치(반올림 구간 포함)하고 13회차 회사합도 90.55 로 MI 90.55 와 일치한다(미적용 99.50). 같은 쪽 나머지 칸은 항등식을 통과해 열 밀림이 아니다 -> 원문이 두 행 값을 바꿔 인쇄한 오기, 인쇄값 유지."
KR0070,2025.4Q,13,직영_임직원,AMOUNT_ROWS_SWAPPED,"원문 p95 렌더 확인: 유지계약액 566 > 대상신계약액 560 로 인쇄(유지율 98.89). 두 행 값을 바꿔 읽으면 98.94 로 인쇄 유지율과 일치(반올림 구간 포함)하고 13회차 회사합도 90.55 로 MI 90.55 와 일치한다(미적용 99.50). 같은 쪽 나머지 칸은 항등식을 통과해 열 밀림이 아니다 -> 원문이 두 행 값을 바꿔 인쇄한 오기, 인쇄값 유지."
KR0076,2026.2Q,25,법인대리점_금융기관,AMOUNT_ROWS_SWAPPED,"원문 p51 렌더 확인: 유지계약액 6,556 > 대상신계약액 4,014 로 인쇄(유지율 61.22). 바꿔 읽으면 61.23 로 인쇄 유지율과 일치하고 25회차 회사합도 81.55 로 MI 81.55 와 일치한다(미적용 83.41) -> 두 행 값이 바뀐 원문 오기, 인쇄값 유지."
KR0076,2026.2Q,61,기타,RATE_INCONSISTENT,"원문 p51 렌더 확인: 유지율 46.13 이 인쇄돼 있으나 금액 13/22 의 비는 59.09. 46.13 은 회사 전체 61회차 유지율(MI 46.13, 채널합 46.12)과 같은 값이라 원문이 이 칸에 회사 합계를 넣은 것으로 보인다. 금액이 소액이라 어느 쪽이 맞는지 원문만으로 확정 불가 -> 인쇄값 유지."
KR0080,2023.4Q,61,법인대리점_금융기관,AMOUNT_INCONSISTENT,"원문 p66 렌더 확인: 인쇄 유지율 38.8 / 유지계약액 10,245 / 대상신계약액 63,244 (금액비 16.20). 61회차의 나머지 6칸은 항등식을 통과하고 8칸 금액 합 39.83 = MI 39.83. 인쇄 유지율과 대상신계약액으로 역산한 유지계약액은 방카 24,539·TM 2,952(합 27,491)인데 원문 인쇄는 10,245·17,227(합 27,472)라 두 칸 유지계약액이 원문에서 서로 잘못 배분됐을 가능성이 크나 원문만으로 확정 불가 -> 인쇄값 유지."
KR0080,2023.4Q,61,법인대리점_TM,AMOUNT_INCONSISTENT,"원문 p66 렌더 확인: 인쇄 유지율 31.1 / 유지계약액 17,227 / 대상신계약액 9,492 (금액비 181.49). 61회차의 나머지 6칸은 항등식을 통과하고 8칸 금액 합 39.83 = MI 39.83. 인쇄 유지율과 대상신계약액으로 역산한 유지계약액은 방카 24,539·TM 2,952(합 27,491)인데 원문 인쇄는 10,245·17,227(합 27,472)라 두 칸 유지계약액이 원문에서 서로 잘못 배분됐을 가능성이 크나 원문만으로 확정 불가 -> 인쇄값 유지."
KR0097,2025.4Q,25,직영_다이렉트,RATE_INCONSISTENT,"원문 p98 렌더 확인: 인쇄 유지율 45.0 / 유지계약액 341.9 / 대상신계약액 756.0. 금액비는 45.22 라 소수 1자리 인쇄면 45.2 여야 한다(편차 -0.22%p). 같은 쪽 나머지 칸은 항등식을 통과해 열 밀림이 아니다 -> 원문 인쇄 불일치, 인쇄값 유지."
KR0104,2023.4Q,25,직영_복합,RATE_INCONSISTENT,"원문 p61 렌더 확인: 인쇄 유지율 78.81 / 유지계약액 4,678 / 대상신계약액 5,943. 금액비는 78.71 이고 백만원 반올림 구간(78.70~78.73) 밖이다. 같은 쪽 나머지 칸은 항등식을 통과해 열 밀림이 아니다 -> 원문 인쇄 불일치(어느 값이 틀렸는지 확정 불가), 인쇄값 유지."
KR0104,2023.4Q,37,직영_복합,RATE_INCONSISTENT,"원문 p61 렌더 확인: 인쇄 유지율 73.62 / 유지계약액 4,645 / 대상신계약액 6,321. 금액비는 73.49 이고 백만원 반올림 구간(73.47~73.50) 밖이다. 같은 쪽 나머지 칸은 항등식을 통과해 열 밀림이 아니다 -> 원문 인쇄 불일치(어느 값이 틀렸는지 확정 불가), 인쇄값 유지."
KR0104,2023.4Q,61,설계사,RATE_INCONSISTENT,"원문 p61 렌더 확인: 61회차 유지율 행이 금액과 6칸 모두 안 맞는다(이 칸 인쇄 47.4 vs 금액비 41.10). R·유지계약액·대상신계약액이 같은 열 x 좌표에 있어 열 밀림이 아니고, 금액 합 49.36 = MI 49.36 이므로 금액이 맞고 인쇄된 61회차 유지율 행이 틀린 것으로 본다 -> 인쇄값 유지."
KR0104,2023.4Q,61,법인대리점_금융기관,RATE_INCONSISTENT,"원문 p61 렌더 확인: 61회차 유지율 행이 금액과 6칸 모두 안 맞는다(이 칸 인쇄 69.29 vs 금액비 52.71). R·유지계약액·대상신계약액이 같은 열 x 좌표에 있어 열 밀림이 아니고, 금액 합 49.36 = MI 49.36 이므로 금액이 맞고 인쇄된 61회차 유지율 행이 틀린 것으로 본다 -> 인쇄값 유지."
KR0104,2023.4Q,61,법인대리점_홈쇼핑,RATE_INCONSISTENT,"원문 p61 렌더 확인: 61회차 유지율 행이 금액과 6칸 모두 안 맞는다(이 칸 인쇄 24.88 vs 금액비 28.27). R·유지계약액·대상신계약액이 같은 열 x 좌표에 있어 열 밀림이 아니고, 금액 합 49.36 = MI 49.36 이므로 금액이 맞고 인쇄된 61회차 유지율 행이 틀린 것으로 본다 -> 인쇄값 유지."
KR0104,2023.4Q,61,법인대리점_기타,RATE_INCONSISTENT,"원문 p61 렌더 확인: 61회차 유지율 행이 금액과 6칸 모두 안 맞는다(이 칸 인쇄 50.95 vs 금액비 42.69). R·유지계약액·대상신계약액이 같은 열 x 좌표에 있어 열 밀림이 아니고, 금액 합 49.36 = MI 49.36 이므로 금액이 맞고 인쇄된 61회차 유지율 행이 틀린 것으로 본다 -> 인쇄값 유지."
KR0104,2023.4Q,61,직영_복합,RATE_INCONSISTENT,"원문 p61 렌더 확인: 61회차 유지율 행이 금액과 6칸 모두 안 맞는다(이 칸 인쇄 58.67 vs 금액비 63.18). R·유지계약액·대상신계약액이 같은 열 x 좌표에 있어 열 밀림이 아니고, 금액 합 49.36 = MI 49.36 이므로 금액이 맞고 인쇄된 61회차 유지율 행이 틀린 것으로 본다 -> 인쇄값 유지."
KR0104,2023.4Q,61,직영_다이렉트,RATE_INCONSISTENT,"원문 p61 렌더 확인: 61회차 유지율 행이 금액과 6칸 모두 안 맞는다(이 칸 인쇄 46.79 vs 금액비 64.16). R·유지계약액·대상신계약액이 같은 열 x 좌표에 있어 열 밀림이 아니고, 금액 합 49.36 = MI 49.36 이므로 금액이 맞고 인쇄된 61회차 유지율 행이 틀린 것으로 본다 -> 인쇄값 유지."
KR0097,2024.4Q,37,설계사,RATE_INCONSISTENT,"원문 p88(스캔본, 450dpi 셀 렌더 + 좌측 반쪽 렌더로 확인) 인쇄 그대로: 유지율 61.0 / 유지계약액 1,372.8 / 대상신계약액 2,253.6. 금액비는 60.92 라 소수 1자리 인쇄면 60.9 여야 하고 금액 반올림 구간(±0.05, 60.91~60.92)에서도 0.08%p 벗어난다. 같은 열의 13·25·61회차(91.7·71.7·58.6)와 같은 쪽 나머지 칸은 항등식을 통과해 열 밀림이 아니다. 설계사 금액(2,253.6)이 회사 37회차 대상신계약액의 약 1.5% 라 회사합 대조로는 어느 값이 틀렸는지 가릴 수 없다 -> 원문 인쇄 불일치(어느 값이 틀렸는지 확정 불가), 인쇄값 유지."
KR0004,2026.2Q,*,*,UNIT_SCALE_MISPRINT,"원문 p57(인쇄 쪽번호 55) 7-6-3) 유지율 현황 표 머리가 '(단위 : 백만원, %)' 인데 금액이 같은 회사 직전 분기들의 약 1/1000 규모로 인쇄돼 있다(렌더 확인, 우리 값 = 인쇄 값; 같은 PDF 의 7-6-1·7-6-2 표 머리 '(단위 : 건, %)' 는 정상). 같은 채널 대상신계약액 비교: 61회차 법인대리점_기타 2025.2Q 82,949 · 2025.4Q 96,633 -> 2026.2Q 94.18, 61회차 TM 35,319 · 43,101 -> 36.38, 61회차 직영_임직원 1,683 · 2,780 -> 3.24. 회사 다른 6개 분기 Σ대상신계약액 중앙값 410,082.5 대비 이 분기 298.58 = 0.0007배(규모 검사). 13회차 설계사 0.80/1.13 = 70.80 인데 인쇄 유지율은 70.88 이라 회사가 더 정밀한 금액으로 율을 낸 뒤 금액만 십억원 단위(백만원의 1/1000)로 찍은 것으로 추정. 유지율 열은 영향 없음(항등식·회사합 대조 통과). 금액을 x1000 으로 바꾸지 않고 인쇄값 그대로 두며 마스터 플래그 `단위오기추정` 으로만 알린다."
KR0071,2023.2Q,*,*,AMOUNT_BASIS_DIFFERS,"원문 p44 7-8 유지율 표 머리 '(단위 : 백만원. %)' 인쇄 그대로(텍스트층 확인, 2023.4Q p81 은 렌더로도 확인). Σ대상신계약액이 이후 분기(2024.4Q~2026.2Q 125만~154만)의 약 1/11 규모(규모 검사: 같은 회사 다른 분기 중앙값 대비 0.09배). 코호트 대조(설계사): 2023.4Q 13회차 대상 4,094 -> 2024.4Q 25회차 49,112 (x11.996). 표 주석 '대상신계약액 대상 기간 : 산출월 기준 각 회차별 이전년도 동월 신계약액' 이 있어 산출 기준 차이로 보이나(같은 주석이 이후 분기에도 있어 원문에 직접 명시된 것은 아님) 단위 오기라는 증거는 없다. 유지율 열은 항등식을 통과해 영향 없음. 값은 인쇄 그대로, 금액 열은 분기 간 비교·합산 금지(마스터 플래그 `금액기준상이`)."
KR0071,2023.4Q,*,*,AMOUNT_BASIS_DIFFERS,"원문 p81 7-8 유지율 표 머리 '(단위 : 백만원. %)' 인쇄 그대로(텍스트층 확인, 2023.4Q p81 은 렌더로도 확인). Σ대상신계약액이 이후 분기(2024.4Q~2026.2Q 125만~154만)의 약 1/11 규모(규모 검사: 같은 회사 다른 분기 중앙값 대비 0.09배). 코호트 대조(설계사): 2023.4Q 13회차 대상 4,094 -> 2024.4Q 25회차 49,112 (x11.996). 표 주석 '대상신계약액 대상 기간 : 산출월 기준 각 회차별 이전년도 동월 신계약액' 이 있어 산출 기준 차이로 보이나(같은 주석이 이후 분기에도 있어 원문에 직접 명시된 것은 아님) 단위 오기라는 증거는 없다. 유지율 열은 항등식을 통과해 영향 없음. 값은 인쇄 그대로, 금액 열은 분기 간 비교·합산 금지(마스터 플래그 `금액기준상이`)."
KR0071,2024.2Q,*,*,AMOUNT_BASIS_DIFFERS,"원문 p50 7-8 유지율 표 머리 '(단위 : 백만원. %)' 인쇄 그대로(텍스트층 확인, 2023.4Q p81 은 렌더로도 확인). Σ대상신계약액이 이후 분기(2024.4Q~2026.2Q 125만~154만)의 약 1/11 규모(규모 검사: 같은 회사 다른 분기 중앙값 대비 0.09배). 코호트 대조(설계사): 2023.4Q 13회차 대상 4,094 -> 2024.4Q 25회차 49,112 (x11.996). 표 주석 '대상신계약액 대상 기간 : 산출월 기준 각 회차별 이전년도 동월 신계약액' 이 있어 산출 기준 차이로 보이나(같은 주석이 이후 분기에도 있어 원문에 직접 명시된 것은 아님) 단위 오기라는 증거는 없다. 유지율 열은 항등식을 통과해 영향 없음. 값은 인쇄 그대로, 금액 열은 분기 간 비교·합산 금지(마스터 플래그 `금액기준상이`)."
