원보험사코드,원수사명,공시분기,표,상태,쪽,셀수,값있는셀수,근거
KR0010,KB손해보험,2024.1Q,C,ABSENT_IN_SOURCE,"2,20",0,0,"1Q/3Q 분기공시 축약본이라 표 C(6-3-3 가격설정 합산비율)가 없다. 파일 KR0010_KB손해보험_amended.pdf 25쪽, 텍스트층 거의 없음(스캔). 목차(PDF p2)의 Ⅵ 위험관리 18p ~ Ⅶ 기타 일반현황 19p 사이는 한 쪽(PDF p20 = 인쇄 p18)뿐이고, 그 쪽은 6-1 비례성원칙 적용에 관한 사항(개요·적용 내역·세부 현황·관리방법)만 담는다 — 6-2 이하 위험 절과 6-3-3 가격설정 절이 없다. 25쪽 전체를 70dpi 접촉시트 2장으로 렌더해 Ⅰ 주요 경영현황 ~ Ⅷ 재무제표(첨부 참조 문구) 전 쪽을 확인했고 합산비율·손해율·사업비율 표는 어디에도 없다. 같은 회사 2023.1Q·2023.3Q 도 census 에서 텍스트로 ABSENT, 2Q·4Q 공시(2023.2Q~2025.4Q)에는 표가 있다."
KR0010,KB손해보험,2024.3Q,C,ABSENT_IN_SOURCE,"2,18",0,0,"1Q/3Q 분기공시 축약본이라 표 C(6-3-3 가격설정 합산비율)가 없다. 파일 KR0010_KB손해보험_amended.pdf 23쪽, 텍스트층 거의 없음(스캔). 목차(PDF p2)의 Ⅵ 위험관리 16p ~ Ⅶ 기타 일반현황 17p 사이는 한 쪽(PDF p18 = 인쇄 p16)뿐이고, 그 쪽은 6-1 비례성원칙 적용에 관한 사항(개요·적용 내역·세부 현황·관리방법)만 담는다 — 6-2 이하 위험 절과 6-3-3 가격설정 절이 없다. 23쪽 전체를 70dpi 접촉시트 2장으로 렌더해 Ⅰ 주요 경영현황 ~ Ⅷ 재무제표(첨부 참조 문구) 전 쪽을 확인했고 합산비율·손해율·사업비율 표는 어디에도 없다. 같은 회사 2023.1Q·2023.3Q 도 census 에서 텍스트로 ABSENT, 2Q·4Q 공시(2023.2Q~2025.4Q)에는 표가 있다."
KR0010,KB손해보험,2025.1Q,C,ABSENT_IN_SOURCE,"2,21",0,0,"1Q/3Q 분기공시 축약본이라 표 C(6-3-3 가격설정 합산비율)가 없다. 파일 KR0010_KB손해보험.pdf 26쪽, 텍스트층 거의 없음(스캔). 목차(PDF p2)의 Ⅵ 위험관리 19p ~ Ⅶ 기타 일반현황 20p 사이는 한 쪽(PDF p21 = 인쇄 p19)뿐이고, 그 쪽은 6-1 비례성원칙 적용에 관한 사항(개요·적용 내역·세부 현황·관리방법)만 담는다 — 6-2 이하 위험 절과 6-3-3 가격설정 절이 없다. 26쪽 전체를 70dpi 접촉시트 2장으로 렌더해 Ⅰ 주요 경영현황 ~ Ⅷ 재무제표(첨부 참조 문구) 전 쪽을 확인했고 합산비율·손해율·사업비율 표는 어디에도 없다. 같은 회사 2023.1Q·2023.3Q 도 census 에서 텍스트로 ABSENT, 2Q·4Q 공시(2023.2Q~2025.4Q)에는 표가 있다."
KR0010,KB손해보험,2025.3Q,C,ABSENT_IN_SOURCE,"2,21",0,0,"1Q/3Q 분기공시 축약본이라 표 C(6-3-3 가격설정 합산비율)가 없다. 파일 KR0010_KB손해보험.pdf 26쪽, 텍스트층 거의 없음(스캔). 목차(PDF p2)의 Ⅵ 위험관리 19p ~ Ⅶ 기타 일반현황 20p 사이는 한 쪽(PDF p21 = 인쇄 p19)뿐이고, 그 쪽은 6-1 비례성원칙 적용에 관한 사항(개요·적용 내역·세부 현황·관리방법)만 담는다 — 6-2 이하 위험 절과 6-3-3 가격설정 절이 없다. 26쪽 전체를 70dpi 접촉시트 2장으로 렌더해 Ⅰ 주요 경영현황 ~ Ⅷ 재무제표(첨부 참조 문구) 전 쪽을 확인했고 합산비율·손해율·사업비율 표는 어디에도 없다. 같은 회사 2023.1Q·2023.3Q 도 census 에서 텍스트로 ABSENT, 2Q·4Q 공시(2023.2Q~2025.4Q)에는 표가 있다."
KR0010,KB손해보험,2026.1Q,C,ABSENT_IN_SOURCE,"2,22",0,0,"1Q/3Q 분기공시 축약본이라 표 C(6-3-3 가격설정 합산비율)가 없다. 파일 KR0010_KB손해보험.pdf 27쪽, 텍스트층 거의 없음(스캔). 목차(PDF p2)의 Ⅵ 위험관리 20p ~ Ⅶ 기타 일반현황 21p 사이는 한 쪽(PDF p22 = 인쇄 p20)뿐이고, 그 쪽은 6-1 비례성원칙 적용에 관한 사항(개요·적용 내역·세부 현황·관리방법)만 담는다 — 6-2 이하 위험 절과 6-3-3 가격설정 절이 없다. 27쪽 전체를 70dpi 접촉시트 2장으로 렌더해 Ⅰ 주요 경영현황 ~ Ⅷ 재무제표(첨부 참조 문구) 전 쪽을 확인했고 합산비율·손해율·사업비율 표는 어디에도 없다(p7·p9 는 텍스트층이 있는 쪽이나 2-4 보험부채 현황·3-2 유가증권 표이고 합산비율과 무관). 같은 회사 2023.1Q·2023.3Q 도 census 에서 텍스트로 ABSENT, 2Q·4Q 공시(2023.2Q~2025.4Q)에는 표가 있다."
KR0010,KB손해보험,2026.2Q,C,FILLED,32,36,36,"6-3-3) 가격설정(pricing)의 적정성 (PDF p32 = 인쇄 p30; 이 쪽 텍스트층 0자(64쪽 전부 100자 미만의 스캔본)라 렌더 판독, 130dpi 전체쪽 + 300dpi 표 확대). 표 구조: 행 = 일반·자동차 × 손해율·사업비율·합산비율(장기·합계 행 없음), 열 = 2023 · 2024 · 2025 · '2026 (6 월누적)' 과 그 오른쪽 1~4 분기. 3 분기·4 분기 열은 인쇄 공란(미도래 분기, 12칸) 이라 행으로 적재하지 않았다. 단위 표기는 표에 없으나 %(합산비율 정의 서술). 열 라벨은 같은 회사 2025.4Q(V2b)와 같은 규칙('2025 (12월누적)' 형)으로 '2026 (6월누적)'·'2026 1분기' 로 적었다. docling MD(OCR, 6-3-3 절)는 36칸 중 6칸이 달라(숫자 오독 3: 일반 2025 손해율 85.21·2024 사업비율 56.85·1분기 손해율 95.21, 공란 3) 값으로 쓰지 않고 쪽 위치 힌트로만 썼다. 표 위 서술문(2025년 대비 2026년 2분기 누적 증감)도 표 값으로 재현된다: 일반보험 -5.25/-1.35/-6.60%p 는 표의 6월누적 열과 2025 열 차이로 정확히 일치하고, 자동차보험 -1.31/+0.04/-1.26%p 는 2025 열이 아니라 1분기 열과 6월누적 열의 차이(-1.30/+0.05/-1.27, 반올림 ±0.01)에 가깝다 — 발행사 서술이 비교 열을 잘못 잡은 것으로 보이며 표 값 판독과는 무관. 검산: 합산=손해율+사업비율 12/12 통과(최대 |차이| 0.01, 원문 반올림 수준); 같은 회사 2025.4Q(V2b 판독)의 2023·2024·2025 열 18칸과 18칸 동일(차이 0); docling MD(OCR)와는 36칸 중 30칸 동일, 숫자 오독 3·공란 3(MD 는 값으로 쓰지 않음)."
KR0079,미래에셋생명보험,2023.4Q,A,ABSENT_IN_SOURCE,"2,26,43-45",0,0,"2023 결산 공시에는 표 A(① 보험금 예실차비율)가 없다. 파일 KR0079_미래에셋생명_amended.pdf 510쪽: 본문 인쇄 114쪽(PDF p1-114) + 별첨 감사보고서 p115-125 + 텍스트층 사본 p126-510. 본문은 스캔이라 전 쪽(p1-126)을 60~80dpi 접촉시트 11장으로 렌더해 눈으로 확인했다. 목차(p2)는 Ⅰ 주요 경영현황 요약·Ⅱ 일반 현황·Ⅲ 경영 실적·Ⅳ 재무 상황·Ⅴ 경영 지표·Ⅵ 위험 관리·Ⅶ 기타 일반현황·Ⅷ 재무제표·Ⅸ 기타 9개 장이고, 어디에도 최적가정·보험금 예실차비율·위험보험료 대비 예상보험금 절이 없다: Ⅳ 재무 상황은 4-1~4-10(4-5 보험계약부채 및 자산 현황은 p26 의 잔액표 1개), Ⅵ 위험 관리는 6-1~6-7(6-2 생명·장기손해보험위험 관리 p43-45), Ⅶ 은 7-1~7-13, Ⅷ 은 8-1~8-7(회계정책 주석 포함). 텍스트층 사본(p126-510)에서 '예실차·예상보험금·최적가정' 은 0회, '위험보험료' 는 8개 쪽(p142·182·254·255·324·371·451·452)에 걸리나 전부 주석의 IFRS17 가정·재보험 서술문 또는 가정 산출근거 문구다(①②표 아님). 같은 회사 2024.4Q 결산 공시에서 처음 ①② 표가 나온다(그 공시는 2024년 행/블록만 인쇄, census). 다른 결산 공시들도 2023.4Q 는 전 사 ABSENT(①② 표는 2024.4Q 결산본부터 신설)."
KR0079,미래에셋생명보험,2023.4Q,B,ABSENT_IN_SOURCE,"2,26,43-45",0,0,"2023 결산 공시에는 표 B(② 위험보험료 대비 예상보험금)가 없다. 파일 KR0079_미래에셋생명_amended.pdf 510쪽: 본문 인쇄 114쪽(PDF p1-114) + 별첨 감사보고서 p115-125 + 텍스트층 사본 p126-510. 본문은 스캔이라 전 쪽(p1-126)을 60~80dpi 접촉시트 11장으로 렌더해 눈으로 확인했다. 목차(p2)는 Ⅰ 주요 경영현황 요약·Ⅱ 일반 현황·Ⅲ 경영 실적·Ⅳ 재무 상황·Ⅴ 경영 지표·Ⅵ 위험 관리·Ⅶ 기타 일반현황·Ⅷ 재무제표·Ⅸ 기타 9개 장이고, 어디에도 최적가정·보험금 예실차비율·위험보험료 대비 예상보험금 절이 없다: Ⅳ 재무 상황은 4-1~4-10(4-5 보험계약부채 및 자산 현황은 p26 의 잔액표 1개), Ⅵ 위험 관리는 6-1~6-7(6-2 생명·장기손해보험위험 관리 p43-45), Ⅶ 은 7-1~7-13, Ⅷ 은 8-1~8-7(회계정책 주석 포함). 텍스트층 사본(p126-510)에서 '예실차·예상보험금·최적가정' 은 0회, '위험보험료' 는 8개 쪽(p142·182·254·255·324·371·451·452)에 걸리나 전부 주석의 IFRS17 가정·재보험 서술문 또는 가정 산출근거 문구다(①②표 아님). 같은 회사 2024.4Q 결산 공시에서 처음 ①② 표가 나온다(그 공시는 2024년 행/블록만 인쇄, census). 다른 결산 공시들도 2023.4Q 는 전 사 ABSENT(①② 표는 2024.4Q 결산본부터 신설)."
KR0080,에이아이에이생명보험,2024.4Q,B-전년블록(2023),ABSENT_IN_SOURCE,"31,35,36,40",0,0,"표 B <2023년> 전년 블록은 이 공시에 인쇄돼 있지 않다(스캔 렌더 판독, p35 110·240dpi). p35 하단: ②표 <2024 년> 블록이 '주 1·주 2' 각주로 끝난 뒤 '<2023 년>' 캡션이 있고, 그 아래 한 줄 '*해당 내용은 올해부터 공시 대상에 포함되어, 전년 동기 수치는 생략하였음.' 뿐이며 표가 없다. p36 은 곧바로 ③ 예정유지비 대비 예상유지비 등(<2024 년>)으로 넘어가고, ③ 도 p40 하단에 '<2023 년>' + 같은 문구로 끝난다. 표 A(p31)의 2023 년 행도 세 칸 전부 빗금이고 같은 문구가 달려 있다(V2a 가 null 로 적재). 같은 PDF 의 텍스트층 영역(p113-421)에서 '위험보험료·예상보험금·예실차·최적가정' 을 검색하면 8개 쪽(p174·175·211·213·333·334·370·372)이 걸리나 전부 주석 서술문(IFRS17 가정 설명·CSM 변동표·보험수익표)이고 ②표 사본은 없다; p422-475 는 감사보고서 이미지(재무상태표·지급여력). 2023.4Q 결산 공시(402쪽) 자체에는 ①② 표가 없고(census 전 쪽 키워드 0건), 같은 회사 2025.4Q 공시는 <2025년>·<2024년> 두 블록만 인쇄하므로 2023 결산(공시분기 2023.4Q) 값의 원천은 어디에도 없다. 값을 만들지 않는다."
KR1098,카카오페이손해보험,2024.3Q,C,ABSENT_IN_SOURCE,"2,14",0,0,"3/4분기 분기공시 축약본이라 표 C(합산비율)가 없다. 파일 KR1098_카카오페이손해보험.pdf 19쪽, 텍스트층 0자(스캔). 목차(PDF p2)는 Ⅰ 주요 경영현황 요약 ~ Ⅷ 재무제표 장 제목만 있고 쪽 번호는 없다. 19쪽 전체를 70dpi 접촉시트 2장으로 렌더해 확인: Ⅵ 위험관리는 p14 한 쪽이며 6-1 비례성원칙 개요와 6-2 적용 내용('당분기 비례성원칙을 적용하고 있는 항목은 없습니다')뿐이고, 다음 쪽(p15)이 곧바로 Ⅶ 기타 일반현황이다. 가격설정(pricing)·합산비율·손해율·사업비율 표는 어느 쪽에도 없다. 같은 회사 홀수분기(2023.1Q·2023.3Q·2024.1Q·2025.1Q·2025.3Q·2026.1Q)도 census 에서 텍스트로 ABSENT, 합산비율 표는 2023.4Q 이후의 2Q·4Q 공시(2023.4Q 텍스트, 2024.2Q·2024.4Q vision, 2025.2Q·2025.4Q·2026.2Q 텍스트)에만 있다(2023.2Q 는 표 없음)."
