stamp,RED,YELLOW,GREEN,SKIP,ERROR,findings,buckets,source
20260616T003835Z,24,512,4290,1600,0,6426,459,C:\Users\sangwook.cho\Desktop\insurequant\kics_disclosure.json
20260616T003854Z,24,512,4290,1600,0,6426,459,C:\Users\sangwook.cho\Desktop\insurequant\kics_disclosure.json
20260616T004213Z,19,512,4290,1605,0,6426,459,C:\Users\sangwook.cho\Desktop\insurequant\kics_disclosure.json
20260616T004249Z,19,512,4290,1605,0,6426,459,C:\Users\sangwook.cho\Desktop\insurequant\kics_disclosure.json
20260616T005216Z,19,512,4290,1605,0,6426,459,C:\Users\sangwook.cho\Desktop\insurequant\kics_disclosure.json
20260616T010312Z,19,514,4298,1609,0,6440,460,C:\Users\sangwook.cho\Desktop\insurequant\kics_disclosure.json
20260616T011302Z,19,514,4298,1609,0,6440,460,C:\Users\sangwook.cho\Desktop\insurequant\kics_disclosure.json
20260616T051404Z,24,530,4375,1665,0,6594,471,C:\Users\sangwook.cho\Desktop\insurequant\kics_disclosure.json
20260616T055058Z,24,530,4375,1665,0,6594,471,C:\Users\sangwook.cho\Desktop\insurequant\kics_disclosure.json
20260616T070110Z,24,530,4375,1665,0,6594,471,C:\Users\sangwook.cho\Desktop\insurequant\kics_disclosure.json
20260616T121358Z,24,530,4375,1665,0,6594,471,C:\Users\sangwook.cho\Desktop\insurequant\kics_disclosure.json
20260616T124502Z,24,530,4375,1665,0,6594,471,C:\Users\sangwook.cho\Desktop\insurequant\kics_disclosure.json
20260617T000458Z,24,532,4390,1648,0,6594,471,C:\Users\sangwook.cho\Desktop\insurequant\kics_disclosure.json
20260619T040935Z,24,532,4390,1648,0,6594,471,C:\Users\sangwook.cho\Desktop\insurequant\kics_disclosure.json
20260619T044746Z,5,529,4440,1620,0,6594,471,C:\Users\sangwook.cho\Desktop\insurequant\kics_disclosure.json
20260620T024722Z,1,537,4456,1628,0,6622,473,C:\Users\sangwook.cho\Desktop\insurequant\kics_disclosure.json
20260620T030458Z,1,537,4456,1628,0,6622,473,C:\Users\sangwook.cho\Desktop\insurequant\kics_disclosure.json
20260703T124538Z,3,537,4455,1627,0,6622,473,C:\Users\sangwook.cho\Desktop\insurequant\kics_disclosure.json
20260703T124759Z,2,537,4454,1629,0,6622,473,C:\Users\sangwook.cho\Desktop\insurequant\kics_disclosure.json
20260704T004032Z,21,547,4525,1697,0,6790,485,C:\Users\sangwook.cho\Desktop\insurequant\kics_disclosure.json
20260704T005103Z,9,547,4538,1696,0,6790,485,C:\Users\sangwook.cho\Desktop\insurequant\kics_disclosure.json
20260704T010611Z,19,550,4545,1676,0,6790,485,C:\Users\sangwook.cho\Desktop\insurequant\kics_disclosure.json
20260704T010739Z,9,547,4558,1676,0,6790,485,C:\Users\sangwook.cho\Desktop\insurequant\kics_disclosure.json
20260704T073228Z,9,546,4558,1677,0,6790,485,C:\Users\sangwook.cho\Desktop\insurequant\kics_disclosure.json
20260704T073614Z,9,546,4558,1677,0,6790,485,C:\Users\sangwook.cho\Desktop\insurequant\kics_disclosure.json
20260704T073650Z,9,546,4558,1677,0,6790,485,C:\Users\sangwook.cho\Desktop\insurequant\kics_disclosure.json
20260704T073914Z,9,546,4558,1677,0,6790,485,C:\Users\sangwook.cho\Desktop\insurequant\kics_disclosure.json
20260704T074213Z,9,546,4558,1677,0,6790,485,C:\Users\sangwook.cho\Desktop\insurequant\kics_disclosure.json
20260704T125524Z,9,546,4558,1677,0,6790,485,C:\Users\sangwook.cho\Desktop\insurequant\kics_disclosure.json
20260705T010040Z,8,546,4560,1676,0,6790,485,C:\Users\sangwook.cho\Desktop\insurequant\kics_disclosure.json
20260705T055200Z,8,546,4560,1676,0,6790,485,C:\Users\sangwook.cho\Desktop\insurequant\kics_disclosure.json
20260705T055302Z,8,546,4560,1676,0,6790,485,C:\Users\sangwook.cho\Desktop\insurequant\kics_disclosure.json
20260705T065822Z,8,546,4560,1676,0,6790,485,C:\Users\sangwook.cho\Desktop\insurequant\kics_disclosure.json
20260705T065959Z,8,546,4560,1676,0,6790,485,C:\Users\sangwook.cho\Desktop\insurequant\kics_disclosure.json
20260705T071742Z,8,546,4564,1672,0,6790,485,C:\Users\sangwook.cho\Desktop\insurequant\kics_disclosure.json
20260705T071804Z,8,546,4564,1672,0,6790,485,C:\Users\sangwook.cho\Desktop\insurequant\kics_disclosure.json
20260705T071806Z,8,546,4564,1672,0,6790,485,C:\Users\sangwook.cho\Desktop\insurequant\kics_disclosure.json
20260705T071807Z,8,546,4564,1672,0,6790,485,C:\Users\sangwook.cho\Desktop\insurequant\kics_disclosure.json
20260705T072108Z,8,546,4565,1671,0,6790,485,C:\Users\sangwook.cho\Desktop\insurequant\kics_disclosure.json
20260705T072647Z,8,546,4565,1671,0,6790,485,C:\Users\sangwook.cho\Desktop\insurequant\kics_disclosure.json
20260705T075636Z,8,546,4572,1664,0,6790,485,C:\Users\sangwook.cho\Desktop\insurequant\kics_disclosure.json
20260705T080024Z,8,546,4572,1664,0,6790,485,C:\Users\sangwook.cho\Desktop\insurequant\kics_disclosure.json
20260705T080049Z,8,546,4572,1664,0,6790,485,C:\Users\sangwook.cho\Desktop\insurequant\kics_disclosure.json
20260705T080622Z,8,546,4572,1664,0,6790,485,C:\Users\sangwook.cho\Desktop\insurequant\kics_disclosure.json
20260705T081214Z,8,546,4573,1663,0,6790,485,C:\Users\sangwook.cho\Desktop\insurequant\kics_disclosure.json
20260705T081445Z,8,546,4573,1663,0,6790,485,C:\Users\sangwook.cho\Desktop\insurequant\kics_disclosure.json
20260705T082131Z,8,546,4573,1663,0,6790,485,C:\Users\sangwook.cho\Desktop\insurequant\kics_disclosure.json
20260705T082255Z,8,546,4573,1663,0,6790,485,C:\Users\sangwook.cho\Desktop\insurequant\kics_disclosure.json
20260705T105802Z,9,546,4590,1645,0,6790,485,C:\Users\sangwook.cho\Desktop\insurequant\kics_disclosure.json
20260705T110052Z,9,546,4603,1632,0,6790,485,C:\Users\sangwook.cho\Desktop\insurequant\kics_disclosure.json
20260705T110512Z,9,546,4626,1609,0,6790,485,C:\Users\sangwook.cho\Desktop\insurequant\kics_disclosure.json
20260705T110550Z,10,546,4637,1597,0,6790,485,C:\Users\sangwook.cho\Desktop\insurequant\kics_disclosure.json
20260705T110619Z,10,546,4637,1597,0,6790,485,C:\Users\sangwook.cho\Desktop\insurequant\kics_disclosure.json
20260705T110756Z,10,546,4638,1596,0,6790,485,C:\Users\sangwook.cho\Desktop\insurequant\kics_disclosure.json
20260705T110812Z,10,546,4638,1596,0,6790,485,C:\Users\sangwook.cho\Desktop\insurequant\kics_disclosure.json
20260705T110911Z,9,546,4639,1596,0,6790,485,C:\Users\sangwook.cho\Desktop\insurequant\kics_disclosure.json
20260705T111216Z,9,546,4652,1583,0,6790,485,C:\Users\sangwook.cho\Desktop\insurequant\kics_disclosure.json
20260705T111225Z,9,546,4652,1583,0,6790,485,C:\Users\sangwook.cho\Desktop\insurequant\kics_disclosure.json
20260705T111442Z,9,546,4652,1583,0,6790,485,C:\Users\sangwook.cho\Desktop\insurequant\kics_disclosure.json
20260705T210138Z,9,546,4654,1581,0,6790,485,C:\Users\sangwook.cho\Desktop\insurequant\kics_disclosure.json
20260705T210802Z,9,546,4656,1579,0,6790,485,C:\Users\sangwook.cho\Desktop\insurequant\kics_disclosure.json
20260705T211248Z,9,546,4656,1579,0,6790,485,C:\Users\sangwook.cho\Desktop\insurequant\kics_disclosure.json
20260705T211331Z,9,546,4656,1579,0,6790,485,C:\Users\sangwook.cho\Desktop\insurequant\kics_disclosure.json
20260705T211517Z,9,546,4656,1579,0,6790,485,C:\Users\sangwook.cho\Desktop\insurequant\kics_disclosure.json
20260705T212456Z,9,546,4656,1579,0,6790,485,C:\Users\sangwook.cho\Desktop\insurequant\kics_disclosure.json
20260705T212749Z,13,546,4652,1579,0,6790,485,C:\Users\sangwook.cho\Desktop\insurequant\kics_disclosure.json
20260705T212844Z,10,546,4656,1578,0,6790,485,C:\Users\sangwook.cho\Desktop\insurequant\kics_disclosure.json
20260705T213238Z,12,546,4659,1573,0,6790,485,C:\Users\sangwook.cho\Desktop\insurequant\kics_disclosure.json
20260705T213403Z,9,546,4662,1573,0,6790,485,C:\Users\sangwook.cho\Desktop\insurequant\kics_disclosure.json
20260705T213629Z,9,546,4662,1573,0,6790,485,C:\Users\sangwook.cho\Desktop\insurequant\kics_disclosure.json
20260705T215257Z,9,546,4662,1573,0,6790,485,C:\Users\sangwook.cho\Desktop\insurequant\kics_disclosure.json
20260705T215504Z,9,546,4662,1573,0,6790,485,C:\Users\sangwook.cho\Desktop\insurequant\kics_disclosure.json
20260705T215544Z,9,546,4662,1573,0,6790,485,C:\Users\sangwook.cho\Desktop\insurequant\kics_disclosure.json
20260705T220811Z,9,546,4662,1573,0,6790,485,C:\Users\sangwook.cho\Desktop\insurequant\kics_disclosure.json
20260706T000333Z,9,546,4662,1573,0,6790,485,C:\Users\sangwook.cho\Desktop\insurequant\kics_disclosure.json
20260706T040349Z,9,546,4662,1573,0,6790,485,C:\Users\sangwook.cho\Desktop\insurequant\kics_disclosure.json
20260706T040718Z,9,546,4662,1573,0,6790,485,C:\Users\sangwook.cho\Desktop\insurequant\kics_disclosure.json
20260706T041119Z,9,546,4662,1573,0,6790,485,C:\Users\sangwook.cho\Desktop\insurequant\kics_disclosure.json
20260706T041437Z,9,546,4662,1573,0,6790,485,C:\Users\sangwook.cho\Desktop\insurequant\kics_disclosure.json
20260706T041923Z,9,546,4662,1573,0,6790,485,C:\Users\sangwook.cho\Desktop\insurequant\kics_disclosure.json
20260706T042225Z,9,546,4662,1573,0,6790,485,C:\Users\sangwook.cho\Desktop\insurequant\kics_disclosure.json
20260706T042733Z,9,546,4662,1573,0,6790,485,C:\Users\sangwook.cho\Desktop\insurequant\kics_disclosure.json
20260706T043308Z,9,546,4662,1573,0,6790,485,C:\Users\sangwook.cho\Desktop\insurequant\kics_disclosure.json
20260706T043310Z,9,546,4662,1573,0,6790,485,C:\Users\sangwook.cho\Desktop\insurequant\kics_disclosure.json
20260706T044215Z,9,546,4662,1573,0,6790,485,C:\Users\sangwook.cho\Desktop\insurequant\kics_disclosure.json
20260706T044218Z,9,546,4662,1573,0,6790,485,C:\Users\sangwook.cho\Desktop\insurequant\kics_disclosure.json
20260706T050017Z,9,546,4662,1573,0,6790,485,C:\Users\sangwook.cho\Desktop\insurequant\kics_disclosure.json
20260706T050019Z,9,546,4662,1573,0,6790,485,C:\Users\sangwook.cho\Desktop\insurequant\kics_disclosure.json
20260706T153305Z,9,546,4662,1573,0,6790,485,C:\Users\sangwook.cho\Desktop\insurequant\kics_disclosure.json
20260706T154318Z,12,546,4658,1574,0,6790,485,C:\Users\sangwook.cho\Desktop\insurequant\kics_disclosure.json
20260706T154419Z,12,546,4658,1574,0,6790,485,C:\Users\sangwook.cho\Desktop\insurequant\kics_disclosure.json
20260706T155432Z,12,546,4658,1574,0,6790,485,C:\Users\sangwook.cho\Desktop\insurequant\kics_disclosure.json
20260706T161854Z,13,546,4653,1578,0,6790,485,C:\Users\sangwook.cho\Desktop\insurequant\kics_disclosure.json
20260706T162242Z,11,546,4655,1578,0,6790,485,C:\Users\sangwook.cho\Desktop\insurequant\kics_disclosure.json
20260706T162446Z,11,546,4655,1578,0,6790,485,C:\Users\sangwook.cho\Desktop\insurequant\kics_disclosure.json
20260706T220650Z,11,546,4655,1578,0,6790,485,C:\Users\sangwook.cho\Desktop\insurequant\kics_disclosure.json
20260706T221526Z,11,546,4655,1578,0,6790,485,C:\Users\sangwook.cho\Desktop\insurequant\kics_disclosure.json
20260706T221621Z,11,546,4655,1578,0,6790,485,C:\Users\sangwook.cho\Desktop\insurequant\kics_disclosure.json
20260706T222911Z,11,546,4655,1578,0,6790,485,C:\Users\sangwook.cho\Desktop\insurequant\kics_disclosure.json
20260706T223652Z,8,546,4481,1755,0,6790,485,C:\Users\sangwook.cho\Desktop\insurequant\kics_disclosure.json
20260706T223759Z,8,546,4636,1600,0,6790,485,C:\Users\sangwook.cho\Desktop\insurequant\kics_disclosure.json
20260706T224833Z,8,546,4637,1599,0,6790,485,C:\Users\sangwook.cho\Desktop\insurequant\kics_disclosure.json
20260706T225504Z,12,546,4644,1602,0,6804,486,C:\Users\sangwook.cho\Desktop\insurequant\kics_disclosure.json
20260706T230009Z,12,546,4644,1602,0,6804,486,C:\Users\sangwook.cho\Desktop\insurequant\kics_disclosure.json
20260707T000455Z,12,546,4644,1602,0,6804,486,C:\Users\sangwook.cho\Desktop\insurequant\kics_disclosure.json
20260707T000457Z,12,546,4644,1602,0,6804,486,C:\Users\sangwook.cho\Desktop\insurequant\kics_disclosure.json
20260707T000857Z,12,546,4644,1602,0,6804,486,C:\Users\sangwook.cho\Desktop\insurequant\kics_disclosure.json
20260707T000900Z,12,546,4644,1602,0,6804,486,C:\Users\sangwook.cho\Desktop\insurequant\kics_disclosure.json
20260707T003105Z,12,546,4644,1602,0,6804,486,C:\Users\sangwook.cho\Desktop\insurequant\kics_disclosure.json
20260707T012856Z,12,546,4646,1600,0,6804,486,C:\Users\sangwook.cho\Desktop\insurequant\kics_disclosure.json
20260707T013229Z,12,546,4646,1600,0,6804,486,C:\Users\sangwook.cho\Desktop\insurequant\kics_disclosure.json
20260707T013535Z,12,546,4646,1600,0,6804,486,C:\Users\sangwook.cho\Desktop\insurequant\kics_disclosure.json
20260707T015344Z,12,546,4648,1598,0,6804,486,C:\Users\sangwook.cho\Desktop\insurequant\kics_disclosure.json
20260707T015838Z,12,546,4648,1598,0,6804,486,C:\Users\sangwook.cho\Desktop\insurequant\kics_disclosure.json
20260707T043040Z,12,546,4650,1596,0,6804,486,C:\Users\sangwook.cho\Desktop\insurequant\kics_disclosure.json
20260707T043058Z,12,546,4650,1596,0,6804,486,C:\Users\sangwook.cho\Desktop\insurequant\kics_disclosure.json
20260707T043123Z,12,546,4650,1596,0,6804,486,C:\Users\sangwook.cho\Desktop\insurequant\kics_disclosure.json
20260707T043738Z,12,546,4650,1596,0,6804,486,C:\Users\sangwook.cho\Desktop\insurequant\kics_disclosure.json
20260707T051634Z,12,546,4655,1591,0,6804,486,C:\Users\sangwook.cho\Desktop\insurequant\kics_disclosure.json
20260707T082014Z,12,546,4655,1591,0,6804,486,C:\Users\sangwook.cho\Desktop\insurequant\kics_disclosure.json
20260707T082859Z,12,546,4655,1591,0,6804,486,C:\Users\sangwook.cho\Desktop\insurequant\kics_disclosure.json
20260707T082903Z,12,546,4655,1591,0,6804,486,C:\Users\sangwook.cho\Desktop\insurequant\kics_disclosure.json
20260707T091137Z,12,546,4655,1591,0,6804,486,C:\Users\sangwook.cho\Desktop\insurequant\kics_disclosure.json
20260707T103919Z,159,549,4540,1556,0,6804,486,C:\Users\sangwook.cho\Desktop\insurequant\kics_disclosure.json
20260707T104446Z,133,564,4551,1556,0,6804,486,C:\Users\sangwook.cho\Desktop\insurequant\kics_disclosure.json
20260707T104626Z,12,546,4690,1556,0,6804,486,C:\Users\sangwook.cho\Desktop\insurequant\kics_disclosure.json
20260707T104710Z,12,546,4690,1556,0,6804,486,C:\Users\sangwook.cho\Desktop\insurequant\kics_disclosure.json
20260707T105001Z,12,546,4691,1555,0,6804,486,C:\Users\sangwook.cho\Desktop\insurequant\kics_disclosure.json
20260707T105601Z,12,546,4691,1555,0,6804,486,C:\Users\sangwook.cho\Desktop\insurequant\kics_disclosure.json
20260707T110502Z,12,546,4648,1598,0,6804,486,C:\Users\sangwook.cho\Desktop\insurequant\kics_disclosure.json
20260707T111541Z,12,546,4647,1599,0,6804,486,C:\Users\sangwook.cho\Desktop\insurequant\kics_disclosure.json
20260707T112224Z,12,546,4647,1599,0,6804,486,C:\Users\sangwook.cho\Desktop\insurequant\kics_disclosure.json
20260707T112538Z,12,546,4647,1599,0,6804,486,C:\Users\sangwook.cho\Desktop\insurequant\kics_disclosure.json
20260707T113653Z,12,546,4647,1599,0,6804,486,C:\Users\sangwook.cho\Desktop\insurequant\kics_disclosure.json
20260707T114352Z,12,546,4647,1599,0,6804,486,C:\Users\sangwook.cho\Desktop\insurequant\kics_disclosure.json
20260707T115726Z,12,546,4647,1599,0,6804,486,C:\Users\sangwook.cho\Desktop\insurequant\kics_disclosure.json
20260707T120235Z,13,552,4642,1597,0,6804,486,C:\Users\sangwook.cho\Desktop\insurequant\kics_disclosure.json
20260707T120644Z,13,552,4642,1597,0,6804,486,C:\Users\sangwook.cho\Desktop\insurequant\kics_disclosure.json
20260707T140736Z,14,554,4640,1596,0,6804,486,C:\Users\sangwook.cho\Desktop\insurequant\kics_disclosure.json
20260707T141443Z,14,554,4640,1596,0,6804,486,C:\Users\sangwook.cho\Desktop\insurequant\kics_disclosure.json
20260707T141600Z,14,554,4640,1596,0,6804,486,C:\Users\sangwook.cho\Desktop\insurequant\kics_disclosure.json
20260707T141614Z,14,554,4640,1596,0,6804,486,C:\Users\sangwook.cho\Desktop\insurequant\kics_disclosure.json
20260707T142056Z,13,554,4641,1596,0,6804,486,C:\Users\sangwook.cho\Desktop\insurequant\kics_disclosure.json
20260707T142558Z,13,554,4641,1596,0,6804,486,C:\Users\sangwook.cho\Desktop\insurequant\kics_disclosure.json
20260707T143245Z,13,554,4641,1596,0,6804,486,C:\Users\sangwook.cho\Desktop\insurequant\kics_disclosure.json
20260707T144738Z,13,554,4641,1596,0,6804,486,C:\Users\sangwook.cho\Desktop\insurequant\kics_disclosure.json
20260707T144939Z,13,554,4641,1596,0,6804,486,C:\Users\sangwook.cho\Desktop\insurequant\kics_disclosure.json
20260707T145534Z,13,554,4641,1596,0,6804,486,C:\Users\sangwook.cho\Desktop\insurequant\kics_disclosure.json
20260707T145957Z,14,554,4643,1593,0,6804,486,C:\Users\sangwook.cho\Desktop\insurequant\kics_disclosure.json
20260707T150015Z,14,554,4643,1593,0,6804,486,C:\Users\sangwook.cho\Desktop\insurequant\kics_disclosure.json
20260707T150549Z,13,554,4644,1593,0,6804,486,C:\Users\sangwook.cho\Desktop\insurequant\kics_disclosure.json
20260707T150606Z,13,554,4644,1593,0,6804,486,C:\Users\sangwook.cho\Desktop\insurequant\kics_disclosure.json
20260707T150730Z,13,554,4644,1593,0,6804,486,C:\Users\sangwook.cho\Desktop\insurequant\kics_disclosure.json
20260707T151051Z,13,554,4644,1593,0,6804,486,C:\Users\sangwook.cho\Desktop\insurequant\kics_disclosure.json
20260707T151410Z,13,554,4644,1593,0,6804,486,C:\Users\sangwook.cho\Desktop\insurequant\kics_disclosure.json
20260707T153141Z,13,554,4644,1593,0,6804,486,C:\Users\sangwook.cho\Desktop\insurequant\kics_disclosure.json
20260707T155719Z,20,555,4725,1504,0,6804,486,C:\Users\sangwook.cho\Desktop\insurequant\kics_disclosure.json
20260707T160301Z,13,554,4644,1593,0,6804,486,C:\Users\sangwook.cho\Desktop\insurequant\kics_disclosure.json
20260707T160343Z,20,555,4725,1504,0,6804,486,C:\Users\sangwook.cho\Desktop\insurequant\kics_disclosure.json
20260707T160818Z,15,554,4535,1700,0,6804,486,C:\Users\sangwook.cho\Desktop\insurequant\kics_disclosure.json
20260707T161205Z,13,554,4538,1699,0,6804,486,C:\Users\sangwook.cho\Desktop\insurequant\kics_disclosure.json
20260707T161801Z,14,554,4542,1694,0,6804,486,C:\Users\sangwook.cho\Desktop\insurequant\kics_disclosure.json
20260707T162047Z,14,554,4543,1693,0,6804,486,C:\Users\sangwook.cho\Desktop\insurequant\kics_disclosure.json
20260707T162216Z,14,554,4543,1693,0,6804,486,C:\Users\sangwook.cho\Desktop\insurequant\kics_disclosure.json
20260707T162800Z,14,554,4543,1693,0,6804,486,C:\Users\sangwook.cho\Desktop\insurequant\kics_disclosure.json
20260707T162903Z,14,554,4543,1693,0,6804,486,C:\Users\sangwook.cho\Desktop\insurequant\kics_disclosure.json
20260707T221531Z,14,554,4543,1693,0,6804,486,C:\Users\sangwook.cho\Desktop\insurequant\kics_disclosure.json
20260707T221533Z,14,554,4543,1693,0,6804,486,C:\Users\sangwook.cho\Desktop\insurequant\kics_disclosure.json
20260707T221936Z,14,554,4543,1693,0,6804,486,C:\Users\sangwook.cho\Desktop\insurequant\kics_disclosure.json
20260707T221939Z,14,554,4543,1693,0,6804,486,C:\Users\sangwook.cho\Desktop\insurequant\kics_disclosure.json
20260707T222247Z,14,554,4543,1693,0,6804,486,C:\Users\sangwook.cho\Desktop\insurequant\kics_disclosure.json
20260707T222249Z,14,554,4543,1693,0,6804,486,C:\Users\sangwook.cho\Desktop\insurequant\kics_disclosure.json
20260707T235810Z,14,554,4543,1693,0,6804,486,C:\Users\sangwook.cho\Desktop\insurequant\kics_disclosure.json
20260708T000209Z,14,554,4543,1693,0,6804,486,C:\Users\sangwook.cho\Desktop\insurequant\kics_disclosure.json
20260708T085536Z,14,554,4543,1693,0,6804,486,C:\Users\sangwook.cho\Desktop\insurequant\kics_disclosure.json
20260708T091026Z,13,555,4543,1693,0,6804,486,C:\Users\sangwook.cho\Desktop\insurequant\kics_disclosure.json
20260708T091039Z,13,555,4543,1693,0,6804,486,C:\Users\sangwook.cho\Desktop\insurequant\kics_disclosure.json
20260708T092131Z,13,555,4543,1693,0,6804,486,C:\Users\sangwook.cho\Desktop\insurequant\kics_disclosure.json
20260708T092915Z,14,555,4541,1694,0,6804,486,C:\Users\sangwook.cho\Desktop\insurequant\kics_disclosure.json
20260708T093300Z,13,555,4543,1693,0,6804,486,C:\Users\sangwook.cho\Desktop\insurequant\kics_disclosure.json
20260708T111252Z,13,555,4543,1693,0,6804,486,C:\Users\sangwook.cho\Desktop\insurequant\kics_disclosure.json
20260708T133602Z,13,555,4543,1693,0,6804,486,C:\Users\sangwook.cho\Desktop\insurequant\kics_disclosure.json
20260708T133947Z,13,555,4542,1694,0,6804,486,C:\Users\sangwook.cho\Desktop\insurequant\kics_disclosure.json
20260711T103246Z,18,558,4667,1561,0,6804,486,C:\Users\sangwook.cho\Desktop\insurequant\kics_disclosure.json
20260711T104042Z,18,560,4670,1556,0,6804,486,C:\Users\sangwook.cho\Desktop\insurequant\kics_disclosure.json
20260711T104415Z,17,560,4675,1552,0,6804,486,C:\Users\sangwook.cho\Desktop\insurequant\kics_disclosure.json
20260711T104820Z,13,561,4675,1555,0,6804,486,C:\Users\sangwook.cho\Desktop\insurequant\kics_disclosure.json
20260711T105019Z,13,561,4676,1554,0,6804,486,C:\Users\sangwook.cho\Desktop\insurequant\kics_disclosure.json
20260711T110338Z,14,561,4680,1549,0,6804,486,C:\Users\sangwook.cho\Desktop\insurequant\kics_disclosure.json
20260711T110357Z,14,561,4680,1549,0,6804,486,C:\Users\sangwook.cho\Desktop\insurequant\kics_disclosure.json
20260711T110411Z,14,561,4680,1549,0,6804,486,C:\Users\sangwook.cho\Desktop\insurequant\kics_disclosure.json
20260711T110425Z,14,561,4680,1549,0,6804,486,C:\Users\sangwook.cho\Desktop\insurequant\kics_disclosure.json
20260711T110726Z,14,561,4680,1549,0,6804,486,C:\Users\sangwook.cho\Desktop\insurequant\kics_disclosure.json
20260711T152102Z,14,561,4680,1549,0,6804,486,C:\Users\sangwook.cho\Desktop\insurequant\kics_disclosure.json
20260711T155045Z,15,560,4684,1545,0,6804,486,C:\Users\sangwook.cho\Desktop\insurequant\kics_disclosure.json
20260711T155429Z,14,560,4685,1545,0,6804,486,C:\Users\sangwook.cho\Desktop\insurequant\kics_disclosure.json
20260711T155436Z,14,560,4685,1545,0,6804,486,C:\Users\sangwook.cho\Desktop\insurequant\kics_disclosure.json
20260711T160052Z,14,560,4698,1532,0,6804,486,C:\Users\sangwook.cho\Desktop\insurequant\kics_disclosure.json
20260711T160147Z,14,560,4698,1532,0,6804,486,C:\Users\sangwook.cho\Desktop\insurequant\kics_disclosure.json
20260711T160345Z,14,560,4698,1532,0,6804,486,C:\Users\sangwook.cho\Desktop\insurequant\kics_disclosure.json
20260711T160708Z,14,560,4698,1532,0,6804,486,C:\Users\sangwook.cho\Desktop\insurequant\kics_disclosure.json
20260711T164050Z,14,560,4696,1534,0,6804,486,C:\Users\sangwook.cho\Desktop\insurequant\kics_disclosure.json
20260711T164439Z,14,560,4696,1534,0,6804,486,C:\Users\sangwook.cho\Desktop\insurequant\kics_disclosure.json
20260711T165212Z,14,560,4696,1534,0,6804,486,C:\Users\sangwook.cho\Desktop\insurequant\kics_disclosure.json
20260711T165234Z,14,560,4696,1534,0,6804,486,C:\Users\sangwook.cho\Desktop\insurequant\kics_disclosure.json
20260711T165742Z,14,560,4696,1534,0,6804,486,C:\Users\sangwook.cho\Desktop\insurequant\kics_disclosure.json
20260711T170027Z,14,560,4697,1533,0,6804,486,C:\Users\sangwook.cho\Desktop\insurequant\kics_disclosure.json
20260712T003446Z,14,560,4697,1533,0,6804,486,C:\Users\sangwook.cho\Desktop\insurequant\kics_disclosure.json
20260712T003448Z,14,560,4697,1533,0,6804,486,C:\Users\sangwook.cho\Desktop\insurequant\kics_disclosure.json
20260712T003531Z,14,560,4697,1533,0,6804,486,C:\Users\sangwook.cho\Desktop\insurequant\kics_disclosure.json
20260712T003840Z,14,560,4697,1533,0,6804,486,C:\Users\sangwook.cho\Desktop\insurequant\kics_disclosure.json
20260712T003842Z,14,560,4697,1533,0,6804,486,C:\Users\sangwook.cho\Desktop\insurequant\kics_disclosure.json
20260712T010417Z,14,560,4697,1533,0,6804,486,C:\Users\sangwook.cho\Desktop\insurequant\kics_disclosure.json
20260712T012021Z,14,560,4700,1530,0,6804,486,C:\Users\sangwook.cho\Desktop\insurequant\kics_disclosure.json
20260712T021610Z,14,560,4700,1530,0,6804,486,C:\Users\sangwook.cho\Desktop\insurequant\kics_disclosure.json
20260712T021613Z,14,560,4700,1530,0,6804,486,C:\Users\sangwook.cho\Desktop\insurequant\kics_disclosure.json
20260712T061945Z,14,560,4700,1530,0,6804,486,C:\Users\sangwook.cho\Desktop\insurequant\kics_disclosure.json
20260712T063023Z,14,560,4700,1530,0,6804,486,C:\Users\sangwook.cho\Desktop\insurequant\kics_disclosure.json
20260712T063048Z,14,560,4700,1530,0,6804,486,C:\Users\sangwook.cho\Desktop\insurequant\kics_disclosure.json
20260712T063720Z,14,560,4700,1530,0,6804,486,C:\Users\sangwook.cho\Desktop\insurequant\kics_disclosure.json
20260712T064607Z,13,561,4700,1530,0,6804,486,C:\Users\sangwook.cho\Desktop\insurequant\kics_disclosure.json
20260712T113922Z,13,561,4700,1530,0,6804,486,C:\Users\sangwook.cho\Desktop\insurequant\kics_disclosure.json
20260712T114335Z,13,561,4700,1530,0,6804,486,C:\Users\sangwook.cho\Desktop\insurequant\kics_disclosure.json
20260712T115203Z,13,561,4700,1530,0,6804,486,C:\Users\sangwook.cho\Desktop\insurequant\kics_disclosure.json
20260712T115217Z,13,561,4700,1530,0,6804,486,C:\Users\sangwook.cho\Desktop\insurequant\kics_disclosure.json
20260712T120206Z,13,561,4700,1530,0,6804,486,C:\Users\sangwook.cho\Desktop\insurequant\kics_disclosure.json
20260712T120215Z,13,561,4700,1530,0,6804,486,C:\Users\sangwook.cho\Desktop\insurequant\kics_disclosure.json
20260712T120254Z,13,561,4700,1530,0,6804,486,C:\Users\sangwook.cho\Desktop\insurequant\kics_disclosure.json
20260712T120305Z,13,561,4700,1530,0,6804,486,C:\Users\sangwook.cho\Desktop\insurequant\kics_disclosure.json
20260712T122445Z,13,561,4700,1530,0,6804,486,C:\Users\sangwook.cho\Desktop\insurequant\kics_disclosure.json
20260712T123417Z,13,561,4700,1530,0,6804,486,C:\Users\sangwook.cho\Desktop\insurequant\kics_disclosure.json
20260712T124525Z,13,561,4700,1530,0,6804,486,C:\Users\sangwook.cho\Desktop\insurequant\kics_disclosure.json
20260712T124549Z,13,561,4700,1530,0,6804,486,C:\Users\sangwook.cho\Desktop\insurequant\kics_disclosure.json
20260712T124610Z,13,561,4700,1530,0,6804,486,C:\Users\sangwook.cho\Desktop\insurequant\kics_disclosure.json
20260712T124622Z,13,561,4700,1530,0,6804,486,C:\Users\sangwook.cho\Desktop\insurequant\kics_disclosure.json
20260712T124634Z,13,561,4700,1530,0,6804,486,C:\Users\sangwook.cho\Desktop\insurequant\kics_disclosure.json
20260712T131014Z,13,561,4700,1530,0,6804,486,C:\Users\sangwook.cho\Desktop\insurequant\kics_disclosure.json
20260712T131027Z,13,561,4700,1530,0,6804,486,C:\Users\sangwook.cho\Desktop\insurequant\kics_disclosure.json
20260712T131035Z,13,561,4700,1530,0,6804,486,C:\Users\sangwook.cho\Desktop\insurequant\kics_disclosure.json
20260712T131411Z,13,561,4700,1530,0,6804,486,C:\Users\sangwook.cho\Desktop\insurequant\kics_disclosure.json
20260713T090401Z,13,561,4700,1530,0,6804,486,C:\Users\sangwook.cho\Desktop\insurequant\kics_disclosure.json
20260713T091131Z,12,561,4701,1530,0,6804,486,C:\Users\sangwook.cho\Desktop\insurequant\kics_disclosure.json
20260715T081757Z,12,561,4701,1530,0,6804,486,C:\Users\sangwook.cho\Desktop\insurequant\kics_disclosure.json
20260715T082943Z,12,561,4701,1530,0,6804,486,C:\Users\sangwook.cho\Desktop\insurequant\kics_disclosure.json
20260715T083222Z,12,561,4701,1530,0,6804,486,C:\Users\sangwook.cho\Desktop\insurequant\kics_disclosure.json
20260715T144029Z,12,561,4701,1530,0,6804,486,C:\Users\sangwook.cho\Desktop\insurequant\kics_disclosure.json
20260715T144559Z,12,561,4701,1530,0,6804,486,C:\Users\sangwook.cho\Desktop\insurequant\kics_disclosure.json
20260715T145105Z,12,561,4701,1530,0,6804,486,C:\Users\sangwook.cho\Desktop\insurequant\kics_disclosure.json
20260715T145301Z,12,561,4701,1530,0,6804,486,C:\Users\sangwook.cho\Desktop\insurequant\kics_disclosure.json
20260715T145354Z,12,561,4701,1530,0,6804,486,C:\Users\sangwook.cho\Desktop\insurequant\kics_disclosure.json
20260715T145522Z,12,561,4701,1530,0,6804,486,C:\Users\sangwook.cho\Desktop\insurequant\kics_disclosure.json
20260715T150038Z,12,561,4701,1530,0,6804,486,C:\Users\sangwook.cho\Desktop\insurequant\kics_disclosure.json
20260715T150501Z,12,561,4701,1530,0,6804,486,C:\Users\sangwook.cho\Desktop\insurequant\kics_disclosure.json
20260715T151529Z,12,561,4701,1530,0,6804,486,C:\Users\sangwook.cho\Desktop\insurequant\kics_disclosure.json
20260715T151531Z,12,561,4701,1530,0,6804,486,C:\Users\sangwook.cho\Desktop\insurequant\kics_disclosure.json
20260715T151721Z,12,561,4701,1530,0,6804,486,C:\Users\sangwook.cho\Desktop\insurequant\kics_disclosure.json
20260715T151723Z,12,561,4701,1530,0,6804,486,C:\Users\sangwook.cho\Desktop\insurequant\kics_disclosure.json
20260715T223311Z,12,561,4701,1530,0,6804,486,C:\Users\sangwook.cho\Desktop\insurequant\kics_disclosure.json
20260715T224312Z,12,561,4701,1530,0,6804,486,C:\Users\sangwook.cho\Desktop\insurequant\kics_disclosure.json
20260715T230520Z,12,561,4701,1530,0,6804,486,C:\Users\sangwook.cho\Desktop\insurequant\kics_disclosure.json
20260721T024221Z,12,561,4701,1530,0,6804,486,C:\Users\sangwook.cho\Desktop\insurequant\kics_disclosure.json
20260721T090012Z,12,561,4701,1530,0,6804,486,C:\Users\sangwook.cho\Desktop\insurequant\kics_disclosure.json
20260721T124810Z,12,561,4701,1530,0,6804,486,C:\Users\sangwook.cho\Desktop\insurequant\kics_disclosure.json
20260721T124852Z,12,561,4701,1530,0,6804,486,C:\Users\sangwook.cho\Desktop\insurequant\kics_disclosure.json
20260721T145141Z,12,561,4701,1530,0,6804,486,C:\Users\sangwook.cho\Desktop\insurequant\kics_disclosure.json
20260721T145155Z,12,561,4701,1530,0,6804,486,C:\Users\sangwook.cho\Desktop\insurequant\kics_disclosure.json
20260721T145618Z,12,561,4701,1530,0,6804,486,C:\Users\sangwook.cho\Desktop\insurequant\kics_disclosure.json
20260721T150843Z,12,561,4701,1530,0,6804,486,C:\Users\sangwook.cho\Desktop\insurequant\kics_disclosure.json
20260721T151555Z,12,561,4701,1530,0,6804,486,C:\Users\sangwook.cho\Desktop\insurequant\kics_disclosure.json
20260721T164315Z,12,561,4701,1530,0,6804,486,C:\Users\sangwook.cho\Desktop\insurequant\kics_disclosure.json
20260721T164951Z,12,561,4701,1530,0,6804,486,C:\Users\sangwook.cho\Desktop\insurequant\kics_disclosure.json
20260721T172631Z,12,561,4701,1530,0,6804,486,C:\Users\sangwook.cho\Desktop\insurequant\kics_disclosure.json
20260721T172842Z,12,561,4701,1530,0,6804,486,C:\Users\sangwook.cho\Desktop\insurequant\kics_disclosure.json
20260721T173255Z,12,561,4701,1530,0,6804,486,C:\Users\sangwook.cho\Desktop\insurequant\kics_disclosure.json
20260722T105111Z,12,561,4701,1530,0,6804,486,C:\Users\sangwook.cho\Desktop\insurequant\kics_disclosure.json
20260722T110612Z,12,561,4701,1530,0,6804,486,C:\Users\sangwook.cho\Desktop\insurequant\kics_disclosure.json
20260722T114841Z,12,561,4701,1530,0,6804,486,C:\Users\sangwook.cho\Desktop\insurequant\kics_disclosure.json
20260722T114944Z,12,561,4701,1530,0,6804,486,C:\Users\sangwook.cho\Desktop\insurequant\kics_disclosure.json
20260722T115020Z,12,561,4701,1530,0,6804,486,C:\Users\sangwook.cho\Desktop\insurequant\kics_disclosure.json
20260727T070549Z,12,561,4701,1530,0,6804,486,C:\Users\sangwook.cho\Desktop\insurequant\kics_disclosure.json
20260803T073340Z,12,561,4701,1530,0,6804,486,C:\Users\sangwook.cho\Desktop\insurequant\kics_disclosure.json
20260803T073509Z,12,561,4701,1530,0,6804,486,C:\Users\sangwook.cho\Desktop\insurequant\kics_disclosure.json
20260806T001940Z,12,561,4701,1530,0,6804,486,C:\Users\sangwook.cho\Desktop\insurequant\kics_disclosure.json
20260806T002003Z,12,561,4701,1530,0,6804,486,C:\Users\sangwook.cho\Desktop\insurequant\kics_disclosure.json
20260806T002006Z,12,561,4701,1530,0,6804,486,C:\Users\sangwook.cho\Desktop\insurequant\kics_disclosure.json
