quarter,file,pages,chars_per_page,low_text_pages,persist_channel,persist_summary,risk_vs_expected,claims_ae_ratio,expected_lr,combined_ratio,error
FY2023_Q1,KR0001_메리츠화재해상보험,14,648,0,,,,,,,
FY2023_Q1,KR0002_한화손해보험,264,989,0,,,,,,,
FY2023_Q1,KR0003_롯데손해보험,23,964,1,,,,,,,
FY2023_Q1,KR0004_예별손해보험,31,942,0,,,,,,,
FY2023_Q1,KR0005_흥국화재_amended,125,724,4,,,,,,,
FY2023_Q1,KR0008_삼성화재해상보험_amended,18,700,0,,,,,,,
FY2023_Q1,KR0009_현대해상,14,667,0,,,,,,,
FY2023_Q1,KR0010_KB손해보험,24,776,0,,,,,,,
FY2023_Q1,KR0011_DB손해보험,17,575,2,,,,,,,
FY2023_Q1,KR0029_AIG손해보험,21,1022,0,,,,,,,
FY2023_Q1,KR0032_NH농협손해보험_amended,30,935,0,,,,,,,
FY2023_Q1,KR0049_악사손해보험,22,519,0,,,,,,,
FY2023_Q1,KR0050_하나손해보험_amended,15,617,0,,,,,,,
FY2023_Q1,KR0051_신한이지손해보험,18,1163,0,,,,,,,
FY2023_Q1,KR0068_한화생명,33,881,1,,,,,,,
FY2023_Q1,KR0069_삼성생명,45,666,1,,,,,,,
FY2023_Q1,KR0070_에이비엘생명보험_amended,29,551,0,,,,,,,
FY2023_Q1,KR0071_흥국생명보험_amended,29,907,1,,,,,,,
FY2023_Q1,KR0072_케이디비생명보험,32,619,1,,,,,,,
FY2023_Q1,KR0073_교보생명보험,21,1320,0,,,,,,,
FY2023_Q1,KR0074_라이나생명보험_amended,85,792,4,,,,,,,
FY2023_Q1,KR0075_비엔피파리바카디프생명보험,28,754,0,,,,,,,
FY2023_Q1,KR0076_아이엠라이프생명보험,26,581,2,,,,,,,
FY2023_Q1,KR0079_미래에셋생명_amended,39,45,31,,,,,,,
FY2023_Q1,KR0080_에이아이에이생명보험,17,706,0,,,,,,,
FY2023_Q1,KR0082_DB생명보험_amended,39,918,0,,,,,,,
FY2023_Q1,KR0083_푸본현대생명보험,27,655,1,,,,,,,
FY2023_Q1,KR0087_동양생명,47,1182,0,,,,,,,
FY2023_Q1,KR0094_신한라이프생명보험,23,1655,1,,,,,,,
FY2023_Q1,KR0095_메트라이프생명보험,23,635,0,,,,,,,
FY2023_Q1,KR0097_하나생명보험_amended,24,381,4,,,,,,,
FY2023_Q1,KR0099_케이비라이프생명보험,23,679,0,,,,,,,
FY2023_Q1,KR0100_처브라이프생명보험,13,1711,0,,,,,,,
FY2023_Q1,KR0104_농협생명보험,30,534,2,,,,,,,
FY2023_Q1,KR1000_코리안리,15,1095,0,,,,,,,
FY2023_Q1,KR1010_교보라이프플래닛생명보험,26,578,1,,,,,,,
FY2023_Q1,KR1011_IBK연금보험,23,632,0,,,,,,,
FY2023_Q1,KR1059_캐롯손해보험,41,1091,0,,,,,,,
FY2023_Q1,KR1098_카카오페이손해보험_amended2,20,563,1,,,,,,,
FY2023_Q2,KR0001_메리츠화재해상보험_amended,54,839,0,45,4 45,,,,25,
FY2023_Q2,KR0002_한화손해보험,302,1054,0,46,4 46,,,,23,
FY2023_Q2,KR0003_롯데손해보험,64,943,0,48,5 48,,,,24,
FY2023_Q2,KR0004_예별손해보험,66,879,0,46,4 46,,,,25,
FY2023_Q2,KR0005_흥국화재_amended,164,797,1,39,4 39,,,,21,
FY2023_Q2,KR0008_삼성화재해상보험_amended,55,866,0,4 45,4 45,,,,,
FY2023_Q2,KR0009_현대해상,56,846,0,48,4 48,,,,24 25,
FY2023_Q2,KR0010_KB손해보험_amended,54,991,0,39 40,4 39,,,,22 23,
FY2023_Q2,KR0011_DB손해보험,58,785,1,47,4 47,,,,25,
FY2023_Q2,KR0029_AIG손해보험,51,993,0,34,4 34,,,,20,
FY2023_Q2,KR0032_NH농협손해보험_amended,60,984,0,42,4 42,,,,24,
FY2023_Q2,KR0049_악사손해보험,60,712,1,50,4 50,,,,25,
FY2023_Q2,KR0050_하나손해보험_amended,51,793,0,39,4 39,,,,22,
FY2023_Q2,KR0051_신한이지손해보험,43,1749,0,36,,,,,19,
FY2023_Q2,KR0068_한화생명,71,820,1,50,4 50,,,,25,
FY2023_Q2,KR0069_삼성생명,78,607,2,44,5 44,,,,,
FY2023_Q2,KR0070_에이비엘생명보험_amended,60,805,0,47,6 47,,,,,
FY2023_Q2,KR0071_흥국생명보험,64,935,0,44,4 44,,,,,
FY2023_Q2,KR0072_케이디비생명보험,69,757,3,41,4 41,,,,,
FY2023_Q2,KR0073_교보생명보험,38,1431,0,26,,,,,,
FY2023_Q2,KR0074_라이나생명보험_amended,113,812,3,37 38,4 37,,,,,
FY2023_Q2,KR0075_비엔피파리바카디프생명보험_amended,49,1327,0,41,4 41,,,,,
FY2023_Q2,KR0076_아이엠라이프생명보험_amended,51,669,2,40,4 40,,,,,
FY2023_Q2,KR0079_미래에셋생명,58,83,37,,,,,,,
FY2023_Q2,KR0080_에이아이에이생명보험,35,874,0,28,3 28,,,,,
FY2023_Q2,KR0082_DB생명보험_amended,63,920,0,4 36,4 36,,,,,
FY2023_Q2,KR0083_푸본현대생명보험,54,692,2,42,4 42,,,,,
FY2023_Q2,KR0087_동양생명,74,1043,0,4 32,4 32,,,,,
FY2023_Q2,KR0094_신한라이프생명보험,51,1666,0,32,32,,,,,
FY2023_Q2,KR0095_메트라이프생명보험,47,809,0,38,,,,,,
FY2023_Q2,KR0097_하나생명보험_amended,53,510,5,46,4 46,,,,,
FY2023_Q2,KR0099_케이비라이프생명보험,60,782,0,44,4 44,,,,,
FY2023_Q2,KR0100_처브라이프생명보험,51,763,0,39,4 39,,,,,
FY2023_Q2,KR0104_농협생명보험_amended,59,682,3,41,4 41,,,,,
FY2023_Q2,KR1000_코리안리,31,1298,0,,,,,,16,
FY2023_Q2,KR1010_교보라이프플래닛생명보험,58,543,5,48,4 48,,,,,
FY2023_Q2,KR1011_IBK연금보험,40,717,0,33,4 33,,,,,
FY2023_Q2,KR1059_캐롯손해보험,66,996,0,,,,,,19 20,
FY2023_Q2,KR1098_카카오페이손해보험_amended,34,711,0,,4,,,,,
FY2023_Q3,KR0001_메리츠화재해상보험_amended_amended2,22,624,0,,,,,,,
FY2023_Q3,KR0002_한화손해보험,128,1034,0,,,,,,,
FY2023_Q3,KR0003_롯데손해보험_amended,26,992,1,,,,,,,
FY2023_Q3,KR0004_예별손해보험,35,903,0,,,,,,,
FY2023_Q3,KR0005_흥국화재_amended,136,752,3,,,,,,,
FY2023_Q3,KR0008_삼성화재해상보험_amended,21,685,0,,,,,,,
FY2023_Q3,KR0009_현대해상_amended,23,620,0,,,,,,,
FY2023_Q3,KR0010_KB손해보험_amended,29,807,0,,,,,,,
FY2023_Q3,KR0011_DB손해보험_amended2,23,666,1,,,,,,,
FY2023_Q3,KR0029_AIG손해보험,26,935,0,,,,,,,
FY2023_Q3,KR0032_NH농협손해보험_amended,33,1002,0,,,,,,,
FY2023_Q3,KR0049_악사손해보험,25,580,0,,,,,,,
FY2023_Q3,KR0050_하나손해보험_amended,24,709,0,,,,,,,
FY2023_Q3,KR0051_신한이지손해보험,18,1185,0,,,,,,,
FY2023_Q3,KR0068_한화생명,44,1215,0,,,,,,,
FY2023_Q3,KR0069_삼성생명,49,670,1,,,,,,,
FY2023_Q3,KR0070_에이비엘생명보험_amended,29,636,0,,,,,,,
FY2023_Q3,KR0071_흥국생명보험,41,952,0,,,,,,,
FY2023_Q3,KR0072_케이디비생명보험,49,841,2,,,,,,,
FY2023_Q3,KR0073_교보생명보험,27,1197,0,,,,,,,
FY2023_Q3,KR0074_라이나생명보험_amended,94,788,6,,,,,,,
FY2023_Q3,KR0075_비엔피파리바카디프생명보험_amended,30,866,0,,,,,,,
FY2023_Q3,KR0076_아이엠라이프생명보험,28,629,2,,,,,,,
FY2023_Q3,KR0079_미래에셋생명,37,60,26,,,,,,,
FY2023_Q3,KR0080_에이아이에이생명보험,22,846,0,,,,,,,
FY2023_Q3,KR0082_DB생명보험_amended,42,945,0,,,,,,,
FY2023_Q3,KR0083_푸본현대생명보험,31,662,1,,,,,,,
FY2023_Q3,KR0087_동양생명,67,1060,0,,,,,,,
FY2023_Q3,KR0094_신한라이프생명보험,34,1613,0,,,,,,,
FY2023_Q3,KR0095_메트라이프생명보험,25,728,0,,,,,,,
FY2023_Q3,KR0097_하나생명보험_amended,27,435,3,,,,,,,
FY2023_Q3,KR0099_케이비라이프생명보험,30,726,0,,,,,,,
FY2023_Q3,KR0100_처브라이프생명보험,14,1586,0,,,,,,,
FY2023_Q3,KR0104_농협생명보험,38,631,1,,,,,,,
FY2023_Q3,KR1000_코리안리,19,1151,0,,,,,,,
FY2023_Q3,KR1010_교보라이프플래닛생명보험,29,600,1,,,,,,,
FY2023_Q3,KR1011_IBK연금보험,23,695,0,,,,,,,
FY2023_Q3,KR1059_캐롯손해보험,46,1000,0,,,,,,,
FY2023_Q3,KR1098_카카오페이손해보험_amended,22,572,1,,,,,,,
FY2023_Q4,KR0001_메리츠화재해상보험_amended_amended3,102,913,2,82,4 82,,,,55,
FY2023_Q4,KR0002_한화손해보험,486,965,14,79,4 79,,,,54,
FY2023_Q4,KR0003_롯데손해보험_amended,116,806,13,91,5 91,,,,65,
FY2023_Q4,KR0004_예별손해보험,87,720,0,75,4 75,,,,,
FY2023_Q4,KR0005_흥국화재_amended,292,807,6,79,4 79,,,,57,
FY2023_Q4,KR0008_삼성화재해상보험_amended,118,948,0,4 96,4 96,,,,,
FY2023_Q4,KR0009_현대해상_amended,109,835,2,92,5 92,,,,62 63,
FY2023_Q4,KR0010_KB손해보험,106,959,7,85 86,4 85,,,,62 63,
FY2023_Q4,KR0011_DB손해보험,106,853,2,86,4 86,,,,56,
FY2023_Q4,KR0029_AIG손해보험,75,968,1,54,4 54,,,,38,
FY2023_Q4,KR0032_NH농협손해보험_amended,99,994,0,71,4 71,,,,49,
FY2023_Q4,KR0049_악사손해보험,115,797,0,79,4 79,,,,49,
FY2023_Q4,KR0050_하나손해보험_amended,80,851,0,67 68,4 68,,,,49,
FY2023_Q4,KR0051_신한이지손해보험,68,1363,2,56,5 56,,,,38,
FY2023_Q4,KR0068_한화생명,547,1125,4,4 5 91,,,,,62,
FY2023_Q4,KR0069_삼성생명,604,831,20,96,6 96,,,,,
FY2023_Q4,KR0070_에이비엘생명보험_amended,526,833,3,84,6 84,,,,,
FY2023_Q4,KR0071_흥국생명보험,461,785,13,81,4 81,,,,,
FY2023_Q4,KR0072_케이디비생명보험,499,799,5,67,,,,,,
FY2023_Q4,KR0073_교보생명보험,545,918,13,64,,,,,,
FY2023_Q4,KR0074_라이나생명보험,189,839,18,66,4 66,,,,,
FY2023_Q4,KR0075_비엔피파리바카디프생명보험_amended,97,722,12,68,4 68,,,,,
FY2023_Q4,KR0076_아이엠라이프생명보험,252,744,16,84 85,,,,,,
FY2023_Q4,KR0079_미래에셋생명_amended,510,695,125,,,,,,,
FY2023_Q4,KR0080_에이아이에이생명보험,402,791,14,66 67,6 66,,,,,
FY2023_Q4,KR0082_DB생명보험,445,733,12,4 67,4 67,,,,,
FY2023_Q4,KR0083_푸본현대생명보험,412,804,2,74,4 74,,,,,
FY2023_Q4,KR0087_동양생명,161,1117,5,4 64,4 64,,,,,
FY2023_Q4,KR0094_신한라이프생명보험,560,951,5,69,69,,,,,
FY2023_Q4,KR0095_메트라이프생명보험,467,842,1,69,4 69,,,,,
FY2023_Q4,KR0097_하나생명보험_amended,85,699,7,63,4 56 63,,,,,
FY2023_Q4,KR0099_케이비라이프생명보험_amended,518,731,13,84,5 84,,,,,
FY2023_Q4,KR0100_처브라이프생명보험,239,701,2,73,4 73,,,,,
FY2023_Q4,KR0104_농협생명보험,495,772,1,61,4 61,,,,,
FY2023_Q4,KR0150_서울보증보험,98,562,14,,5,,,,60,
FY2023_Q4,KR1000_코리안리,45,1270,0,,,,,,29,
FY2023_Q4,KR1010_교보라이프플래닛생명보험_amended,130,913,1,68,4 68,,,,,
FY2023_Q4,KR1011_IBK연금보험,245,803,1,61,4 61,,,,,
FY2023_Q4,KR1059_캐롯손해보험_amended,74,819,0,,,,,,40 41,
FY2023_Q4,KR1098_카카오페이손해보험,50,627,0,,4,,,,31,
FY2024_Q1,KR0001_메리츠화재해상보험_amended,20,701,0,,,,,,,
FY2024_Q1,KR0002_한화손해보험,249,968,0,,,,,,,
FY2024_Q1,KR0003_롯데손해보험,22,709,0,,,,,,,
FY2024_Q1,KR0004_예별손해보험,28,702,0,,,,,,,
FY2024_Q1,KR0005_흥국화재_amended,125,736,3,,,,,,,
FY2024_Q1,KR0008_삼성화재해상보험_amended,23,664,0,,,,,,,
FY2024_Q1,KR0009_현대해상_amended,24,584,0,,,,,,,
FY2024_Q1,KR0010_KB손해보험_amended,25,9,24,,,,,,,
FY2024_Q1,KR0011_DB손해보험_amended2,21,726,0,,,,,,,
FY2024_Q1,KR0029_AIG손해보험,24,812,0,,,,,,,
FY2024_Q1,KR0032_NH농협손해보험_amended,24,830,0,,,,,,,
FY2024_Q1,KR0049_악사손해보험,26,579,0,,,,,,,
FY2024_Q1,KR0050_하나손해보험_amended,25,645,0,,,,,,,
FY2024_Q1,KR0051_신한이지손해보험,21,1340,0,,,,,,,
FY2024_Q1,KR0068_한화생명,41,814,1,,,,,,,
FY2024_Q1,KR0069_삼성생명,34,580,1,,,,,,,
FY2024_Q1,KR0070_에이비엘생명보험_amended,31,680,0,,,,,,,
FY2024_Q1,KR0071_흥국생명보험,30,736,0,,,,,,,
FY2024_Q1,KR0072_케이디비생명보험,33,739,0,,,,,,,
FY2024_Q1,KR0073_교보생명보험,23,1206,0,,,,,,,
FY2024_Q1,KR0074_라이나생명보험_amended,83,750,2,,,,,,,
FY2024_Q1,KR0075_비엔피파리바카디프생명보험_amended,28,1059,0,,,,,,,
FY2024_Q1,KR0076_아이엠라이프생명보험,27,640,2,,,,,,,
FY2024_Q1,KR0079_미래에셋생명_amended,29,43,22,,,,,,,
FY2024_Q1,KR0080_에이아이에이생명보험,29,976,0,,,,,,,
FY2024_Q1,KR0082_DB생명보험_amended,34,744,0,,,,,,,
FY2024_Q1,KR0083_푸본현대생명보험_amended,33,625,1,,,,,,,
FY2024_Q1,KR0087_동양생명,26,913,0,,,,,,,
FY2024_Q1,KR0094_신한라이프생명보험,28,1736,0,,,,,,,
FY2024_Q1,KR0095_메트라이프생명보험,28,674,0,,,,,,,
FY2024_Q1,KR0097_하나생명보험_amended,29,418,4,,,,,,,
FY2024_Q1,KR0099_케이비라이프생명보험_amended,30,690,0,,,,,,,
FY2024_Q1,KR0100_처브라이프생명보험_amended,22,3168,0,,,,,,,
FY2024_Q1,KR0104_농협생명보험_amended,122,734,0,,,,,,,
FY2024_Q1,KR1000_코리안리,17,1082,0,,,,,,,
FY2024_Q1,KR1010_교보라이프플래닛생명보험_amended,30,579,1,,,,,,,
FY2024_Q1,KR1011_IBK연금보험,26,571,0,,,,,,,
FY2024_Q1,KR1059_캐롯손해보험,34,880,0,,,,,,,
FY2024_Q1,KR1098_카카오페이손해보험,23,647,0,,,,,,,
FY2024_Q2,KR0001_메리츠화재해상보험_amended_amended2,57,992,0,48,4 48,,,,25,
FY2024_Q2,KR0002_한화손해보험,293,1056,1,52,4,,,,27,
FY2024_Q2,KR0003_롯데손해보험_amended,64,865,0,51 52,4 51,,,,27,
FY2024_Q2,KR0004_예별손해보험,60,796,0,47,4 47,,,,,
FY2024_Q2,KR0005_흥국화재_amended,166,790,2,46 47,4,,,,24,
FY2024_Q2,KR0008_삼성화재해상보험_amended,64,915,0,4 53 54,4,,,,,
FY2024_Q2,KR0009_현대해상_amended,66,841,1,57,4 57,,,,28 29,
FY2024_Q2,KR0010_KB손해보험_amended,61,840,6,51 52,4 51,,,,28 29,
FY2024_Q2,KR0011_DB손해보험,63,897,1,51,4 51,,,,26,
FY2024_Q2,KR0029_AIG손해보험,49,960,0,37,4 37,,,,21,
FY2024_Q2,KR0032_NH농협손해보험_amended,57,948,0,47 48,4 47,,,,25,
FY2024_Q2,KR0049_악사손해보험,68,734,0,56,4 56,,,,28,
FY2024_Q2,KR0050_하나손해보험_amended,55,842,0,4 48 49,4,,,,28,
FY2024_Q2,KR0051_신한이지손해보험,48,1491,2,41,41,,,,22,
FY2024_Q2,KR0068_한화생명,73,1442,0,51,,,,,26,
FY2024_Q2,KR0069_삼성생명,67,618,2,5 50,5 50,,,,,
FY2024_Q2,KR0070_에이비엘생명보험_amended,60,822,0,50,6 50,,,,,
FY2024_Q2,KR0071_흥국생명보험,62,859,0,50,4 50,,,,,
FY2024_Q2,KR0072_케이디비생명보험,63,745,3,49 50,4 49,,,,,
FY2024_Q2,KR0073_교보생명보험,41,1420,0,31,4,,,,,
FY2024_Q2,KR0074_라이나생명보험_amended,108,800,2,39,4 39,,,,,
FY2024_Q2,KR0075_비엔피파리바카디프생명보험_amended,33,1322,0,,4,,,,,
FY2024_Q2,KR0076_아이엠라이프생명보험,58,765,0,49 50,,,,,,
FY2024_Q2,KR0079_미래에셋생명_amended,55,81,25,,,,,,,
FY2024_Q2,KR0080_에이아이에이생명보험,58,946,2,45,5 45,,,,,
FY2024_Q2,KR0082_DB생명보험_amended,61,819,0,44,4 44,,,,,
FY2024_Q2,KR0083_푸본현대생명보험,61,728,1,48,4 48,,,,,
FY2024_Q2,KR0087_동양생명,65,1056,1,4 34 52 53,4 34 52,,,,,
FY2024_Q2,KR0094_신한라이프생명보험,51,1839,0,39,4 39,,,,,
FY2024_Q2,KR0095_메트라이프생명보험,55,801,0,46,4 46,,,,,
FY2024_Q2,KR0097_하나생명보험_amended,56,0,56,,,,,,,
FY2024_Q2,KR0099_케이비라이프생명보험,62,836,0,47 48,4 47,,,,,
FY2024_Q2,KR0100_처브라이프생명보험,71,813,1,43,4 43,,,,,
FY2024_Q2,KR0104_농협생명보험,52,819,0,4 43,4 43,,,,,
FY2024_Q2,KR1000_코리안리,31,1359,0,,,,,,16,
FY2024_Q2,KR1010_교보라이프플래닛생명보험_amended,57,634,2,48,4 48,,,,,
FY2024_Q2,KR1011_IBK연금보험,45,699,0,39,4 39,,,,,
FY2024_Q2,KR1059_캐롯손해보험,57,928,0,,,,,,21 22,
FY2024_Q2,KR1098_카카오페이손해보험_amended2,45,13,45,,,,,,,
FY2024_Q3,KR0001_메리츠화재해상보험_amended_amended3,20,691,0,,,,,,,
FY2024_Q3,KR0002_한화손해보험,240,1117,2,,,,,,,
FY2024_Q3,KR0003_롯데손해보험_amended,22,761,0,,,,,,,
FY2024_Q3,KR0004_예별손해보험,29,833,0,,,,,,,
FY2024_Q3,KR0005_흥국화재,136,776,3,,,,,,,
FY2024_Q3,KR0008_삼성화재해상보험_amended,23,662,0,,,,,,,
FY2024_Q3,KR0009_현대해상_amended,24,592,0,,,,,,,
FY2024_Q3,KR0010_KB손해보험_amended,23,13,22,,,,,,,
FY2024_Q3,KR0011_DB손해보험_amended2,21,777,1,,,,,,,
FY2024_Q3,KR0029_AIG손해보험,24,843,0,,,,,,,
FY2024_Q3,KR0032_NH농협손해보험_amended,25,840,0,,,,,,,
FY2024_Q3,KR0049_악사손해보험,19,307,4,,,,,,,
FY2024_Q3,KR0050_하나손해보험_amended,25,669,0,,,,,,,
FY2024_Q3,KR0051_신한이지손해보험,22,1480,0,,,,,,,
FY2024_Q3,KR0068_한화생명,38,1331,0,,,,,,,
FY2024_Q3,KR0069_삼성생명,34,597,1,,,,,,,
FY2024_Q3,KR0070_에이비엘생명보험,30,1090,0,,,,,,,
FY2024_Q3,KR0071_흥국생명보험,30,863,0,,,,,,,
FY2024_Q3,KR0072_케이디비생명보험,32,619,1,,,,,,,
FY2024_Q3,KR0073_교보생명보험,24,1206,1,,,,,,,
FY2024_Q3,KR0074_라이나생명보험,84,790,2,,,,,,,
FY2024_Q3,KR0075_비엔피파리바카디프생명보험_amended,32,981,0,,,,,,,
FY2024_Q3,KR0076_아이엠라이프생명보험,27,604,2,,,,,,,
FY2024_Q3,KR0079_미래에셋생명_amended,27,62,17,,,,,,,
FY2024_Q3,KR0080_에이아이에이생명보험,30,912,0,,,,,,,
FY2024_Q3,KR0082_DB생명보험_amended,31,715,0,,,,,,,
FY2024_Q3,KR0083_푸본현대생명보험_amended,33,648,1,,,,,,,
FY2024_Q3,KR0087_동양생명,26,910,0,,,,,,,
FY2024_Q3,KR0094_신한라이프생명보험,27,1810,0,,,,,,,
FY2024_Q3,KR0095_메트라이프생명보험,28,719,0,,,,,,,
FY2024_Q3,KR0097_하나생명보험_amended,28,438,4,,,,,,,
FY2024_Q3,KR0099_케이비라이프생명보험_amended,31,752,0,,,,,,,
FY2024_Q3,KR0100_처브라이프생명보험_amended,39,934,0,,,,,,,
FY2024_Q3,KR0104_농협생명보험_amended,15,1243,0,,,,,,,
FY2024_Q3,KR1000_코리안리,17,1095,0,,,,,,,
FY2024_Q3,KR1010_교보라이프플래닛생명보험,30,578,1,,,,,,,
FY2024_Q3,KR1011_IBK연금보험,26,598,0,,,,,,,
FY2024_Q3,KR1059_캐롯손해보험,35,943,0,,,,,,,
FY2024_Q3,KR1098_카카오페이손해보험,19,1,19,,,,,,,
FY2024_Q4,KR0001_메리츠화재해상보험,119,1016,1,99,4,33,32,32,70,
FY2024_Q4,KR0002_한화손해보험,573,917,98,95,4,32 302 491,32 304 493,32 304 493,68,
FY2024_Q4,KR0003_롯데손해보험,135,954,12,110,5 110,35,35,35,82,
FY2024_Q4,KR0004_예별손해보험,98,973,0,86,4,29,28,28,,
FY2024_Q4,KR0005_흥국화재,96,13,93,,,,,,,
FY2024_Q4,KR0008_삼성화재해상보험,131,973,0,4 107 108,4,41,40,40,,
FY2024_Q4,KR0009_현대해상,133,995,2,115,5 115,35,35,35,82 83,
FY2024_Q4,KR0010_KB손해보험,120,1000,8,99,4,38,38,38,71 72,
FY2024_Q4,KR0011_DB손해보험,114,937,2,93,4 93,30,29,29,63,
FY2024_Q4,KR0029_AIG손해보험,90,1036,1,69,4 69,25,24,24,51,
FY2024_Q4,KR0032_NH농협손해보험,109,1123,0,85,4 85,27,27,27,62,
FY2024_Q4,KR0049_악사손해보험,104,732,3,91,4 91,23,22,22,57,
FY2024_Q4,KR0050_하나손해보험,106,1060,0,93 94,4,29,29,29,71 72,
FY2024_Q4,KR0051_신한이지손해보험,73,1510,3,61,6 61,21,21,21,44,
FY2024_Q4,KR0068_한화생명,740,1128,9,106,,31 416 653,31 415 652,31 415 652,76,
FY2024_Q4,KR0069_삼성생명,655,857,6,6 165,6 165,36 314 545,35 313 544,35 313 544,,
FY2024_Q4,KR0070_에이비엘생명보험,598,904,2,99,6 99,37 241 421,37 240 420,37 240 420,,
FY2024_Q4,KR0071_흥국생명보험,538,533,201,,,214 386,214 385,214 385,,
FY2024_Q4,KR0072_케이디비생명보험,658,1635,7,91 92,,30 247,29,29,432 433,
FY2024_Q4,KR0073_교보생명보험,586,916,77,66,4,25 279 505,25 278 504,25 278 504,,
FY2024_Q4,KR0074_라이나생명보험,266,863,18,127,4 127,25 215,24,24,,
FY2024_Q4,KR0075_비엔피파리바카디프생명보험,282,670,69,86,4 86,25 274,25 273,25 273,,
FY2024_Q4,KR0076_아이엠라이프생명보험,328,663,66,92 93,4 92,26 207 208,26 207,26 207,,
FY2024_Q4,KR0079_미래에셋생명,559,614,191,,,316 503,315 502,315 502,,
FY2024_Q4,KR0080_에이아이에이생명보험,475,513,153,,,,,,,
FY2024_Q4,KR0082_DB생명보험,555,799,2,4 86,4 86,28 269 458,28 268 457,28 268 457,,
FY2024_Q4,KR0083_푸본현대생명보험,512,718,72,84 85,4 84,28 254 417,28 253 416,28 253 416,,
FY2024_Q4,KR0087_동양생명,642,884,2,4 101 102,3 4 101,32 260 492,31 260 491,31 260 491,,
FY2024_Q4,KR0094_신한라이프생명보험,667,935,2,164 165,4 165,37 38 39 40 41 42,36 347 579,36 347 579,,
FY2024_Q4,KR0095_메트라이프생명보험,533,938,2,91 92,4 91,30,29,29,,
FY2024_Q4,KR0097_하나생명보험,347,681,96,,,263,262,262,,
FY2024_Q4,KR0099_케이비라이프생명보험,538,898,7,104 105,4 104,34,34,34,,
FY2024_Q4,KR0100_처브라이프생명보험,283,625,62,85,4 85,29,29,29,,
FY2024_Q4,KR0104_농협생명보험,384,888,2,99,4 99,30 229,29 228,29 228 383,,
FY2024_Q4,KR0150_서울보증보험,102,606,10,,5,,,,59,
FY2024_Q4,KR1000_코리안리,49,1609,0,,,15 18,14 18,14 18,34,
FY2024_Q4,KR1010_교보라이프플래닛생명보험,192,1042,1,89,4 89,28,27,27,,
FY2024_Q4,KR1011_IBK연금보험,336,781,2,66,4 66,21,21,,,
FY2024_Q4,KR1059_캐롯손해보험,78,805,0,,,,,,5 44 45,
FY2024_Q4,KR1098_카카오페이손해보험,61,3,61,,,,,,,
FY2025_Q1,KR0001_메리츠화재해상보험,24,683,0,,,,,,,
FY2025_Q1,KR0002_한화손해보험,253,1018,0,,,,,,,
FY2025_Q1,KR0003_롯데손해보험,29,814,0,,,,,,,
FY2025_Q1,KR0004_예별손해보험,32,808,1,,,,,,,
FY2025_Q1,KR0005_흥국화재,135,758,2,,,,,,,
FY2025_Q1,KR0008_삼성화재해상보험,25,705,0,,,,,,,
FY2025_Q1,KR0009_현대해상,25,653,0,,,,,,,
FY2025_Q1,KR0010_KB손해보험,26,10,24,,,,,,,
FY2025_Q1,KR0011_DB손해보험_amended2,24,740,2,,,,,,,
FY2025_Q1,KR0029_AIG손해보험,27,857,1,,,,,,,
FY2025_Q1,KR0032_NH농협손해보험,26,940,0,,,,,,,
FY2025_Q1,KR0049_악사손해보험,30,506,3,,,,,,,
FY2025_Q1,KR0050_하나손해보험,29,652,0,,,,,,,
FY2025_Q1,KR0051_신한이지손해보험,23,1461,0,,,,,,,
FY2025_Q1,KR0068_한화생명,35,979,0,,,,,,,
FY2025_Q1,KR0069_삼성생명,35,617,0,,,,,,,
FY2025_Q1,KR0070_에이비엘생명보험,34,747,0,,,,,,,
FY2025_Q1,KR0071_흥국생명보험,34,767,0,,,,,,,
FY2025_Q1,KR0072_케이디비생명보험,33,696,2,,,,,,,
FY2025_Q1,KR0073_교보생명보험,27,1181,1,,,,,,,
FY2025_Q1,KR0074_라이나생명보험,92,755,3,,,,,,,
FY2025_Q1,KR0075_비엔피파리바카디프생명보험,37,1040,0,,,,,,,
FY2025_Q1,KR0076_아이엠라이프생명보험,28,595,2,,,,,,,
FY2025_Q1,KR0079_미래에셋생명,31,73,17,,,,,,,
FY2025_Q1,KR0080_에이아이에이생명보험,32,102,29,,,,,,,
FY2025_Q1,KR0082_DB생명보험,33,809,0,,,,,,,
FY2025_Q1,KR0083_푸본현대생명보험,36,635,2,,,,,,,
FY2025_Q1,KR0087_동양생명,32,856,0,,,,,,,
FY2025_Q1,KR0094_신한라이프생명보험,36,772,0,,,,,,,
FY2025_Q1,KR0095_메트라이프생명보험,31,703,0,,,,,,,
FY2025_Q1,KR0097_하나생명보험,33,482,4,,,,,,,
FY2025_Q1,KR0099_케이비라이프생명보험,36,779,0,,,,,,,
FY2025_Q1,KR0100_처브라이프생명보험,42,954,1,,,,,,,
FY2025_Q1,KR0104_농협생명보험,32,630,1,,,,,,,
FY2025_Q1,KR0150_서울보증보험,24,684,0,,,,,,,
FY2025_Q1,KR1000_코리안리,20,1002,0,,,,,,,
FY2025_Q1,KR1010_교보라이프플래닛생명보험,34,648,2,,,,,,,
FY2025_Q1,KR1011_IBK연금보험,29,618,0,,,,,,,
FY2025_Q1,KR1059_캐롯손해보험,39,813,0,,,,,,13,
FY2025_Q1,KR1098_카카오페이손해보험,23,668,0,,,,,,,
FY2025_Q2,KR0001_메리츠화재해상보험_amended2,65,964,0,56,4 56,,,,29,
FY2025_Q2,KR0002_한화손해보험,303,1004,1,57,4,,,,31,
FY2025_Q2,KR0003_롯데손해보험,77,890,0,64,5 64,,,,36,
FY2025_Q2,KR0004_예별손해보험,69,867,1,56,4,,,,,
FY2025_Q2,KR0005_흥국화재,187,829,3,57,57,,,,31 32,
FY2025_Q2,KR0008_삼성화재해상보험,68,884,0,4 57 58,4,,,,30,
FY2025_Q2,KR0009_현대해상_amended,68,886,0,59,4 59,,,,29 30,
FY2025_Q2,KR0010_KB손해보험,64,879,3,54 55,4 54,,,,29 30,
FY2025_Q2,KR0011_DB손해보험,68,899,2,56,4 56,,,,29,
FY2025_Q2,KR0029_AIG손해보험,56,947,1,44,4 44,,,,25,
FY2025_Q2,KR0032_NH농협손해보험,65,987,0,55 56,4 55,,,,30,
FY2025_Q2,KR0049_악사손해보험,76,706,1,64,4 64,,,,32,
FY2025_Q2,KR0050_하나손해보험,60,820,0,52 53,4,,,,31 32,
FY2025_Q2,KR0051_신한이지손해보험,48,1583,1,41,4 41,,,,23,
FY2025_Q2,KR0068_한화생명,71,1230,0,56,,,,,29,
FY2025_Q2,KR0069_삼성생명,68,684,1,5 52,5 52,,,,,
FY2025_Q2,KR0070_에이비엘생명보험,66,833,0,56,6 56,,,,,
FY2025_Q2,KR0071_흥국생명보험,69,860,1,57,4 57,,,,,
FY2025_Q2,KR0072_케이디비생명보험,64,826,4,54,,,,,,
FY2025_Q2,KR0073_교보생명보험,46,1373,1,35,,,,,,
FY2025_Q2,KR0074_라이나생명보험,118,800,2,43,4 43,,,,,
FY2025_Q2,KR0075_비엔피파리바카디프생명보험,65,1238,0,55,4 55,,,,,
FY2025_Q2,KR0076_아이엠라이프생명보험,58,742,0,50,4 50,,,,,
FY2025_Q2,KR0079_미래에셋생명,65,70,40,,,,,,,
FY2025_Q2,KR0080_에이아이에이생명보험,52,109,48,,,,,,,
FY2025_Q2,KR0082_DB생명보험,62,831,0,51,4 51,,,,,
FY2025_Q2,KR0083_푸본현대생명보험,69,729,3,55,4 55,,,,,
FY2025_Q2,KR0087_동양생명,47,1083,0,4 36,4 36,,,,,
FY2025_Q2,KR0094_신한라이프생명보험,62,889,1,47 48,4 48,,,,,
FY2025_Q2,KR0095_메트라이프생명보험,62,756,0,53 54,4 53,,,,,
FY2025_Q2,KR0097_하나생명보험,63,654,6,54,4 41 54,,,,,
FY2025_Q2,KR0099_케이비라이프생명보험,70,851,0,54 55,4 54,,,,,
FY2025_Q2,KR0100_처브라이프생명보험,70,883,3,50,4 50,,,,,
FY2025_Q2,KR0104_농협생명보험,60,754,1,50,4 50,,,,,
FY2025_Q2,KR1000_코리안리,35,1446,1,,3,,,,18,
FY2025_Q2,KR1010_교보라이프플래닛생명보험,66,620,4,55,4 55,,,,,
FY2025_Q2,KR1011_IBK연금보험,48,741,0,43,4 43,,,,,
FY2025_Q2,KR1098_카카오페이손해보험,50,763,0,43,43,,,,25,
FY2025_Q3,KR0001_메리츠화재해상보험_amended3,23,690,0,,,,,,,
FY2025_Q3,KR0002_한화손해보험,263,1008,0,,,,,,,
FY2025_Q3,KR0003_롯데손해보험,31,690,0,,,,,,,
FY2025_Q3,KR0004_예별손해보험,27,620,0,,,,,,,
FY2025_Q3,KR0005_흥국화재,136,794,0,,,,,,,
FY2025_Q3,KR0008_삼성화재해상보험,25,697,0,,,,,,,
FY2025_Q3,KR0009_현대해상,25,674,0,,,,,,,
FY2025_Q3,KR0010_KB손해보험,26,7,25,,,,,,,
FY2025_Q3,KR0011_DB손해보험,25,689,2,,,,,,,
FY2025_Q3,KR0011_DB손해보험_amended2,25,689,2,,,,,,,
FY2025_Q3,KR0029_AIG손해보험,27,895,1,,,,,,,
FY2025_Q3,KR0032_NH농협손해보험,30,843,0,,,,,,,
FY2025_Q3,KR0049_악사손해보험,29,633,0,,,,,,,
FY2025_Q3,KR0050_하나손해보험,29,721,0,,,,,,,
FY2025_Q3,KR0051_신한이지손해보험,22,1250,1,,,,,,,
FY2025_Q3,KR0068_한화생명,38,905,0,,,,,,,
FY2025_Q3,KR0069_삼성생명,35,704,0,,,,,,,
FY2025_Q3,KR0070_에이비엘생명보험,35,752,0,,,,,,,
FY2025_Q3,KR0071_흥국생명보험,35,852,0,,,,,,,
FY2025_Q3,KR0072_케이디비생명보험,34,701,0,,,,,,,
FY2025_Q3,KR0073_교보생명보험,26,1131,1,,,,,,,
FY2025_Q3,KR0074_라이나생명보험,165,798,8,,,,,,,
FY2025_Q3,KR0075_비엔피파리바카디프생명보험,38,1106,0,,,,,,,
FY2025_Q3,KR0076_아이엠라이프생명보험,26,723,0,,,,,,,
FY2025_Q3,KR0079_미래에셋생명,35,54,26,,,,,,,
FY2025_Q3,KR0080_에이아이에이생명보험,33,269,23,,,,,,,
FY2025_Q3,KR0082_DB생명보험,31,800,0,,,,,,,
FY2025_Q3,KR0083_푸본현대생명보험,37,632,2,,,,,,,
FY2025_Q3,KR0087_동양생명,29,805,0,,,,,,,
FY2025_Q3,KR0094_신한라이프생명보험,37,755,1,,,,,,,
FY2025_Q3,KR0095_메트라이프생명보험,31,707,0,,,,,,,
FY2025_Q3,KR0097_하나생명보험,38,456,9,,,,,,,
FY2025_Q3,KR0099_케이비라이프생명보험,37,698,0,,,,,,,
FY2025_Q3,KR0100_처브라이프생명보험,42,938,1,,,,,,,
FY2025_Q3,KR0104_농협생명보험,31,684,1,,,,,,,
FY2025_Q3,KR1000_코리안리,20,1092,0,,,,,,,
FY2025_Q3,KR1010_교보라이프플래닛생명보험,35,606,2,,,,,,,
FY2025_Q3,KR1011_IBK연금보험,27,656,0,,,,,,,
FY2025_Q3,KR1098_카카오페이손해보험,21,784,0,,,,,,,
FY2025_Q4,KR0001_메리츠화재해상보험,130,1044,1,110,4,35,34,34,81,
FY2025_Q4,KR0002_한화손해보험,113,1043,0,97,4,32,32,32,69,
FY2025_Q4,KR0003_롯데손해보험,167,832,11,136 137,5 136,45,45,45,104,
FY2025_Q4,KR0004_예별손해보험,91,819,0,79,4,24,23,23,,
FY2025_Q4,KR0005_흥국화재,387,749,77,89,4 89,26 241,26 240,26 240,64 65,
FY2025_Q4,KR0008_삼성화재해상보험,139,996,0,4 116 117,4,43,42,42,86,
FY2025_Q4,KR0009_현대해상,135,1045,5,116,5 116,38,38,38,83 84,
FY2025_Q4,KR0010_KB손해보험,136,230,106,,,,,,,
FY2025_Q4,KR0011_DB손해보험,120,970,2,99,4 99,33,33,33,69,
FY2025_Q4,KR0029_AIG손해보험,103,1086,0,82,4 82,28,27,27,64,
FY2025_Q4,KR0032_NH농협손해보험,111,1083,0,87 88,4 87,29,29,29,64,
FY2025_Q4,KR0049_악사손해보험,115,732,2,102,4 102,28,27,27,68,
FY2025_Q4,KR0050_하나손해보험,109,1077,0,96 97,4,30,30,30,74 75,
FY2025_Q4,KR0051_신한이지손해보험,79,1364,2,65 66,5 65,21,21,21,45,
FY2025_Q4,KR0068_한화생명,797,1094,16,99,,31 455 718,31 454 716 717,31 454 716 717,70,
FY2025_Q4,KR0069_삼성생명,733,893,11,6 169,6 169,37 38 345 348 612 615,36 344 611,36 344 611,,
FY2025_Q4,KR0070_에이비엘생명보험,625,954,1,95,6 95,32 252 451,32 251 450,32 251 450,,
FY2025_Q4,KR0071_흥국생명보험,602,746,87,93 94,4 94,29 237 439,29 236 438,29 236 438,,
FY2025_Q4,KR0072_케이디비생명보험,519,988,11,104 105,4,31 275,30 274,30 274,420,
FY2025_Q4,KR0073_교보생명보험,638,1049,6,75,,27 306 553,27 305 553,27 305 553,,
FY2025_Q4,KR0074_라이나생명보험,424,819,70,135,4 135,24 237 366,24,24,,
FY2025_Q4,KR0075_비엔피파리바카디프생명보험,290,878,10,87,4 87,25,25,25,,
FY2025_Q4,KR0076_아이엠라이프생명보험,354,739,64,97,4 97,29 227 228,28 227,28 227,,
FY2025_Q4,KR0079_미래에셋생명,564,629,193,,,321 515,320 514,320 514,,
FY2025_Q4,KR0080_에이아이에이생명보험,493,525,156,,,,,,,
FY2025_Q4,KR0082_DB생명보험,600,818,4,4 91,4 91,28 293 502,28 292 501,28 292 501,,
FY2025_Q4,KR0083_푸본현대생명보험,545,905,10,92,,29 272 451,29 271 450,29 271 450,,
FY2025_Q4,KR0087_동양생명,677,722,79,102 103,4 102,34 275 510,33 274 509,33 274 509,,
FY2025_Q4,KR0094_신한라이프생명보험,697,1157,6,151,4 151,35 36 37 38 39 40,34 342 595,34 342 595,,
FY2025_Q4,KR0095_메트라이프생명보험,604,1022,5,102 103,,32,31,31,,
FY2025_Q4,KR0097_하나생명보험,550,927,17,98 99,4 84 98,27 290 456,27 289 455,27 289 455,,
FY2025_Q4,KR0099_케이비라이프생명보험,606,838,70,114 115,4 114,34 249 461,34 248 460,34 248 460,,
FY2025_Q4,KR0100_처브라이프생명보험,298,693,60,146,4 146,28 266,28 265,28 265,,
FY2025_Q4,KR0104_농협생명보험,128,898,4,104,4 104,31,30,30,,
FY2025_Q4,KR0150_서울보증보험,104,567,10,,5,,,,63,
FY2025_Q4,KR1000_코리안리,57,1632,0,,3,17 21,16 21,16 21,40,
FY2025_Q4,KR1010_교보라이프플래닛생명보험,185,1015,2,89,4 89,28,27,27,,
FY2025_Q4,KR1011_IBK연금보험,315,664,70,73,4 73,23,23,,,
FY2025_Q4,KR1098_카카오페이손해보험,63,940,0,54,54,20,19,19,40,
FY2026_Q1,(한화생명) 2026년 1분기 경영공시_vf,37,957,0,,,,,,,
FY2026_Q1,KR0001_메리츠화재해상보험,25,688,0,,,,,,,
FY2026_Q1,KR0002_한화손해보험,279,943,0,,,,,,,
FY2026_Q1,KR0003_롯데손해보험,33,677,0,,,,,,,
FY2026_Q1,KR0004_예별손해보험,28,667,1,,,,,,,
FY2026_Q1,KR0005_흥국화재,144,753,1,,,,,,,
FY2026_Q1,KR0008_삼성화재해상보험,24,759,0,,,,,,,
FY2026_Q1,KR0009_현대해상,27,709,0,,,,,,,
FY2026_Q1,KR0010_KB손해보험,27,33,24,,,,,,,
FY2026_Q1,KR0011_DB손해보험,25,686,2,,,,,,,
FY2026_Q1,KR0029_AIG손해보험,28,908,0,,,,,,,
FY2026_Q1,KR0032_NH농협손해보험,30,908,0,,,,,,,
FY2026_Q1,KR0049_악사손해보험,30,523,3,,,,,,,
FY2026_Q1,KR0050_하나손해보험,29,657,0,,,,,,,
FY2026_Q1,KR0051_신한이지손해보험,22,1030,0,,,,,,,
FY2026_Q1,KR0068_한화생명,37,953,0,,,,,,,
FY2026_Q1,KR0069_삼성생명보험,36,710,0,,,,,,,
FY2026_Q1,KR0070_에이비엘생명보험,35,742,0,,,,,,,
FY2026_Q1,KR0071_흥국생명보험,34,751,0,,,,,,,
FY2026_Q1,KR0072_케이디비생명보험,36,640,2,,,,,,,
FY2026_Q1,KR0073_교보생명보험,26,1222,1,,,,,,,
FY2026_Q1,KR0074_라이나생명보험,174,788,7,,,,,,,
FY2026_Q1,KR0075_비엔피파리바카디프생명보험,38,487,4,,,,,,,
FY2026_Q1,KR0076_아이엠라이프생명보험,27,734,0,,,,,,,
FY2026_Q1,KR0079_미래에셋생명,32,55,24,,,,,,,
FY2026_Q1,KR0080_에이아이에이생명보험,36,249,28,,,,,,,
FY2026_Q1,KR0082_DB생명보험,33,772,0,,,,,,,
FY2026_Q1,KR0083_푸본현대생명보험,39,677,1,,,,,,,
FY2026_Q1,KR0087_동양생명,32,4,32,,,,,,,
FY2026_Q1,KR0094_신한라이프생명보험,36,1189,0,,,,,,,
FY2026_Q1,KR0095_메트라이프생명보험,31,690,0,,,,,,,
FY2026_Q1,KR0097_하나생명보험,18,1010,0,,,,,,,
FY2026_Q1,KR0099_KB라이프생명,38,742,0,,,,,,,
FY2026_Q1,KR0100_처브라이프생명보험,29,692,0,,,,,,,
FY2026_Q1,KR0104_농협생명보험,32,671,1,,,,,,,
FY2026_Q1,KR0150_서울보증보험,27,702,1,,,,,,,
FY2026_Q1,KR1000_코리안리재보험,19,1150,0,,,,,,,
FY2026_Q1,KR1010_교보라이프플래닛생명보험,34,621,2,,,,,,,
FY2026_Q1,KR1011_IBK연금보험,28,632,0,,,,,,,
FY2026_Q1,KR1098_카카오페이손해보험,23,716,0,,,,,,,
FY2026_Q2,KR0001_메리츠화재해상보험,66,962,0,57,4 57,,,,30,
FY2026_Q2,KR0002_한화손해보험,316,1032,0,55,4,,,,30,
FY2026_Q2,KR0003_롯데손해보험,96,734,0,77,4 77,,,,40 41,
FY2026_Q2,KR0004_MG_예별손해보험,67,769,2,57,4,,,,,
FY2026_Q2,KR0005_흥국화재,181,857,1,52,4 52,,,,28 29,
FY2026_Q2,KR0008_삼성화재해상보험,69,876,0,4 58 59,4,,,,30,
FY2026_Q2,KR0009_현대해상,69,921,0,58 59,4 58,,,,29 30,
FY2026_Q2,KR0010_KB손해보험,64,0,64,,,,,,,
FY2026_Q2,KR0011_DB손해보험,68,907,2,56,4 56,,,,29,
FY2026_Q2,KR0029_AIG손해보험,59,958,0,47,4 47,,,,27,
FY2026_Q2,KR0032_NH농협손해보험,60,1006,0,51 52,4 51,,,,29,
FY2026_Q2,KR0049_악사손해보험,75,712,1,63,4 63,,,,31,
FY2026_Q2,KR0050_하나손해보험,60,831,0,52 53,4,,,,31 32,
FY2026_Q2,KR0051_신한이지손해보험,47,1718,0,40,4 40,,,,22,
FY2026_Q2,KR0068_한화생명,72,1241,0,57 58,,,,,31,
FY2026_Q2,KR0069_삼성생명,69,694,1,5 53,5,,,,,
FY2026_Q2,KR0070_에이비엘생명보험,66,848,1,56,6 56,,,,,
FY2026_Q2,KR0071_흥국생명보험,66,834,0,53 54,4 54,,,,,
FY2026_Q2,KR0072_케이디비생명보험,66,764,3,55 56,,,,,,
FY2026_Q2,KR0073_교보생명보험,45,1393,1,35,,,,,,
FY2026_Q2,KR0074_라이나생명보험,197,838,6,44,4 44,,,,,
FY2026_Q2,KR0075_비엔피파리바카디프생명보험,65,607,8,55,4 55,,,,,
FY2026_Q2,KR0076_아이엠라이프생명보험,59,760,0,51,4 51,,,,,
FY2026_Q2,KR0079_미래에셋생명,65,75,39,,,,,,,
FY2026_Q2,KR0080_에이아이에이생명보험,61,982,0,48,5 48,,,,,
FY2026_Q2,KR0082_DB생명보험,63,837,0,4 52,4 52,,,,,
FY2026_Q2,KR0083_푸본현대생명보험,70,780,1,54,,,,,,
FY2026_Q2,KR0087_동양생명,59,4,59,,,,,,,
FY2026_Q2,KR0094_신한라이프생명보험,62,901,1,47 48,4 48,,,,,
FY2026_Q2,KR0095_메트라이프생명보험,62,838,0,50 51,4 50,,,,,
FY2026_Q2,KR0097_하나생명보험,66,661,7,57 58,,,,,,
FY2026_Q2,KR0099_케이비라이프생명보험,71,844,0,54 55,4 54,,,,,
FY2026_Q2,KR0100_처브라이프생명보험,59,766,1,49,4 49,,,,,
FY2026_Q2,KR0104_농협생명보험,63,728,3,54,4 54,,,,,
FY2026_Q2,KR0150_서울보증보험,56,717,1,,4,,,,25,
FY2026_Q2,KR1000_코리안리재보험,35,1432,0,,3,,,,18,
FY2026_Q2,KR1010_교보라이프플래닛생명보험,64,648,3,55,4 55,,,,,
FY2026_Q2,KR1011_IBK연금보험,48,749,0,43,4 43,,,,,
FY2026_Q2,KR1098_카카오페이손해보험,48,837,0,38,38,,,,24,
