테이블,회사,분기,항목,유형,상세,검토 의견,,,,,
CSM워터폴,AIG손해보험,2025.4Q,기초 CSM,EMPTY,값=비어있음(타분기는 채워짐 → 실제 갭),입력함,,,,,
CSM워터폴,AIG손해보험,2025.4Q,신계약 CSM,EMPTY,값=비어있음(타분기는 채워짐 → 실제 갭),입력함,,,,,
CSM워터폴,AIG손해보험,2025.4Q,이자 부리,EMPTY,값=비어있음(타분기는 채워짐 → 실제 갭),입력함,,,,,
CSM워터폴,AIG손해보험,2025.4Q,가정 및 경험 조정,EMPTY,값=비어있음(타분기는 채워짐 → 실제 갭),입력함,,,,,
CSM워터폴,AIG손해보험,2025.4Q,CSM 상각,EMPTY,값=비어있음(타분기는 채워짐 → 실제 갭),입력함,,,,,
CSM워터폴,AIG손해보험,2025.4Q,기말 CSM,EMPTY,값=비어있음(타분기는 채워짐 → 실제 갭),입력함,,,,,
CSM워터폴,하나손해보험,2024.4Q,이자 부리,EMPTY,값=비어있음(타분기는 채워짐 → 실제 갭),입력함,,,,,
K-ICS공시,KB손해보험,2025.4Q,2. 자본항목 중 보통주 이외의 자본증권,EMPTY,값=비어있음(타분기는 채워짐 → 실제 갭),0 맞다.,,,,,
K-ICS공시,KB손해보험,2025.4Q,4. 자본조정,EMPTY,값=비어있음(타분기는 채워짐 → 실제 갭),0 맞다,,,,,
K-ICS공시,미래에셋생명보험,2025.4Q,2. 자본항목 중 보통주 이외의 자본증권,EMPTY,값=비어있음(타분기는 채워짐 → 실제 갭),0 맞다,,,,,
K-ICS공시,미래에셋생명보험,2025.4Q,6. 비지배지분,EMPTY,값=비어있음(타분기는 채워짐 → 실제 갭),0 맞다,,,,,
K-ICS공시,미래에셋생명보험,2025.4Q,Ⅱ. 지급여력금액으로 불인정하는 항목 (지급이 예정된 주주배당액 등),EMPTY,값=비어있음(타분기는 채워짐 → 실제 갭),0 맞다,,,,,
K-ICS공시,삼성생명보험,2023.4Q,6. 비지배지분,EMPTY,값=비어있음(타분기는 채워짐 → 실제 갭),0 맞다,,,,,
K-ICS공시,동양생명,2023.2Q,MISSING_FILER_CELL,RED,regular filer 동양생명 (KR0087) missing in 2023.2Q (expected by census grid),23.3Q 이전 오류는 패스,,,,,
K-ICS공시,미래에셋생명보험,2023.2Q,KICS_8_life,RED,K-ICS rule 8_life:  (expected=16127.595013342812 actual=17495.0 diff=1367.4049866571877),23.3Q 이전 오류는 패스,,,,,
K-ICS공시,에이아이에이생명보험,2025.1Q,KICS_2,RED,K-ICS rule 2:  (expected=32933.0 actual=32144.0 diff=-789.0),32114 로 수정. (expected 숫자도 틀렸다),,,,,
K-ICS공시,에이아이에이생명보험,2025.4Q,KICS_19_market,RED,K-ICS rule 19_market:  (expected=7459.886520875435 actual=8150.0 diff=690.113479124565),"주식위험액, 외환위험액 숫자를 수정",,,,,
K-ICS공시,카카오페이손해보험,2023.4Q,MISSING_FILER_CELL,RED,regular filer 카카오페이손해보험 (KR1098) missing in 2023.4Q (expected by census grid),채움,,,,,
K-ICS공시,카카오페이손해보험,2024.2Q,MISSING_FILER_CELL,RED,regular filer 카카오페이손해보험 (KR1098) missing in 2024.2Q (expected by census grid),채움,,,,,
K-ICS공시,카카오페이손해보험,2024.3Q,MISSING_FILER_CELL,RED,regular filer 카카오페이손해보험 (KR1098) missing in 2024.3Q (expected by census grid),채움,,,,,
K-ICS공시,카카오페이손해보험,2024.4Q,MISSING_FILER_CELL,RED,regular filer 카카오페이손해보험 (KR1098) missing in 2024.4Q (expected by census grid),채움,,,,,
K-ICS공시,카카오페이손해보험,2025.3Q,KICS_6,RED,K-ICS rule 6: missing items for rule 6 (expected=None actual=None diff=None),"21번 항목 0으로 수정, 16번 항목도 추가",,,,,
K-ICS공시,하나생명보험,2024.2Q,MISSING_FILER_CELL,RED,regular filer 하나생명보험 (KR0097) missing in 2024.2Q (expected by census grid),채움,,,,,
K-ICS공시,한화생명,2025.2Q,KICS_19_market,RED,K-ICS rule 19_market:  (expected=56281.26448055738 actual=68001.0 diff=11719.73551944262),주식위험액 숫자 수정,,,,,
보완자본소진율,KB손해보험,2026.1Q,T2_UTIL_OVER_100_NO_EXEMPTION,RED,"보완자본 인정한도 소진율 218.42% >100% 이나 경과조치 면제표(기발행 신종/후순위)가 파싱 안 됨 (data_source=proxy, hybrid=None, sub=None) — 분자가 면제분 못 빼 부풀음 = artifact (KB손보 패턴). 면제표 추출 ",,,,,,
보완자본소진율,동양생명,2026.1Q,T2_UTIL_OVER_100_NO_EXEMPTION,RED,"보완자본 인정한도 소진율 240.23% >100% 이나 경과조치 면제표(기발행 신종/후순위)가 파싱 안 됨 (data_source=proxy, hybrid=None, sub=None) — 분자가 면제분 못 빼 부풀음 = artifact (KB손보 패턴). 면제표 추출 ",,,,,,
보완자본소진율,미래에셋생명보험,2026.1Q,T2_UTIL_OVER_100_NO_EXEMPTION,RED,"보완자본 인정한도 소진율 126.45% >100% 이나 경과조치 면제표(기발행 신종/후순위)가 파싱 안 됨 (data_source=proxy, hybrid=None, sub=None) — 분자가 면제분 못 빼 부풀음 = artifact (KB손보 패턴). 면제표 추출 ",,,,,,
보완자본소진율,신한이지손해보험,2026.1Q,T2_DENOM_NOT_SCR_HALF,RED,"보완자본 한도 분모 2.68억 ≠ SCR×50% 268억 (item14 SCR=536.0억). K-ICS 분모=SCR×50% (해설서 Ⅲ.2.마); 기본자본×100%는 RBC 구제도(p288), K-ICS 아님.",,,,,,
손익분해PL,교보라이프플래닛생명보험,2024.4Q,생명장기 손익,EMPTY,값=비어있음(타분기는 채워짐 → 실제 갭),,,,,,
손익분해PL,교보라이프플래닛생명보험,2024.4Q,생명장기 원수손익,EMPTY,값=비어있음(타분기는 채워짐 → 실제 갭),,,,,,
손익분해PL,교보라이프플래닛생명보험,2024.4Q,생명장기 재보험손익,EMPTY,값=비어있음(타분기는 채워짐 → 실제 갭),,,,,,
손익분해PL,교보라이프플래닛생명보험,2024.4Q,보험금융손익,MOLE/EXTRACTION_ERROR,"현재값=0.0 · 2025.4Q=-20,164인데 2024.4Q=0 — 의심이나 비교분기 1개뿐(약확신).",,,,,,
손익분해PL,교보생명보험,2024.4Q,원수예실차,MOLE/EXTRACTION_ERROR,"현재값=0.0 · 대형 생보사 원수예실차가 4개 분기 정확히 0 — 다른 분기 19,583/-25,905. 예실차가 정확히 0일 수 없음(행 미캡처).",,,,,,
손익분해PL,교보생명보험,2025.1Q,원수예실차,MOLE/EXTRACTION_ERROR,"현재값=0.0 · 대형 생보사 원수예실차가 4개 분기 정확히 0 — 다른 분기 19,583/-25,905. 예실차가 정확히 0일 수 없음(행 미캡처).",,,,,,
손익분해PL,교보생명보험,2025.4Q,원수예실차,MOLE/EXTRACTION_ERROR,"현재값=0.0 · 대형 생보사 원수예실차가 4개 분기 정확히 0 — 다른 분기 19,583/-25,905. 예실차가 정확히 0일 수 없음(행 미캡처).",,,,,,
손익분해PL,교보생명보험,2026.1Q,원수예실차,MOLE/EXTRACTION_ERROR,"현재값=0.0 · 대형 생보사 원수예실차가 4개 분기 정확히 0 — 다른 분기 19,583/-25,905. 예실차가 정확히 0일 수 없음(행 미캡처).",,,,,,
손익분해PL,동양생명,2023.4Q,재보험 CSM상각,EMPTY,값=비어있음(타분기는 채워짐 → 실제 갭),dart 공시자료 자체 정합성 의심. 연속성 검토해봐야 할듯,,,,,
손익분해PL,동양생명,2023.4Q,재보험 위험조정 변동,EMPTY,값=비어있음(타분기는 채워짐 → 실제 갭),dart 공시자료 자체 정합성 의심. 연속성 검토해봐야 할듯,,,,,
손익분해PL,동양생명,2023.4Q,기타 생명장기 재보험손익,EMPTY,값=비어있음(타분기는 채워짐 → 실제 갭),dart 공시자료 자체 정합성 의심. 연속성 검토해봐야 할듯,,,,,
손익분해PL,동양생명,2024.1Q,재보험 CSM상각,EMPTY,값=비어있음(타분기는 채워짐 → 실제 갭),dart 공시자료 자체 정합성 의심. 연속성 검토해봐야 할듯,,,,,
손익분해PL,동양생명,2024.1Q,재보험 위험조정 변동,EMPTY,값=비어있음(타분기는 채워짐 → 실제 갭),dart 공시자료 자체 정합성 의심. 연속성 검토해봐야 할듯,,,,,
손익분해PL,동양생명,2024.1Q,기타 생명장기 재보험손익,EMPTY,값=비어있음(타분기는 채워짐 → 실제 갭),dart 공시자료 자체 정합성 의심. 연속성 검토해봐야 할듯,,,,,
손익분해PL,동양생명,2024.2Q,재보험 CSM상각,EMPTY,값=비어있음(타분기는 채워짐 → 실제 갭),dart 공시자료 자체 정합성 의심. 연속성 검토해봐야 할듯,,,,,
손익분해PL,동양생명,2024.2Q,재보험 위험조정 변동,EMPTY,값=비어있음(타분기는 채워짐 → 실제 갭),dart 공시자료 자체 정합성 의심. 연속성 검토해봐야 할듯,,,,,
손익분해PL,동양생명,2024.2Q,기타 생명장기 재보험손익,EMPTY,값=비어있음(타분기는 채워짐 → 실제 갭),dart 공시자료 자체 정합성 의심. 연속성 검토해봐야 할듯,,,,,
손익분해PL,동양생명,2024.3Q,재보험 CSM상각,EMPTY,값=비어있음(타분기는 채워짐 → 실제 갭),dart 공시자료 자체 정합성 의심. 연속성 검토해봐야 할듯,,,,,
손익분해PL,동양생명,2024.3Q,재보험 위험조정 변동,EMPTY,값=비어있음(타분기는 채워짐 → 실제 갭),dart 공시자료 자체 정합성 의심. 연속성 검토해봐야 할듯,,,,,
손익분해PL,동양생명,2024.3Q,기타 생명장기 재보험손익,EMPTY,값=비어있음(타분기는 채워짐 → 실제 갭),dart 공시자료 자체 정합성 의심. 연속성 검토해봐야 할듯,,,,,
손익분해PL,동양생명,2024.4Q,재보험 CSM상각,EMPTY,값=비어있음(타분기는 채워짐 → 실제 갭),dart 공시자료 자체 정합성 의심. 연속성 검토해봐야 할듯,,,,,
손익분해PL,동양생명,2024.4Q,재보험 위험조정 변동,EMPTY,값=비어있음(타분기는 채워짐 → 실제 갭),dart 공시자료 자체 정합성 의심. 연속성 검토해봐야 할듯,,,,,
손익분해PL,동양생명,2024.4Q,기타 생명장기 재보험손익,EMPTY,값=비어있음(타분기는 채워짐 → 실제 갭),dart 공시자료 자체 정합성 의심. 연속성 검토해봐야 할듯,,,,,
손익분해PL,동양생명,2025.1Q,재보험 CSM상각,EMPTY,값=비어있음(타분기는 채워짐 → 실제 갭),dart 공시자료 자체 정합성 의심. 연속성 검토해봐야 할듯,,,,,
손익분해PL,동양생명,2025.1Q,재보험 위험조정 변동,EMPTY,값=비어있음(타분기는 채워짐 → 실제 갭),dart 공시자료 자체 정합성 의심. 연속성 검토해봐야 할듯,,,,,
손익분해PL,동양생명,2025.1Q,기타 생명장기 재보험손익,EMPTY,값=비어있음(타분기는 채워짐 → 실제 갭),dart 공시자료 자체 정합성 의심. 연속성 검토해봐야 할듯,,,,,
손익분해PL,동양생명,2025.3Q,재보험 CSM상각,EMPTY,값=비어있음(타분기는 채워짐 → 실제 갭),dart 공시자료 자체 정합성 의심. 연속성 검토해봐야 할듯,,,,,
손익분해PL,동양생명,2025.3Q,재보험 위험조정 변동,EMPTY,값=비어있음(타분기는 채워짐 → 실제 갭),dart 공시자료 자체 정합성 의심. 연속성 검토해봐야 할듯,,,,,
손익분해PL,동양생명,2025.3Q,재보험 예실차,EMPTY,값=비어있음(타분기는 채워짐 → 실제 갭),dart 공시자료 자체 정합성 의심. 연속성 검토해봐야 할듯,,,,,
손익분해PL,동양생명,2025.3Q,기타 생명장기 재보험손익,EMPTY,값=비어있음(타분기는 채워짐 → 실제 갭),dart 공시자료 자체 정합성 의심. 연속성 검토해봐야 할듯,,,,,
손익분해PL,비엔피파리바카디프생명보험,2024.4Q,원수 CSM상각,EMPTY,값=비어있음(타분기는 채워짐 → 실제 갭),,,,,,
손익분해PL,비엔피파리바카디프생명보험,2024.4Q,원수 위험조정 변동,EMPTY,값=비어있음(타분기는 채워짐 → 실제 갭),,,,,,
손익분해PL,비엔피파리바카디프생명보험,2024.4Q,원수 예실차,EMPTY,값=비어있음(타분기는 채워짐 → 실제 갭),,,,,,
손익분해PL,비엔피파리바카디프생명보험,2025.4Q,원수위험조정변동,MOLE/UNIT_ERROR,"현재값=1768401.0 · 1,768,401백만(=1.77조)은 소형 카디프 생보사 RA변동으로 불가능. /100=17,684로 cohort(27,260) 정합 → 백만/억 단위오류.",,,,,,
손익분해PL,삼성화재해상보험,2026.1Q,자동차손익,MOLE/EXTRACTION_ERROR,"현재값=-40.0 · 국내 최대 자동차보험사 자동차손익이 -40백만(자기 1Q 이력 ±121,893~183,140). 사실상 0 → 셀/컬럼 미스파싱.",,,,,,
손익분해PL,신한이지손해보험,2025.4Q,보험금융손익,MOLE/EXTRACTION_ERROR,"현재값=0.0 · 2024.4Q=-2,328.7인데 2025.4Q=0 — 보험금융손익 0은 의심이나 비교분기 1개뿐(약확신).",,,,,,
손익분해PL,에이비엘생명보험,2023.4Q,기타사업비용,EMPTY,값=비어있음(타분기는 채워짐 → 실제 갭),,,,,,
손익분해PL,에이비엘생명보험,2024.1Q,재보험 CSM상각,EMPTY,값=비어있음(타분기는 채워짐 → 실제 갭),,,,,,
손익분해PL,에이비엘생명보험,2024.1Q,재보험 위험조정 변동,EMPTY,값=비어있음(타분기는 채워짐 → 실제 갭),,,,,,
손익분해PL,에이비엘생명보험,2024.1Q,재보험 예실차,EMPTY,값=비어있음(타분기는 채워짐 → 실제 갭),,,,,,
손익분해PL,에이비엘생명보험,2024.1Q,기타 생명장기 재보험손익,EMPTY,값=비어있음(타분기는 채워짐 → 실제 갭),,,,,,
손익분해PL,에이비엘생명보험,2024.2Q,재보험 CSM상각,EMPTY,값=비어있음(타분기는 채워짐 → 실제 갭),,,,,,
손익분해PL,에이비엘생명보험,2024.2Q,재보험 위험조정 변동,EMPTY,값=비어있음(타분기는 채워짐 → 실제 갭),,,,,,
손익분해PL,에이비엘생명보험,2024.2Q,재보험 예실차,EMPTY,값=비어있음(타분기는 채워짐 → 실제 갭),,,,,,
손익분해PL,에이비엘생명보험,2024.2Q,기타 생명장기 재보험손익,EMPTY,값=비어있음(타분기는 채워짐 → 실제 갭),,,,,,
손익분해PL,에이비엘생명보험,2024.3Q,재보험 CSM상각,EMPTY,값=비어있음(타분기는 채워짐 → 실제 갭),,,,,,
손익분해PL,에이비엘생명보험,2024.3Q,재보험 위험조정 변동,EMPTY,값=비어있음(타분기는 채워짐 → 실제 갭),,,,,,
손익분해PL,에이비엘생명보험,2024.3Q,재보험 예실차,EMPTY,값=비어있음(타분기는 채워짐 → 실제 갭),,,,,,
손익분해PL,에이비엘생명보험,2024.3Q,기타 생명장기 재보험손익,EMPTY,값=비어있음(타분기는 채워짐 → 실제 갭),,,,,,
손익분해PL,코리안리재보험,2026.1Q,기타생명장기재보험손익,MOLE/EXTRACTION_ERROR,"현재값=43.0 · 서로 다른 두 항목이 동일하게 43.0 (이력 ~10,000~23,000) — 동일 셀 중복 추출 의심.",,,,,,
손익분해PL,코리안리재보험,2026.1Q,기타장기재보험출재손익,MOLE/EXTRACTION_ERROR,"현재값=43.0 · 서로 다른 두 항목이 동일하게 43.0 (이력 ~10,000~23,000) — 동일 셀 중복 추출 의심.",,,,,,
손익분해PL,현대해상,2023.4Q,생명장기 원수손익,EMPTY,값=비어있음(타분기는 채워짐 → 실제 갭),"채웠는데, 추정치가 많아서 연속성 등 재검증 필요해 보임. 실제로 변동성 큰게 맞다면, ""추정치"" 정도로 홈페이지에선 별도 음영처리 등 필요해 보인다",,,,,
손익분해PL,현대해상,2023.4Q,원수 예실차,EMPTY,값=비어있음(타분기는 채워짐 → 실제 갭),"채웠는데, 추정치가 많아서 연속성 등 재검증 필요해 보임. 실제로 변동성 큰게 맞다면, ""추정치"" 정도로 홈페이지에선 별도 음영처리 등 필요해 보인다",,,,,
손익분해PL,현대해상,2023.4Q,기타 생명장기 원수손익,EMPTY,값=비어있음(타분기는 채워짐 → 실제 갭),"채웠는데, 추정치가 많아서 연속성 등 재검증 필요해 보임. 실제로 변동성 큰게 맞다면, ""추정치"" 정도로 홈페이지에선 별도 음영처리 등 필요해 보인다",,,,,
손익분해PL,현대해상,2023.4Q,생명장기 재보험손익,EMPTY,값=비어있음(타분기는 채워짐 → 실제 갭),"채웠는데, 추정치가 많아서 연속성 등 재검증 필요해 보임. 실제로 변동성 큰게 맞다면, ""추정치"" 정도로 홈페이지에선 별도 음영처리 등 필요해 보인다",,,,,
손익분해PL,현대해상,2023.4Q,재보험 예실차,EMPTY,값=비어있음(타분기는 채워짐 → 실제 갭),"채웠는데, 추정치가 많아서 연속성 등 재검증 필요해 보임. 실제로 변동성 큰게 맞다면, ""추정치"" 정도로 홈페이지에선 별도 음영처리 등 필요해 보인다",,,,,
손익분해PL,현대해상,2023.4Q,기타 생명장기 재보험손익,EMPTY,값=비어있음(타분기는 채워짐 → 실제 갭),"채웠는데, 추정치가 많아서 연속성 등 재검증 필요해 보임. 실제로 변동성 큰게 맞다면, ""추정치"" 정도로 홈페이지에선 별도 음영처리 등 필요해 보인다",,,,,
손익분해PL,현대해상,2023.4Q,자동차손익,EMPTY,값=비어있음(타분기는 채워짐 → 실제 갭),"채웠는데, 추정치가 많아서 연속성 등 재검증 필요해 보임. 실제로 변동성 큰게 맞다면, ""추정치"" 정도로 홈페이지에선 별도 음영처리 등 필요해 보인다",,,,,
손익분해PL,현대해상,2023.4Q,일반손익,EMPTY,값=비어있음(타분기는 채워짐 → 실제 갭),"채웠는데, 추정치가 많아서 연속성 등 재검증 필요해 보임. 실제로 변동성 큰게 맞다면, ""추정치"" 정도로 홈페이지에선 별도 음영처리 등 필요해 보인다",,,,,
손익분해PL,현대해상,2024.1Q,생명장기 원수손익,EMPTY,값=비어있음(타분기는 채워짐 → 실제 갭),"채웠는데, 추정치가 많아서 연속성 등 재검증 필요해 보임. 실제로 변동성 큰게 맞다면, ""추정치"" 정도로 홈페이지에선 별도 음영처리 등 필요해 보인다",,,,,
손익분해PL,현대해상,2024.1Q,원수 예실차,EMPTY,값=비어있음(타분기는 채워짐 → 실제 갭),"채웠는데, 추정치가 많아서 연속성 등 재검증 필요해 보임. 실제로 변동성 큰게 맞다면, ""추정치"" 정도로 홈페이지에선 별도 음영처리 등 필요해 보인다",,,,,
손익분해PL,현대해상,2024.1Q,기타 생명장기 원수손익,EMPTY,값=비어있음(타분기는 채워짐 → 실제 갭),"채웠는데, 추정치가 많아서 연속성 등 재검증 필요해 보임. 실제로 변동성 큰게 맞다면, ""추정치"" 정도로 홈페이지에선 별도 음영처리 등 필요해 보인다",,,,,
손익분해PL,현대해상,2024.1Q,생명장기 재보험손익,EMPTY,값=비어있음(타분기는 채워짐 → 실제 갭),"채웠는데, 추정치가 많아서 연속성 등 재검증 필요해 보임. 실제로 변동성 큰게 맞다면, ""추정치"" 정도로 홈페이지에선 별도 음영처리 등 필요해 보인다",,,,,
손익분해PL,현대해상,2024.1Q,재보험 예실차,EMPTY,값=비어있음(타분기는 채워짐 → 실제 갭),"채웠는데, 추정치가 많아서 연속성 등 재검증 필요해 보임. 실제로 변동성 큰게 맞다면, ""추정치"" 정도로 홈페이지에선 별도 음영처리 등 필요해 보인다",,,,,
손익분해PL,현대해상,2024.1Q,기타 생명장기 재보험손익,EMPTY,값=비어있음(타분기는 채워짐 → 실제 갭),"채웠는데, 추정치가 많아서 연속성 등 재검증 필요해 보임. 실제로 변동성 큰게 맞다면, ""추정치"" 정도로 홈페이지에선 별도 음영처리 등 필요해 보인다",,,,,
손익분해PL,현대해상,2024.2Q,생명장기 원수손익,EMPTY,값=비어있음(타분기는 채워짐 → 실제 갭),"채웠는데, 추정치가 많아서 연속성 등 재검증 필요해 보임. 실제로 변동성 큰게 맞다면, ""추정치"" 정도로 홈페이지에선 별도 음영처리 등 필요해 보인다",,,,,
손익분해PL,현대해상,2024.2Q,원수 예실차,EMPTY,값=비어있음(타분기는 채워짐 → 실제 갭),"채웠는데, 추정치가 많아서 연속성 등 재검증 필요해 보임. 실제로 변동성 큰게 맞다면, ""추정치"" 정도로 홈페이지에선 별도 음영처리 등 필요해 보인다",,,,,
손익분해PL,현대해상,2024.2Q,기타 생명장기 원수손익,EMPTY,값=비어있음(타분기는 채워짐 → 실제 갭),"채웠는데, 추정치가 많아서 연속성 등 재검증 필요해 보임. 실제로 변동성 큰게 맞다면, ""추정치"" 정도로 홈페이지에선 별도 음영처리 등 필요해 보인다",,,,,
손익분해PL,현대해상,2024.2Q,생명장기 재보험손익,EMPTY,값=비어있음(타분기는 채워짐 → 실제 갭),"채웠는데, 추정치가 많아서 연속성 등 재검증 필요해 보임. 실제로 변동성 큰게 맞다면, ""추정치"" 정도로 홈페이지에선 별도 음영처리 등 필요해 보인다",,,,,
손익분해PL,현대해상,2024.2Q,재보험 예실차,EMPTY,값=비어있음(타분기는 채워짐 → 실제 갭),"채웠는데, 추정치가 많아서 연속성 등 재검증 필요해 보임. 실제로 변동성 큰게 맞다면, ""추정치"" 정도로 홈페이지에선 별도 음영처리 등 필요해 보인다",,,,,
손익분해PL,현대해상,2024.2Q,기타 생명장기 재보험손익,EMPTY,값=비어있음(타분기는 채워짐 → 실제 갭),"채웠는데, 추정치가 많아서 연속성 등 재검증 필요해 보임. 실제로 변동성 큰게 맞다면, ""추정치"" 정도로 홈페이지에선 별도 음영처리 등 필요해 보인다",,,,,
손익분해PL,현대해상,2024.3Q,생명장기 원수손익,EMPTY,값=비어있음(타분기는 채워짐 → 실제 갭),"채웠는데, 추정치가 많아서 연속성 등 재검증 필요해 보임. 실제로 변동성 큰게 맞다면, ""추정치"" 정도로 홈페이지에선 별도 음영처리 등 필요해 보인다",,,,,
손익분해PL,현대해상,2024.3Q,원수 예실차,EMPTY,값=비어있음(타분기는 채워짐 → 실제 갭),"채웠는데, 추정치가 많아서 연속성 등 재검증 필요해 보임. 실제로 변동성 큰게 맞다면, ""추정치"" 정도로 홈페이지에선 별도 음영처리 등 필요해 보인다",,,,,
손익분해PL,현대해상,2024.3Q,기타 생명장기 원수손익,EMPTY,값=비어있음(타분기는 채워짐 → 실제 갭),"채웠는데, 추정치가 많아서 연속성 등 재검증 필요해 보임. 실제로 변동성 큰게 맞다면, ""추정치"" 정도로 홈페이지에선 별도 음영처리 등 필요해 보인다",,,,,
손익분해PL,현대해상,2024.3Q,생명장기 재보험손익,EMPTY,값=비어있음(타분기는 채워짐 → 실제 갭),"채웠는데, 추정치가 많아서 연속성 등 재검증 필요해 보임. 실제로 변동성 큰게 맞다면, ""추정치"" 정도로 홈페이지에선 별도 음영처리 등 필요해 보인다",,,,,
손익분해PL,현대해상,2024.3Q,재보험 예실차,EMPTY,값=비어있음(타분기는 채워짐 → 실제 갭),"채웠는데, 추정치가 많아서 연속성 등 재검증 필요해 보임. 실제로 변동성 큰게 맞다면, ""추정치"" 정도로 홈페이지에선 별도 음영처리 등 필요해 보인다",,,,,
손익분해PL,현대해상,2024.3Q,기타 생명장기 재보험손익,EMPTY,값=비어있음(타분기는 채워짐 → 실제 갭),"채웠는데, 추정치가 많아서 연속성 등 재검증 필요해 보임. 실제로 변동성 큰게 맞다면, ""추정치"" 정도로 홈페이지에선 별도 음영처리 등 필요해 보인다",,,,,
손익분해PL,현대해상,2024.4Q,생명장기 원수손익,EMPTY,값=비어있음(타분기는 채워짐 → 실제 갭),"채웠는데, 추정치가 많아서 연속성 등 재검증 필요해 보임. 실제로 변동성 큰게 맞다면, ""추정치"" 정도로 홈페이지에선 별도 음영처리 등 필요해 보인다",,,,,
손익분해PL,현대해상,2024.4Q,원수 예실차,EMPTY,값=비어있음(타분기는 채워짐 → 실제 갭),"채웠는데, 추정치가 많아서 연속성 등 재검증 필요해 보임. 실제로 변동성 큰게 맞다면, ""추정치"" 정도로 홈페이지에선 별도 음영처리 등 필요해 보인다",,,,,
손익분해PL,현대해상,2024.4Q,기타 생명장기 원수손익,EMPTY,값=비어있음(타분기는 채워짐 → 실제 갭),"채웠는데, 추정치가 많아서 연속성 등 재검증 필요해 보임. 실제로 변동성 큰게 맞다면, ""추정치"" 정도로 홈페이지에선 별도 음영처리 등 필요해 보인다",,,,,
손익분해PL,현대해상,2024.4Q,생명장기 재보험손익,EMPTY,값=비어있음(타분기는 채워짐 → 실제 갭),"채웠는데, 추정치가 많아서 연속성 등 재검증 필요해 보임. 실제로 변동성 큰게 맞다면, ""추정치"" 정도로 홈페이지에선 별도 음영처리 등 필요해 보인다",,,,,
손익분해PL,현대해상,2024.4Q,재보험 예실차,EMPTY,값=비어있음(타분기는 채워짐 → 실제 갭),"채웠는데, 추정치가 많아서 연속성 등 재검증 필요해 보임. 실제로 변동성 큰게 맞다면, ""추정치"" 정도로 홈페이지에선 별도 음영처리 등 필요해 보인다",,,,,
손익분해PL,현대해상,2024.4Q,기타 생명장기 재보험손익,EMPTY,값=비어있음(타분기는 채워짐 → 실제 갭),"채웠는데, 추정치가 많아서 연속성 등 재검증 필요해 보임. 실제로 변동성 큰게 맞다면, ""추정치"" 정도로 홈페이지에선 별도 음영처리 등 필요해 보인다",,,,,
손익분해PL,현대해상,2025.1Q,생명장기 원수손익,EMPTY,값=비어있음(타분기는 채워짐 → 실제 갭),"채웠는데, 추정치가 많아서 연속성 등 재검증 필요해 보임. 실제로 변동성 큰게 맞다면, ""추정치"" 정도로 홈페이지에선 별도 음영처리 등 필요해 보인다",,,,,
손익분해PL,현대해상,2025.1Q,원수 예실차,EMPTY,값=비어있음(타분기는 채워짐 → 실제 갭),"채웠는데, 추정치가 많아서 연속성 등 재검증 필요해 보임. 실제로 변동성 큰게 맞다면, ""추정치"" 정도로 홈페이지에선 별도 음영처리 등 필요해 보인다",,,,,
손익분해PL,현대해상,2025.1Q,기타 생명장기 원수손익,EMPTY,값=비어있음(타분기는 채워짐 → 실제 갭),"채웠는데, 추정치가 많아서 연속성 등 재검증 필요해 보임. 실제로 변동성 큰게 맞다면, ""추정치"" 정도로 홈페이지에선 별도 음영처리 등 필요해 보인다",,,,,
손익분해PL,현대해상,2025.1Q,생명장기 재보험손익,EMPTY,값=비어있음(타분기는 채워짐 → 실제 갭),"채웠는데, 추정치가 많아서 연속성 등 재검증 필요해 보임. 실제로 변동성 큰게 맞다면, ""추정치"" 정도로 홈페이지에선 별도 음영처리 등 필요해 보인다",,,,,
손익분해PL,현대해상,2025.1Q,재보험 예실차,EMPTY,값=비어있음(타분기는 채워짐 → 실제 갭),"채웠는데, 추정치가 많아서 연속성 등 재검증 필요해 보임. 실제로 변동성 큰게 맞다면, ""추정치"" 정도로 홈페이지에선 별도 음영처리 등 필요해 보인다",,,,,
손익분해PL,현대해상,2025.1Q,기타 생명장기 재보험손익,EMPTY,값=비어있음(타분기는 채워짐 → 실제 갭),"채웠는데, 추정치가 많아서 연속성 등 재검증 필요해 보임. 실제로 변동성 큰게 맞다면, ""추정치"" 정도로 홈페이지에선 별도 음영처리 등 필요해 보인다",,,,,
손익분해PL,현대해상,2025.2Q,생명장기 원수손익,EMPTY,값=비어있음(타분기는 채워짐 → 실제 갭),"채웠는데, 추정치가 많아서 연속성 등 재검증 필요해 보임. 실제로 변동성 큰게 맞다면, ""추정치"" 정도로 홈페이지에선 별도 음영처리 등 필요해 보인다",,,,,
손익분해PL,현대해상,2025.2Q,원수 예실차,EMPTY,값=비어있음(타분기는 채워짐 → 실제 갭),"채웠는데, 추정치가 많아서 연속성 등 재검증 필요해 보임. 실제로 변동성 큰게 맞다면, ""추정치"" 정도로 홈페이지에선 별도 음영처리 등 필요해 보인다",,,,,
손익분해PL,현대해상,2025.2Q,기타 생명장기 원수손익,EMPTY,값=비어있음(타분기는 채워짐 → 실제 갭),"채웠는데, 추정치가 많아서 연속성 등 재검증 필요해 보임. 실제로 변동성 큰게 맞다면, ""추정치"" 정도로 홈페이지에선 별도 음영처리 등 필요해 보인다",,,,,
손익분해PL,현대해상,2025.2Q,생명장기 재보험손익,EMPTY,값=비어있음(타분기는 채워짐 → 실제 갭),"채웠는데, 추정치가 많아서 연속성 등 재검증 필요해 보임. 실제로 변동성 큰게 맞다면, ""추정치"" 정도로 홈페이지에선 별도 음영처리 등 필요해 보인다",,,,,
손익분해PL,현대해상,2025.2Q,재보험 예실차,EMPTY,값=비어있음(타분기는 채워짐 → 실제 갭),"채웠는데, 추정치가 많아서 연속성 등 재검증 필요해 보임. 실제로 변동성 큰게 맞다면, ""추정치"" 정도로 홈페이지에선 별도 음영처리 등 필요해 보인다",,,,,
손익분해PL,현대해상,2025.2Q,기타 생명장기 재보험손익,EMPTY,값=비어있음(타분기는 채워짐 → 실제 갭),"채웠는데, 추정치가 많아서 연속성 등 재검증 필요해 보임. 실제로 변동성 큰게 맞다면, ""추정치"" 정도로 홈페이지에선 별도 음영처리 등 필요해 보인다",,,,,
,,,,,,,,,,,
,,,,,,,,,,,
테이블,손익분해PL,,,,,,,,,,
,,,,,,,,,,,
개수 : 항목,열 레이블,,,,,,,,,,
행 레이블,2023.4Q,2024.1Q,2024.2Q,2024.3Q,2024.4Q,2025.1Q,2025.2Q,2025.3Q,2025.4Q,2026.1Q,총합계
교보라이프플래닛생명보험,,,,,4,,,,,,4
교보생명보험,,,,,1,1,,,1,1,4
동양생명,3,3,3,3,3,3,,4,,,22
비엔피파리바카디프생명보험,,,,,3,,,,1,,4
삼성화재해상보험,,,,,,,,,,1,1
신한이지손해보험,,,,,,,,,1,,1
에이비엘생명보험,1,4,4,4,,,,,,,13
코리안리재보험,,,,,,,,,,2,2
현대해상,8,6,6,6,6,6,6,,,,44
총합계,12,13,13,13,17,10,6,4,3,4,95
