원보험사코드,원수사명,티커,생손보여부,공시분기,경과조치여부,measure구분,-100bp,-50bp,base,+50bp,+100bp
KR0001,메리츠화재해상보험,000060,손해보험,2024.4Q,적용전,지급여력비율,238.23,244.74,248.24,246.64,244.42
KR0001,메리츠화재해상보험,000060,손해보험,2024.4Q,적용전,지급여력금액,136152.0,135737.0,135165.0,134285.0,133404.0
KR0001,메리츠화재해상보험,000060,손해보험,2024.4Q,적용전,지급여력기준금액,57151.0,55462.0,54449.0,54445.0,54581.0
KR0001,메리츠화재해상보험,000060,손해보험,2024.4Q,적용후,지급여력비율,238.23,244.74,248.24,246.64,244.42
KR0001,메리츠화재해상보험,000060,손해보험,2024.4Q,적용후,지급여력금액,136152.0,135737.0,135165.0,134285.0,133404.0
KR0001,메리츠화재해상보험,000060,손해보험,2024.4Q,적용후,지급여력기준금액,57151.0,55462.0,54449.0,54445.0,54581.0
KR0002,한화손해보험,000370,손해보험,2024.4Q,적용전,지급여력비율,162.9,167.1,173.8,174.3,178.3
KR0002,한화손해보험,000370,손해보험,2024.4Q,적용전,지급여력금액,55427.0,55297.0,55151.0,54787.0,54542.0
KR0002,한화손해보험,000370,손해보험,2024.4Q,적용전,지급여력기준금액,34032.0,33101.0,31731.0,31436.0,30598.0
KR0002,한화손해보험,000370,손해보험,2024.4Q,적용후,지급여력비율,194.5,201.2,211.9,217.2,225.0
KR0002,한화손해보험,000370,손해보험,2024.4Q,적용후,지급여력금액,55427.0,55297.0,55151.0,54787.0,54542.0
KR0002,한화손해보험,000370,손해보험,2024.4Q,적용후,지급여력기준금액,28496.0,27490.0,26033.0,25221.0,24239.0
KR0003,롯데손해보험,000400,손해보험,2024.4Q,적용전,지급여력비율,101.37,115.23,125.85,135.79,144.14
KR0003,롯데손해보험,000400,손해보험,2024.4Q,적용전,지급여력금액,25558.0,26579.0,27301.0,27273.0,28013.0
KR0003,롯데손해보험,000400,손해보험,2024.4Q,적용전,지급여력기준금액,25212.0,23066.0,21693.0,20085.0,19434.0
KR0003,롯데손해보험,000400,손해보험,2024.4Q,적용후,지급여력비율,123.76,140.67,154.59,168.26,183.49
KR0003,롯데손해보험,000400,손해보험,2024.4Q,적용후,지급여력금액,25558.0,26579.0,27301.0,27273.0,28013.0
KR0003,롯데손해보험,000400,손해보험,2024.4Q,적용후,지급여력기준금액,20651.0,18894.0,17660.0,16208.0,15266.0
KR0008,삼성화재해상보험,000810,손해보험,2024.4Q,적용전,지급여력비율,270.34,267.74,264.46,259.1,252.92
KR0008,삼성화재해상보험,000810,손해보험,2024.4Q,적용전,지급여력금액,250737.0,246679.0,241639.0,235643.0,229381.0
KR0008,삼성화재해상보험,000810,손해보험,2024.4Q,적용전,지급여력기준금액,92749.0,92134.0,91371.0,90947.0,90693.0
KR0008,삼성화재해상보험,000810,손해보험,2024.4Q,적용후,지급여력비율,270.34,267.74,264.46,259.1,252.92
KR0008,삼성화재해상보험,000810,손해보험,2024.4Q,적용후,지급여력금액,250737.0,246679.0,241639.0,235643.0,229381.0
KR0008,삼성화재해상보험,000810,손해보험,2024.4Q,적용후,지급여력기준금액,92749.0,92134.0,91371.0,90947.0,90693.0
KR0009,현대해상,001450,손해보험,2024.4Q,적용전,지급여력비율,133.1,145.8,157.0,167.6,176.2
KR0009,현대해상,001450,손해보험,2024.4Q,적용전,지급여력금액,114117.0,119555.0,124030.0,127826.0,131232.0
KR0009,현대해상,001450,손해보험,2024.4Q,적용전,지급여력기준금액,85724.0,82021.0,79000.0,76260.0,74482.0
KR0009,현대해상,001450,손해보험,2024.4Q,적용후,지급여력비율,133.1,145.8,157.0,167.6,176.2
KR0009,현대해상,001450,손해보험,2024.4Q,적용후,지급여력금액,114117.0,119555.0,124030.0,127826.0,131232.0
KR0009,현대해상,001450,손해보험,2024.4Q,적용후,지급여력기준금액,85724.0,82021.0,79000.0,76260.0,74482.0
KR0010,KB손해보험,002550,손해보험,2024.4Q,적용전,지급여력비율,168.15,179.06,186.42,187.61,184.11
KR0010,KB손해보험,002550,손해보험,2024.4Q,적용전,지급여력금액,109112.0,112068.0,113185.0,112457.0,110232.0
KR0010,KB손해보험,002550,손해보험,2024.4Q,적용전,지급여력기준금액,64888.0,62586.0,60716.0,59941.0,59875.0
KR0010,KB손해보험,002550,손해보험,2024.4Q,적용후,지급여력비율,168.15,179.06,186.42,187.61,184.11
KR0010,KB손해보험,002550,손해보험,2024.4Q,적용후,지급여력금액,109112.0,112068.0,113185.0,112457.0,110232.0
KR0010,KB손해보험,002550,손해보험,2024.4Q,적용후,지급여력기준금액,64888.0,62586.0,60716.0,59941.0,59875.0
KR0011,DB손해보험,005830,손해보험,2024.4Q,적용전,지급여력비율,184.15,195.24,203.11,207.19,210.27
KR0011,DB손해보험,005830,손해보험,2024.4Q,적용전,지급여력금액,183105.0,187843.0,190973.0,192816.0,193925.0
KR0011,DB손해보험,005830,손해보험,2024.4Q,적용전,지급여력기준금액,99435.0,96209.0,94026.0,93060.0,92225.0
KR0011,DB손해보험,005830,손해보험,2024.4Q,적용후,지급여력비율,184.15,195.24,203.11,207.19,210.27
KR0011,DB손해보험,005830,손해보험,2024.4Q,적용후,지급여력금액,183105.0,187843.0,190973.0,192816.0,193925.0
KR0011,DB손해보험,005830,손해보험,2024.4Q,적용후,지급여력기준금액,99435.0,96209.0,94026.0,93060.0,92225.0
KR0049,악사손해보험,X,손해보험,2024.4Q,적용전,지급여력비율,221.8,217.4,213.0,208.6,204.2
KR0049,악사손해보험,X,손해보험,2024.4Q,적용전,지급여력금액,5390.0,5241.0,5101.0,4969.0,4845.0
KR0049,악사손해보험,X,손해보험,2024.4Q,적용전,지급여력기준금액,2430.0,2411.0,2395.0,2382.0,2372.0
KR0049,악사손해보험,X,손해보험,2024.4Q,적용후,지급여력비율,262.6,256.8,251.0,245.2,239.4
KR0049,악사손해보험,X,손해보험,2024.4Q,적용후,지급여력금액,5390.0,5241.0,5101.0,4969.0,4845.0
KR0049,악사손해보험,X,손해보험,2024.4Q,적용후,지급여력기준금액,2052.0,2040.0,2032.0,2027.0,2024.0
KR0050,하나손해보험,X,손해보험,2024.4Q,적용전,지급여력비율,149.1,152.3,154.89,155.13,155.3
KR0050,하나손해보험,X,손해보험,2024.4Q,적용전,지급여력금액,4846.0,4833.0,4809.0,4763.0,4711.0
KR0050,하나손해보험,X,손해보험,2024.4Q,적용전,지급여력기준금액,3250.0,3173.0,3105.0,3070.0,3034.0
KR0068,한화생명,088350,생명보험,2024.4Q,적용전,지급여력비율,155.2,159.7,163.7,166.1,165.6
KR0068,한화생명,088350,생명보험,2024.4Q,적용전,지급여력금액,215497.0,215035.0,213317.0,212194.0,209408.0
KR0068,한화생명,088350,생명보험,2024.4Q,적용전,지급여력기준금액,138821.0,134620.0,130276.0,127774.0,126491.0
KR0068,한화생명,088350,생명보험,2024.4Q,적용후,지급여력비율,155.2,159.7,163.7,166.1,165.6
KR0068,한화생명,088350,생명보험,2024.4Q,적용후,지급여력금액,215497.0,215035.0,213317.0,212194.0,209408.0
KR0068,한화생명,088350,생명보험,2024.4Q,적용후,지급여력기준금액,138821.0,134620.0,130276.0,127774.0,126491.0
KR0074,라이나생명보험,X,생명보험,2024.4Q,적용전,지급여력비율,325.62,337.35,348.18,355.01,366.54
KR0074,라이나생명보험,X,생명보험,2024.4Q,적용전,지급여력금액,76683.0,75707.0,74732.0,73691.0,74107.0
KR0074,라이나생명보험,X,생명보험,2024.4Q,적용전,지급여력기준금액,23550.0,22442.0,21463.0,20758.0,20218.0
KR0074,라이나생명보험,X,생명보험,2024.4Q,적용후,지급여력비율,325.62,337.35,348.18,355.01,366.54
KR0074,라이나생명보험,X,생명보험,2024.4Q,적용후,지급여력금액,76683.0,75707.0,74732.0,73691.0,74107.0
KR0074,라이나생명보험,X,생명보험,2024.4Q,적용후,지급여력기준금액,23550.0,22442.0,21463.0,20758.0,20218.0
KR0075,비엔피파리바카디프생명보험,X,생명보험,2024.4Q,적용전,지급여력비율,317.2,309.3,301.4,293.6,285.7
KR0075,비엔피파리바카디프생명보험,X,생명보험,2024.4Q,적용전,지급여력금액,2200.3,2145.4,2090.6,2035.8,1980.9
KR0075,비엔피파리바카디프생명보험,X,생명보험,2024.4Q,적용전,지급여력기준금액,693.7,693.6,693.5,693.5,693.4
KR0075,비엔피파리바카디프생명보험,X,생명보험,2024.4Q,적용후,지급여력비율,317.2,309.3,301.4,293.6,285.7
KR0075,비엔피파리바카디프생명보험,X,생명보험,2024.4Q,적용후,지급여력금액,2200.3,2145.4,2090.6,2035.8,1980.9
KR0075,비엔피파리바카디프생명보험,X,생명보험,2024.4Q,적용후,지급여력기준금액,693.7,693.6,693.5,693.5,693.4
KR0083,푸본현대생명보험,X,생명보험,2024.4Q,적용전,지급여력비율,,,,,
KR0083,푸본현대생명보험,X,생명보험,2024.4Q,적용전,지급여력금액,,,,,
KR0083,푸본현대생명보험,X,생명보험,2024.4Q,적용전,지급여력기준금액,,,,,
KR0083,푸본현대생명보험,X,생명보험,2024.4Q,적용후,지급여력비율,179.0,171.0,157.0,139.0,115.0
KR0083,푸본현대생명보험,X,생명보험,2024.4Q,적용후,지급여력금액,18762.0,16898.0,14720.0,12691.0,10318.0
KR0083,푸본현대생명보험,X,생명보험,2024.4Q,적용후,지급여력기준금액,10462.0,9870.0,9358.0,9160.0,8961.0
KR0095,메트라이프생명보험,X,생명보험,2024.4Q,적용전,지급여력비율,402.8,389.6,356.4,325.4,299.3
KR0095,메트라이프생명보험,X,생명보험,2024.4Q,적용전,지급여력금액,52730.0,51557.0,49625.0,48604.0,47165.0
KR0095,메트라이프생명보험,X,생명보험,2024.4Q,적용전,지급여력기준금액,13092.0,13232.0,13924.0,14935.0,15759.0
KR0095,메트라이프생명보험,X,생명보험,2024.4Q,적용후,지급여력비율,402.8,389.6,356.4,325.4,299.3
KR0095,메트라이프생명보험,X,생명보험,2024.4Q,적용후,지급여력금액,52730.0,51557.0,49625.0,48604.0,47165.0
KR0095,메트라이프생명보험,X,생명보험,2024.4Q,적용후,지급여력기준금액,13092.0,13232.0,13924.0,14935.0,15759.0
KR0100,처브라이프생명보험,X,생명보험,2024.4Q,적용전,지급여력비율,92.0,120.0,149.0,172.0,202.0
KR0100,처브라이프생명보험,X,생명보험,2024.4Q,적용전,지급여력금액,1694.0,1889.0,2084.0,2273.0,2461.0
KR0100,처브라이프생명보험,X,생명보험,2024.4Q,적용전,지급여력기준금액,1851.0,1581.0,1398.0,1320.0,1217.0
KR0100,처브라이프생명보험,X,생명보험,2024.4Q,적용후,지급여력비율,108.0,147.0,190.0,227.0,277.0
KR0100,처브라이프생명보험,X,생명보험,2024.4Q,적용후,지급여력금액,1694.0,1889.0,2084.0,2273.0,2461.0
KR0100,처브라이프생명보험,X,생명보험,2024.4Q,적용후,지급여력기준금액,1568.0,1283.0,1096.0,1003.0,889.0
KR0104,농협생명보험,X,생명보험,2024.4Q,적용전,지급여력비율,280.5,267.3,246.4,214.4,178.5
KR0104,농협생명보험,X,생명보험,2024.4Q,적용전,지급여력금액,74567.0,74011.0,72496.0,68351.0,61945.0
KR0104,농협생명보험,X,생명보험,2024.4Q,적용전,지급여력기준금액,26582.0,27692.0,29423.0,31882.0,34705.0
KR0104,농협생명보험,X,생명보험,2024.4Q,적용후,지급여력비율,441.9,442.8,437.7,403.7,338.5
KR0104,농협생명보험,X,생명보험,2024.4Q,적용후,지급여력금액,76799.0,75687.0,73307.0,68351.0,61945.0
KR0104,농협생명보험,X,생명보험,2024.4Q,적용후,지급여력기준금액,17380.0,17091.0,16748.0,16930.0,18298.0
KR1000,코리안리재보험,003690,손해보험,2024.4Q,적용전,지급여력비율,194.93,193.3,191.7,190.07,188.47
KR1000,코리안리재보험,003690,손해보험,2024.4Q,적용전,지급여력금액,44026.0,42862.0,41813.0,40801.0,39903.0
KR1000,코리안리재보험,003690,손해보험,2024.4Q,적용전,지급여력기준금액,22586.0,22174.0,21812.0,21467.0,21172.0
KR1000,코리안리재보험,003690,손해보험,2024.4Q,적용후,지급여력비율,194.93,193.3,191.7,190.07,188.47
KR1000,코리안리재보험,003690,손해보험,2024.4Q,적용후,지급여력금액,44026.0,42862.0,41813.0,40801.0,39903.0
KR1000,코리안리재보험,003690,손해보험,2024.4Q,적용후,지급여력기준금액,22586.0,22174.0,21812.0,21467.0,21172.0
KR0001,메리츠화재해상보험,000060,손해보험,2025.2Q,적용전,지급여력비율,214.78,229.14,239.84,242.17,244.96
KR0001,메리츠화재해상보험,000060,손해보험,2025.2Q,적용전,지급여력금액,129325.0,132182.0,133959.0,134838.0,136302.0
KR0001,메리츠화재해상보험,000060,손해보험,2025.2Q,적용전,지급여력기준금액,60213.0,57686.0,55852.0,55680.0,55643.0
KR0001,메리츠화재해상보험,000060,손해보험,2025.2Q,적용후,지급여력비율,214.78,229.14,239.84,242.17,244.96
KR0001,메리츠화재해상보험,000060,손해보험,2025.2Q,적용후,지급여력금액,129325.0,132182.0,133959.0,134838.0,136302.0
KR0001,메리츠화재해상보험,000060,손해보험,2025.2Q,적용후,지급여력기준금액,60213.0,57686.0,55852.0,55680.0,55643.0
KR0002,한화손해보험,000370,손해보험,2025.2Q,적용전,지급여력비율,163.5,171.7,179.5,186.0,191.3
KR0002,한화손해보험,000370,손해보험,2025.2Q,적용전,지급여력금액,59064.0,59453.0,59803.0,60346.0,60807.0
KR0002,한화손해보험,000370,손해보험,2025.2Q,적용전,지급여력기준금액,36118.0,34622.0,33316.0,32443.0,31790.0
KR0002,한화손해보험,000370,손해보험,2025.2Q,적용후,지급여력비율,191.7,203.0,214.3,226.0,237.8
KR0002,한화손해보험,000370,손해보험,2025.2Q,적용후,지급여력금액,59064.0,59453.0,59803.0,60346.0,60807.0
KR0002,한화손해보험,000370,손해보험,2025.2Q,적용후,지급여력기준금액,30816.0,29287.0,27911.0,26706.0,25569.0
KR0003,롯데손해보험,000400,손해보험,2025.2Q,적용전,지급여력비율,90.53,99.89,108.68,115.56,121.32
KR0003,롯데손해보험,000400,손해보험,2025.2Q,적용전,지급여력금액,23479.0,24208.0,24797.0,25296.0,25627.0
KR0003,롯데손해보험,000400,손해보험,2025.2Q,적용전,지급여력기준금액,25936.0,24234.0,22817.0,21891.0,21124.0
KR0003,롯데손해보험,000400,손해보험,2025.2Q,적용후,지급여력비율,106.44,118.21,129.46,139.73,149.01
KR0003,롯데손해보험,000400,손해보험,2025.2Q,적용후,지급여력금액,23479.0,24208.0,24797.0,25296.0,25627.0
KR0003,롯데손해보험,000400,손해보험,2025.2Q,적용후,지급여력기준금액,22059.0,20479.0,19154.0,18103.0,17198.0
KR0005,흥국화재,000540,손해보험,2025.2Q,적용전,지급여력비율,168.79000000000002,172.59,175.77,172.75,170.03
KR0005,흥국화재,000540,손해보험,2025.2Q,적용전,지급여력금액,33948.0,32737.0,31910.0,31283.0,31086.0
KR0005,흥국화재,000540,손해보험,2025.2Q,적용전,지급여력기준금액,20113.0,18968.0,18154.0,18109.0,18282.0
KR0005,흥국화재,000540,손해보험,2025.2Q,적용후,지급여력비율,203.51000000000002,211.03,220.77,231.65,244.21
KR0005,흥국화재,000540,손해보험,2025.2Q,적용후,지급여력금액,33948.0,32737.0,31910.0,31283.0,31086.0
KR0005,흥국화재,000540,손해보험,2025.2Q,적용후,지급여력기준금액,16682.0,15513.0,14454.0,13505.0,12729.0
KR0008,삼성화재해상보험,000810,손해보험,2025.2Q,적용전,지급여력비율,276.06,276.27,274.48,270.02,264.76
KR0008,삼성화재해상보험,000810,손해보험,2025.2Q,적용전,지급여력금액,268173.0,266778.0,263412.0,258685.0,253255.0
KR0008,삼성화재해상보험,000810,손해보험,2025.2Q,적용전,지급여력기준금액,97143.0,96565.0,95967.0,95804.0,95654.0
KR0008,삼성화재해상보험,000810,손해보험,2025.2Q,적용후,지급여력비율,276.06,276.27,274.48,270.02,264.76
KR0008,삼성화재해상보험,000810,손해보험,2025.2Q,적용후,지급여력금액,268173.0,266778.0,263412.0,258685.0,253255.0
KR0008,삼성화재해상보험,000810,손해보험,2025.2Q,적용후,지급여력기준금액,97143.0,96565.0,95967.0,95804.0,95654.0
KR0009,현대해상,001450,손해보험,2025.2Q,적용전,지급여력비율,139.0,157.9,170.0,179.8,186.5
KR0009,현대해상,001450,손해보험,2025.2Q,적용전,지급여력금액,126495.0,133192.0,138373.0,143373.0,146289.0
KR0009,현대해상,001450,손해보험,2025.2Q,적용전,지급여력기준금액,91030.0,84365.0,81394.0,79761.0,78435.0
KR0009,현대해상,001450,손해보험,2025.2Q,적용후,지급여력비율,139.0,157.9,170.0,179.8,186.5
KR0009,현대해상,001450,손해보험,2025.2Q,적용후,지급여력금액,126495.0,133192.0,138373.0,143373.0,146289.0
KR0009,현대해상,001450,손해보험,2025.2Q,적용후,지급여력기준금액,91030.0,84365.0,81394.0,79761.0,78435.0
KR0010,KB손해보험,002550,손해보험,2025.2Q,적용전,지급여력비율,163.25,179.97,191.5,195.44,192.91
KR0010,KB손해보험,002550,손해보험,2025.2Q,적용전,지급여력금액,114224.0,119161.0,121531.0,121530.0,119507.0
KR0010,KB손해보험,002550,손해보험,2025.2Q,적용전,지급여력기준금액,69970.0,66213.0,63463.0,62182.0,61949.0
KR0010,KB손해보험,002550,손해보험,2025.2Q,적용후,지급여력비율,163.25,179.97,191.5,195.44,192.91
KR0010,KB손해보험,002550,손해보험,2025.2Q,적용후,지급여력금액,114224.0,119161.0,121531.0,121530.0,119507.0
KR0010,KB손해보험,002550,손해보험,2025.2Q,적용후,지급여력기준금액,69970.0,66213.0,63463.0,62182.0,61949.0
KR0011,DB손해보험,005830,손해보험,2025.2Q,적용전,지급여력비율,204.38,215.37,221.74,225.06,226.87
KR0011,DB손해보험,005830,손해보험,2025.2Q,적용전,지급여력금액,193400.0,197847.0,200558.0,202213.0,203291.0
KR0011,DB손해보험,005830,손해보험,2025.2Q,적용전,지급여력기준금액,94627.0,91865.0,90447.0,89847.0,89608.0
KR0011,DB손해보험,005830,손해보험,2025.2Q,적용후,지급여력비율,204.38,215.37,221.74,225.06,226.87
KR0011,DB손해보험,005830,손해보험,2025.2Q,적용후,지급여력금액,193400.0,197847.0,200558.0,202213.0,203291.0
KR0011,DB손해보험,005830,손해보험,2025.2Q,적용후,지급여력기준금액,94627.0,91865.0,90447.0,89847.0,89608.0
KR0032,NH농협손해보험,X,손해보험,2025.2Q,적용전,지급여력비율,106.6,116.43,130.21,140.96,155.97
KR0032,NH농협손해보험,X,손해보험,2025.2Q,적용전,지급여력금액,18269.0,19571.0,21385.0,22686.0,24500.0
KR0032,NH농협손해보험,X,손해보험,2025.2Q,적용전,지급여력기준금액,17137.0,16809.0,16423.0,16094.0,15708.0
KR0032,NH농협손해보험,X,손해보험,2025.2Q,적용후,지급여력비율,132.05,145.45,164.22,179.46,200.69
KR0032,NH농협손해보험,X,손해보험,2025.2Q,적용후,지급여력금액,18269.0,19571.0,21385.0,22686.0,24500.0
KR0032,NH농협손해보험,X,손해보험,2025.2Q,적용후,지급여력기준금액,13835.0,13455.0,13022.0,12641.0,12208.0
KR0049,악사손해보험,X,손해보험,2025.2Q,적용전,지급여력비율,224.6,221.6,218.4,215.5,212.4
KR0049,악사손해보험,X,손해보험,2025.2Q,적용전,지급여력금액,5504.0,5361.0,5217.0,5092.0,4967.0
KR0049,악사손해보험,X,손해보험,2025.2Q,적용전,지급여력기준금액,2451.0,2419.0,2388.0,2363.0,2338.0
KR0049,악사손해보험,X,손해보험,2025.2Q,적용후,지급여력비율,263.5,259.9,256.1,252.5,248.8
KR0049,악사손해보험,X,손해보험,2025.2Q,적용후,지급여력금액,5504.0,5361.0,5217.0,5092.0,4967.0
KR0049,악사손해보험,X,손해보험,2025.2Q,적용후,지급여력기준금액,2089.0,2063.0,2037.0,2017.0,1997.0
KR0050,하나손해보험,X,손해보험,2025.2Q,적용전,지급여력비율,134.02,138.5,141.27,142.37,142.35
KR0050,하나손해보험,X,손해보험,2025.2Q,적용전,지급여력금액,4964.0,4989.0,4989.0,4963.0,4916.0
KR0050,하나손해보험,X,손해보험,2025.2Q,적용전,지급여력기준금액,3704.0,3602.0,3531.0,3486.0,3454.0
KR0051,신한이지손해보험,X,손해보험,2025.2Q,적용전,지급여력비율,316.29,313.03,309.95,306.76,303.76
KR0051,신한이지손해보험,X,손해보험,2025.2Q,적용전,지급여력금액,1569.3707,1551.35697,1532.0,1516.88177,1500.411
KR0051,신한이지손해보험,X,손해보험,2025.2Q,적용전,지급여력기준금액,496.176504,495.596879,494.0,494.483759,493.9447
KR0051,신한이지손해보험,X,손해보험,2025.2Q,적용후,지급여력비율,316.29,313.03,309.95,306.76,303.76
KR0051,신한이지손해보험,X,손해보험,2025.2Q,적용후,지급여력금액,1569.3707,1551.35697,1532.0,1516.88177,1500.411
KR0051,신한이지손해보험,X,손해보험,2025.2Q,적용후,지급여력기준금액,496.176504,495.596879,494.0,494.483759,493.9447
KR0068,한화생명,088350,생명보험,2025.2Q,적용전,지급여력비율,146.7,154.3,160.0,162.3,161.9
KR0068,한화생명,088350,생명보험,2025.2Q,적용전,지급여력금액,218424.0,221407.0,221809.0,221881.0,221193.0
KR0068,한화생명,088350,생명보험,2025.2Q,적용전,지급여력기준금액,148909.0,143473.0,138614.0,136712.0,136603.0
KR0068,한화생명,088350,생명보험,2025.2Q,적용후,지급여력비율,146.7,154.3,160.6,163.3,162.7
KR0068,한화생명,088350,생명보험,2025.2Q,적용후,지급여력금액,218424.0,221407.0,222634.0,223282.0,222283.0
KR0068,한화생명,088350,생명보험,2025.2Q,적용후,지급여력기준금액,148909.0,143473.0,138614.0,136712.0,136603.0
KR0069,삼성생명보험,032830,생명보험,2025.2Q,적용전,지급여력비율,155.8,173.8,186.7,196.1,202.8
KR0069,삼성생명보험,032830,생명보험,2025.2Q,적용전,지급여력금액,439023.0,460311.0,477939.0,493521.0,505718.0
KR0069,삼성생명보험,032830,생명보험,2025.2Q,적용전,지급여력기준금액,281747.0,264882.0,255927.0,251646.0,249347.0
KR0070,에이비엘생명보험,X,생명보험,2025.2Q,적용전,지급여력비율,101.23,103.45,105.37,108.35,110.15
KR0070,에이비엘생명보험,X,생명보험,2025.2Q,적용전,지급여력금액,16268.0,16201.0,16118.0,16234.0,16334.0
KR0070,에이비엘생명보험,X,생명보험,2025.2Q,적용전,지급여력기준금액,16071.0,15661.0,15297.0,14982.0,14829.0
KR0070,에이비엘생명보험,X,생명보험,2025.2Q,적용후,지급여력비율,155.11,162.78,169.1,176.01,180.67
KR0070,에이비엘생명보험,X,생명보험,2025.2Q,적용후,지급여력금액,19571.0,19591.0,19569.0,19670.0,19676.0
KR0070,에이비엘생명보험,X,생명보험,2025.2Q,적용후,지급여력기준금액,12618.0,12036.0,11573.0,11175.0,10891.0
KR0071,흥국생명보험,X,생명보험,2025.2Q,적용전,지급여력비율,147.89999999999998,157.7,159.2,159.7,153.79999999999998
KR0071,흥국생명보험,X,생명보험,2025.2Q,적용전,지급여력금액,36991.0,37814.0,38359.0,38566.0,39453.0
KR0071,흥국생명보험,X,생명보험,2025.2Q,적용전,지급여력기준금액,25006.0,23980.0,24092.0,24153.0,25653.0
KR0071,흥국생명보험,X,생명보험,2025.2Q,적용후,지급여력비율,178.4,193.70000000000002,208.3,221.0,229.8
KR0071,흥국생명보험,X,생명보험,2025.2Q,적용후,지급여력금액,36991.0,37814.0,38359.0,38566.0,39453.0
KR0071,흥국생명보험,X,생명보험,2025.2Q,적용후,지급여력기준금액,20736.0,19515.0,18412.0,17447.0,17163.0
KR0072,케이디비생명보험,X,생명보험,2025.2Q,적용전,지급여력비율,40.7,43.6,43.3,41.1,36.5
KR0072,케이디비생명보험,X,생명보험,2025.2Q,적용전,지급여력금액,5380.0,5655.0,5579.0,5422.0,4923.0
KR0072,케이디비생명보험,X,생명보험,2025.2Q,적용전,지급여력기준금액,13211.0,12973.0,12879.0,13200.0,13506.0
KR0072,케이디비생명보험,X,생명보험,2025.2Q,적용후,지급여력비율,153.1,168.4,176.6,171.5,161.0
KR0072,케이디비생명보험,X,생명보험,2025.2Q,적용후,지급여력금액,14151.0,14426.0,14350.0,14193.0,13694.0
KR0072,케이디비생명보험,X,생명보험,2025.2Q,적용후,지급여력기준금액,9244.0,8567.0,8124.0,8276.0,8507.0
KR0073,교보생명보험,X,생명보험,2025.2Q,적용전,지급여력비율,147.51,153.23,152.74,149.02,136.82
KR0073,교보생명보험,X,생명보험,2025.2Q,적용전,지급여력금액,135141.0,135864.0,134977.0,133174.0,129601.0
KR0073,교보생명보험,X,생명보험,2025.2Q,적용전,지급여력기준금액,91613.0,88668.0,88372.0,89367.0,94723.0
KR0073,교보생명보험,X,생명보험,2025.2Q,적용후,지급여력비율,185.69,197.18,199.19,195.87,183.29
KR0073,교보생명보험,X,생명보험,2025.2Q,적용후,지급여력금액,135141.0,135864.0,134977.0,133174.0,129601.0
KR0073,교보생명보험,X,생명보험,2025.2Q,적용후,지급여력기준금액,72777.0,68905.0,67762.0,67992.0,70709.0
KR0074,라이나생명보험,X,생명보험,2025.2Q,적용전,지급여력비율,334.13,348.53,360.31,368.66,376.58
KR0074,라이나생명보험,X,생명보험,2025.2Q,적용전,지급여력금액,77121.0,76533.0,75845.0,75060.0,74260.0
KR0074,라이나생명보험,X,생명보험,2025.2Q,적용전,지급여력기준금액,23081.0,21959.0,21050.0,20360.0,19719.0
KR0074,라이나생명보험,X,생명보험,2025.2Q,적용후,지급여력비율,334.13,348.53,360.31,368.66,376.58
KR0074,라이나생명보험,X,생명보험,2025.2Q,적용후,지급여력금액,77121.0,76533.0,75845.0,75060.0,74260.0
KR0074,라이나생명보험,X,생명보험,2025.2Q,적용후,지급여력기준금액,23081.0,21959.0,21050.0,20360.0,19719.0
KR0075,비엔피파리바카디프생명보험,X,생명보험,2025.2Q,적용전,지급여력비율,334.37,326.26,318.16,310.05,301.94
KR0075,비엔피파리바카디프생명보험,X,생명보험,2025.2Q,적용전,지급여력금액,2291.0,2235.0,2180.0,2124.0,2068.0
KR0075,비엔피파리바카디프생명보험,X,생명보험,2025.2Q,적용전,지급여력기준금액,685.0,685.0,685.0,685.0,685.0
KR0075,비엔피파리바카디프생명보험,X,생명보험,2025.2Q,적용후,지급여력비율,334.37,326.26,318.16,310.05,301.94
KR0075,비엔피파리바카디프생명보험,X,생명보험,2025.2Q,적용후,지급여력금액,2291.0,2235.0,2180.0,2124.0,2068.0
KR0075,비엔피파리바카디프생명보험,X,생명보험,2025.2Q,적용후,지급여력기준금액,685.0,685.0,685.0,685.0,685.0
KR0076,아이엠라이프생명보험,X,생명보험,2025.2Q,적용전,지급여력비율,72.19,81.62,95.08,92.8,90.09
KR0076,아이엠라이프생명보험,X,생명보험,2025.2Q,적용전,지급여력금액,4763.0,4925.0,5598.0,5843.0,6048.0
KR0076,아이엠라이프생명보험,X,생명보험,2025.2Q,적용전,지급여력기준금액,6597.0,6033.0,5888.0,6297.0,6713.0
KR0076,아이엠라이프생명보험,X,생명보험,2025.2Q,적용후,지급여력비율,139.33,169.6,187.86,188.82,180.41
KR0076,아이엠라이프생명보험,X,생명보험,2025.2Q,적용후,지급여력금액,6352.0,7207.0,7614.0,7613.0,7568.0
KR0076,아이엠라이프생명보험,X,생명보험,2025.2Q,적용후,지급여력기준금액,4559.0,4249.0,4053.0,4032.0,4195.0
KR0082,DB생명보험,X,생명보험,2025.2Q,적용전,지급여력비율,114.93,139.75,166.9,177.83,182.59
KR0082,DB생명보험,X,생명보험,2025.2Q,적용전,지급여력금액,20794.0,22995.0,24874.0,26194.0,26985.0
KR0082,DB생명보험,X,생명보험,2025.2Q,적용전,지급여력기준금액,18093.0,16454.0,14904.0,14730.0,14779.0
KR0082,DB생명보험,X,생명보험,2025.2Q,적용후,지급여력비율,139.74,180.09,215.02,246.02,273.34
KR0082,DB생명보험,X,생명보험,2025.2Q,적용후,지급여력금액,20794.0,22995.0,24874.0,26194.0,26985.0
KR0082,DB생명보험,X,생명보험,2025.2Q,적용후,지급여력기준금액,14881.0,12768.0,11568.0,10647.0,9873.0
KR0083,푸본현대생명보험,X,생명보험,2025.2Q,적용전,지급여력비율,5.22,-2.1,-10.13,-16.98,-22.87
KR0083,푸본현대생명보험,X,생명보험,2025.2Q,적용전,지급여력금액,718,-280,-1321,-2225,-3051
KR0083,푸본현대생명보험,X,생명보험,2025.2Q,적용전,지급여력기준금액,13750,13332,13039,13103,13343
KR0083,푸본현대생명보험,X,생명보험,2025.2Q,적용후,지급여력비율,169.7,168.71,164.87,153.93,140.0
KR0083,푸본현대생명보험,X,생명보험,2025.2Q,적용후,지급여력금액,17844,16910,15891,14884,13893
KR0083,푸본현대생명보험,X,생명보험,2025.2Q,적용후,지급여력기준금액,10515,10023,9638,9669,9924
KR0087,동양생명,082640,생명보험,2025.2Q,적용전,지급여력비율,146.5,160.0,172.1,182.1,193.3
KR0087,동양생명,082640,생명보험,2025.2Q,적용전,지급여력금액,38110.0,40048.0,41662.0,42922.0,44339.0
KR0087,동양생명,082640,생명보험,2025.2Q,적용전,지급여력기준금액,26021.0,25035.0,24214.0,23573.0,22933.0
KR0087,동양생명,082640,생명보험,2025.2Q,적용후,지급여력비율,147.6,163.1,177.0,188.5,201.3
KR0087,동양생명,082640,생명보험,2025.2Q,적용후,지급여력금액,38395.0,40825.0,42850.0,44430.0,46168.0
KR0087,동양생명,082640,생명보험,2025.2Q,적용후,지급여력기준금액,26021.0,25035.0,24214.0,23573.0,22933.0
KR0094,신한라이프생명보험,X,생명보험,2025.2Q,적용전,지급여력비율,167.75,185.22,199.6,210.07,209.01
KR0094,신한라이프생명보험,X,생명보험,2025.2Q,적용전,지급여력금액,92404.0,96289.0,98246.0,99228.0,98868.0
KR0094,신한라이프생명보험,X,생명보험,2025.2Q,적용전,지급여력기준금액,55086.0,51987.0,49222.0,47236.0,47304.0
KR0094,신한라이프생명보험,X,생명보험,2025.2Q,적용후,지급여력비율,167.75,185.22,199.6,210.07,209.01
KR0094,신한라이프생명보험,X,생명보험,2025.2Q,적용후,지급여력금액,92404.0,96289.0,98246.0,99228.0,98868.0
KR0094,신한라이프생명보험,X,생명보험,2025.2Q,적용후,지급여력기준금액,55086.0,51987.0,49222.0,47236.0,47304.0
KR0095,메트라이프생명보험,X,생명보험,2025.2Q,적용전,지급여력비율,334.7,351.3,332.4,301.4,276.7
KR0095,메트라이프생명보험,X,생명보험,2025.2Q,적용전,지급여력금액,50135.0,49841.0,48341.0,47646.0,46371.0
KR0095,메트라이프생명보험,X,생명보험,2025.2Q,적용전,지급여력기준금액,14978.0,14188.0,14541.0,15807.0,16761.0
KR0095,메트라이프생명보험,X,생명보험,2025.2Q,적용후,지급여력비율,334.7,351.3,332.4,301.4,276.7
KR0095,메트라이프생명보험,X,생명보험,2025.2Q,적용후,지급여력금액,50135.0,49841.0,48341.0,47646.0,46371.0
KR0095,메트라이프생명보험,X,생명보험,2025.2Q,적용후,지급여력기준금액,14978.0,14188.0,14541.0,15807.0,16761.0
KR0097,하나생명보험,X,생명보험,2025.2Q,적용전,지급여력비율,155.97,147.18,136.45,128.03,120.29
KR0097,하나생명보험,X,생명보험,2025.2Q,적용전,지급여력금액,8653.0,8033.0,7378.0,6911.0,6475.0
KR0097,하나생명보험,X,생명보험,2025.2Q,적용전,지급여력기준금액,5548.0,5458.0,5407.0,5398.0,5383.0
KR0097,하나생명보험,X,생명보험,2025.2Q,적용후,지급여력비율,203.49,194.31,182.18,172.2,163.13
KR0097,하나생명보험,X,생명보험,2025.2Q,적용후,지급여력금액,9369.0,8749.0,8095.0,7627.0,7192.0
KR0097,하나생명보험,X,생명보험,2025.2Q,적용후,지급여력기준금액,4604.0,4503.0,4443.0,4429.0,4408.0
KR0099,KB라이프생명,X,생명보험,2025.2Q,적용전,지급여력비율,213.5,234.3,250.6,258.2,242.7
KR0099,KB라이프생명,X,생명보험,2025.2Q,적용전,지급여력금액,50474.0,54382.0,57614.0,60019.0,61050.0
KR0099,KB라이프생명,X,생명보험,2025.2Q,적용전,지급여력기준금액,23640.0,23213.0,22989.0,23249.0,25152.0
KR0099,KB라이프생명,X,생명보험,2025.2Q,적용후,지급여력비율,213.5,234.3,250.6,258.2,242.7
KR0099,KB라이프생명,X,생명보험,2025.2Q,적용후,지급여력금액,50474.0,54382.0,57614.0,60019.0,61050.0
KR0099,KB라이프생명,X,생명보험,2025.2Q,적용후,지급여력기준금액,23640.0,23213.0,22989.0,23249.0,25152.0
KR0100,처브라이프생명보험,X,생명보험,2025.2Q,적용전,지급여력비율,93.0,113.0,136.0,164.0,199.0
KR0100,처브라이프생명보험,X,생명보험,2025.2Q,적용전,지급여력금액,1477.0,1662.0,1823.0,1996.0,2170.0
KR0100,처브라이프생명보험,X,생명보험,2025.2Q,적용전,지급여력기준금액,1588.0,1464.0,1342.0,1216.0,1091.0
KR0100,처브라이프생명보험,X,생명보험,2025.2Q,적용후,지급여력비율,120.0,146.0,175.0,211.0,256.0
KR0100,처브라이프생명보험,X,생명보험,2025.2Q,적용후,지급여력금액,1477.0,1662.0,1823.0,1996.0,2170.0
KR0100,처브라이프생명보험,X,생명보험,2025.2Q,적용후,지급여력기준금액,1230.0,1137.0,1043.0,945.0,846.0
KR0104,농협생명보험,X,생명보험,2025.2Q,적용전,지급여력비율,265.9,277.8,258.4,233.6,204.5
KR0104,농협생명보험,X,생명보험,2025.2Q,적용전,지급여력금액,72225.0,71909.0,72607.0,70102.0,66707.0
KR0104,농협생명보험,X,생명보험,2025.2Q,적용전,지급여력기준금액,27159.0,25884.0,28100.0,30011.0,32612.0
KR0104,농협생명보험,X,생명보험,2025.2Q,적용후,지급여력비율,403.7,433.6,437.2,430.1,389.0
KR0104,농협생명보험,X,생명보험,2025.2Q,적용후,지급여력금액,74664.0,74409.0,74576.0,71116.0,66707.0
KR0104,농협생명보험,X,생명보험,2025.2Q,적용후,지급여력기준금액,18497.0,17161.0,17059.0,16536.0,17147.0
KR1000,코리안리재보험,003690,손해보험,2025.2Q,적용전,지급여력비율,207.12,205.86,204.45,202.94,200.78
KR1000,코리안리재보험,003690,손해보험,2025.2Q,적용전,지급여력금액,47175.0,46005.0,44902.0,43864.0,42857.0
KR1000,코리안리재보험,003690,손해보험,2025.2Q,적용전,지급여력기준금액,22776.0,22347.0,21963.0,21614.0,21345.0
KR1000,코리안리재보험,003690,손해보험,2025.2Q,적용후,지급여력비율,207.12,205.86,204.45,202.94,200.78
KR1000,코리안리재보험,003690,손해보험,2025.2Q,적용후,지급여력금액,47175.0,46005.0,44902.0,43864.0,42857.0
KR1000,코리안리재보험,003690,손해보험,2025.2Q,적용후,지급여력기준금액,22776.0,22347.0,21963.0,21614.0,21345.0
KR1010,교보라이프플래닛생명보험,X,생명보험,2025.2Q,적용전,지급여력비율,124.04,144.33,165.75,175.13,183.49
KR1010,교보라이프플래닛생명보험,X,생명보험,2025.2Q,적용전,지급여력금액,1079.0,1186.0,1293.0,1365.0,1438.0
KR1010,교보라이프플래닛생명보험,X,생명보험,2025.2Q,적용전,지급여력기준금액,870.0,822.0,780.0,780.0,783.0
KR1010,교보라이프플래닛생명보험,X,생명보험,2025.2Q,적용후,지급여력비율,151.13,181.33,214.94,233.59,250.57
KR1010,교보라이프플래닛생명보험,X,생명보험,2025.2Q,적용후,지급여력금액,1079.0,1186.0,1293.0,1365.0,1438.0
KR1010,교보라이프플래닛생명보험,X,생명보험,2025.2Q,적용후,지급여력기준금액,714.0,654.0,602.0,585.0,574.0
KR0001,메리츠화재해상보험,000060,손해보험,2025.4Q,적용전,지급여력비율,235.67,242.03,241.33,239.35,236.65
KR0001,메리츠화재해상보험,000060,손해보험,2025.4Q,적용전,지급여력금액,134356.0,134312.0,133506.0,132471.0,131500.0
KR0001,메리츠화재해상보험,000060,손해보험,2025.4Q,적용전,지급여력기준금액,57010.0,55493.0,55322.0,55345.0,55566.0
KR0001,메리츠화재해상보험,000060,손해보험,2025.4Q,적용후,지급여력비율,235.67,242.03,241.33,239.35,236.65
KR0001,메리츠화재해상보험,000060,손해보험,2025.4Q,적용후,지급여력금액,134356.0,134312.0,133506.0,132471.0,131500.0
KR0001,메리츠화재해상보험,000060,손해보험,2025.4Q,적용후,지급여력기준금액,57010.0,55493.0,55322.0,55345.0,55566.0
KR0002,한화손해보험,000370,손해보험,2025.4Q,적용전,지급여력비율,163.21,167.16,174.47,181.34,184.4
KR0002,한화손해보험,000370,손해보험,2025.4Q,적용전,지급여력금액,59015.0,58985.0,58948.0,59044.0,59091.0
KR0002,한화손해보험,000370,손해보험,2025.4Q,적용전,지급여력기준금액,36158.0,35287.0,33787.0,32560.0,32045.0
KR0002,한화손해보험,000370,손해보험,2025.4Q,적용후,지급여력비율,192.1,200.41,208.96,217.24,225.54
KR0002,한화손해보험,000370,손해보험,2025.4Q,적용후,지급여력금액,59015.0,58985.0,58948.0,59044.0,59091.0
KR0002,한화손해보험,000370,손해보험,2025.4Q,적용후,지급여력기준금액,30721.0,29433.0,28210.0,27180.0,26200.0
KR0003,롯데손해보험,000400,손해보험,2025.4Q,적용전,지급여력비율,121.26,125.13,126.06,127.21,126.17
KR0003,롯데손해보험,000400,손해보험,2025.4Q,적용전,지급여력금액,26719.0,26452.0,26058.0,25620.0,25230.0
KR0003,롯데손해보험,000400,손해보험,2025.4Q,적용전,지급여력기준금액,22035.0,21139.0,20671.0,20140.0,19997.0
KR0003,롯데손해보험,000400,손해보험,2025.4Q,적용후,지급여력비율,150.62,156.37,159.48,163.46,163.13
KR0003,롯데손해보험,000400,손해보험,2025.4Q,적용후,지급여력금액,26719.0,26452.0,26058.0,25620.0,25230.0
KR0003,롯데손해보험,000400,손해보험,2025.4Q,적용후,지급여력기준금액,17739.0,16917.0,16339.0,15673.0,15466.0
KR0005,흥국화재,000540,손해보험,2025.4Q,적용전,지급여력비율,147.23999999999998,153.84,156.48,156.38,156.38
KR0005,흥국화재,000540,손해보험,2025.4Q,적용전,지급여력금액,31359.0,30990.0,30737.0,30650.0,30852.0
KR0005,흥국화재,000540,손해보험,2025.4Q,적용전,지급여력기준금액,21298.0,20145.0,19642.0,19600.0,19728.0
KR0005,흥국화재,000540,손해보험,2025.4Q,적용후,지급여력비율,176.05,185.61,196.03,207.53,217.78
KR0005,흥국화재,000540,손해보험,2025.4Q,적용후,지급여력금액,31359.0,30990.0,30737.0,30650.0,30852.0
KR0005,흥국화재,000540,손해보험,2025.4Q,적용후,지급여력기준금액,17812.0,16696.0,15680.0,14769.0,14167.0
KR0008,삼성화재해상보험,000810,손해보험,2025.4Q,적용전,지급여력비율,269.07,267.27,262.87,258.37,253.53
KR0008,삼성화재해상보험,000810,손해보험,2025.4Q,적용전,지급여력금액,301904.0,298313.0,293000.0,287124.0,281300.0
KR0008,삼성화재해상보험,000810,손해보험,2025.4Q,적용전,지급여력기준금액,112203.0,111614.0,111463.0,111131.0,110953.0
KR0008,삼성화재해상보험,000810,손해보험,2025.4Q,적용후,지급여력비율,269.07,267.27,262.87,258.37,253.53
KR0008,삼성화재해상보험,000810,손해보험,2025.4Q,적용후,지급여력금액,301904.0,298313.0,293000.0,287124.0,281300.0
KR0008,삼성화재해상보험,000810,손해보험,2025.4Q,적용후,지급여력기준금액,112203.0,111614.0,111463.0,111131.0,110953.0
KR0009,현대해상,001450,손해보험,2025.4Q,적용전,지급여력비율,176.7,185.8,190.1,192.6,194.1
KR0009,현대해상,001450,손해보험,2025.4Q,적용전,지급여력금액,136503.0,138395.0,139586.0,140574.0,141407.0
KR0009,현대해상,001450,손해보험,2025.4Q,적용전,지급여력기준금액,77252.0,74490.0,73408.0,72977.0,72839.0
KR0009,현대해상,001450,손해보험,2025.4Q,적용후,지급여력비율,176.7,185.8,190.1,192.6,194.1
KR0009,현대해상,001450,손해보험,2025.4Q,적용후,지급여력금액,136503.0,138395.0,139586.0,140574.0,141407.0
KR0009,현대해상,001450,손해보험,2025.4Q,적용후,지급여력기준금액,77252.0,74490.0,73408.0,72977.0,72839.0
KR0011,DB손해보험,005830,손해보험,2025.4Q,적용전,지급여력비율,211.65,215.68,218.22,218.89,218.44
KR0011,DB손해보험,005830,손해보험,2025.4Q,적용전,지급여력금액,214845.0,215489.0,215522.0,214789.0,213808.0
KR0011,DB손해보험,005830,손해보험,2025.4Q,적용전,지급여력기준금액,101509.0,99913.0,98764.0,98126.0,97882.0
KR0011,DB손해보험,005830,손해보험,2025.4Q,적용후,지급여력비율,211.65,215.68,218.22,218.89,218.44
KR0011,DB손해보험,005830,손해보험,2025.4Q,적용후,지급여력금액,214845.0,215489.0,215522.0,214789.0,213808.0
KR0011,DB손해보험,005830,손해보험,2025.4Q,적용후,지급여력기준금액,101509.0,99913.0,98764.0,98126.0,97882.0
KR0029,AIG손해보험,X,손해보험,2025.4Q,적용전,지급여력비율,249.65,246.54,243.5,240.54,237.65
KR0029,AIG손해보험,X,손해보험,2025.4Q,적용전,지급여력금액,6265.0,6185.0,6107.0,6031.0,5956.0
KR0029,AIG손해보험,X,손해보험,2025.4Q,적용전,지급여력기준금액,2510.0,2509.0,2508.0,2507.0,2506.0
KR0029,AIG손해보험,X,손해보험,2025.4Q,적용후,지급여력비율,249.65,246.54,243.5,240.54,237.65
KR0029,AIG손해보험,X,손해보험,2025.4Q,적용후,지급여력금액,6265.0,6185.0,6107.0,6031.0,5956.0
KR0029,AIG손해보험,X,손해보험,2025.4Q,적용후,지급여력기준금액,2510.0,2509.0,2508.0,2507.0,2506.0
KR0032,NH농협손해보험,X,손해보험,2025.4Q,적용전,지급여력비율,111.58,121.66,130.98,132.77,134.89
KR0032,NH농협손해보험,X,손해보험,2025.4Q,적용전,지급여력금액,19480.0,20463.0,21007.0,20943.0,20775.0
KR0032,NH농협손해보험,X,손해보험,2025.4Q,적용전,지급여력기준금액,17459.0,16820.0,16039.0,15774.0,15402.0
KR0032,NH농협손해보험,X,손해보험,2025.4Q,적용후,지급여력비율,143.37,157.37,170.64,173.22,175.95
KR0032,NH농협손해보험,X,손해보험,2025.4Q,적용후,지급여력금액,19480.0,20463.0,21007.0,20943.0,20775.0
KR0032,NH농협손해보험,X,손해보험,2025.4Q,적용후,지급여력기준금액,13587.0,13003.0,12311.0,12090.0,11807.0
KR0049,악사손해보험,X,손해보험,2025.4Q,적용전,지급여력비율,179.96,177.74,175.41,172.98,170.47
KR0049,악사손해보험,X,손해보험,2025.4Q,적용전,지급여력금액,4898.0,4738.0,4577.0,4438.0,4298.0
KR0049,악사손해보험,X,손해보험,2025.4Q,적용전,지급여력기준금액,2721.0,2665.0,2610.0,2566.0,2521.0
KR0049,악사손해보험,X,손해보험,2025.4Q,적용후,지급여력비율,207.16,204.53,201.79,198.77,195.66
KR0049,악사손해보험,X,손해보험,2025.4Q,적용후,지급여력금액,4898.0,4738.0,4577.0,4438.0,4298.0
KR0049,악사손해보험,X,손해보험,2025.4Q,적용후,지급여력기준금액,2364.0,2316.0,2268.0,2233.0,2197.0
KR0050,하나손해보험,X,손해보험,2025.4Q,적용전,지급여력비율,152.16,154.36,155.49,155.58,154.71
KR0050,하나손해보험,X,손해보험,2025.4Q,적용전,지급여력금액,6866.0,6812.0,6744.0,6660.0,6560.0
KR0050,하나손해보험,X,손해보험,2025.4Q,적용전,지급여력기준금액,4512.0,4413.0,4337.0,4280.0,4240.0
KR0051,신한이지손해보험,X,손해보험,2025.4Q,적용전,지급여력비율,243.7,237.7,231.2,226.3,220.8
KR0051,신한이지손해보험,X,손해보험,2025.4Q,적용전,지급여력금액,1327.0,1292.0,1255.0,1224.0,1192.0
KR0051,신한이지손해보험,X,손해보험,2025.4Q,적용전,지급여력기준금액,545.0,543.0,543.0,541.0,540.0
KR0068,한화생명,088350,생명보험,2025.4Q,적용전,지급여력비율,144.7,152.1,157.5,160.0,156.3
KR0068,한화생명,088350,생명보험,2025.4Q,적용전,지급여력금액,222910.0,226674.0,229011.0,230390.0,229805.0
KR0068,한화생명,088350,생명보험,2025.4Q,적용전,지급여력기준금액,154026.0,149075.0,145388.0,144018.0,147008.0
KR0068,한화생명,088350,생명보험,2025.4Q,적용후,지급여력비율,144.7,152.1,157.5,160.0,156.3
KR0068,한화생명,088350,생명보험,2025.4Q,적용후,지급여력금액,222910.0,226674.0,229011.0,230390.0,229805.0
KR0068,한화생명,088350,생명보험,2025.4Q,적용후,지급여력기준금액,154026.0,149075.0,145388.0,144018.0,147008.0
KR0069,삼성생명보험,032830,생명보험,2025.4Q,적용전,지급여력비율,184.7,192.0,198.0,203.5,204.2
KR0069,삼성생명보험,032830,생명보험,2025.4Q,적용전,지급여력금액,620981.0,640574.0,657402.0,670881.0,678289.0
KR0069,삼성생명보험,032830,생명보험,2025.4Q,적용전,지급여력기준금액,336132.0,333657.0,332075.0,329700.0,332215.0
KR0071,흥국생명보험,X,생명보험,2025.4Q,적용전,지급여력비율,161.0,160.7,157.5,149.3,137.6
KR0071,흥국생명보험,X,생명보험,2025.4Q,적용전,지급여력금액,41536.0,40460.0,39425.0,38411.0,37425.0
KR0071,흥국생명보험,X,생명보험,2025.4Q,적용전,지급여력기준금액,25804.0,25185.0,25032.0,25729.0,27200.0
KR0071,흥국생명보험,X,생명보험,2025.4Q,적용후,지급여력비율,199.29999999999998,202.1,203.7,203.5,199.5
KR0071,흥국생명보험,X,생명보험,2025.4Q,적용후,지급여력금액,41536.0,40460.0,39425.0,38411.0,37425.0
KR0071,흥국생명보험,X,생명보험,2025.4Q,적용후,지급여력기준금액,20834.0,20019.0,19350.0,18868.0,18758.0
KR0073,교보생명보험,X,생명보험,2025.4Q,적용전,지급여력비율,176.3,172.21,165.66,150.02,129.43
KR0073,교보생명보험,X,생명보험,2025.4Q,적용전,지급여력금액,147480.0,145280.0,142181.0,137606.0,131280.0
KR0073,교보생명보험,X,생명보험,2025.4Q,적용전,지급여력기준금액,83653.0,84360.0,85825.0,91723.0,101430.0
KR0073,교보생명보험,X,생명보험,2025.4Q,적용후,지급여력비율,235.08,232.88,225.95,207.57,178.72
KR0073,교보생명보험,X,생명보험,2025.4Q,적용후,지급여력금액,147480.0,145280.0,142181.0,137606.0,131280.0
KR0073,교보생명보험,X,생명보험,2025.4Q,적용후,지급여력기준금액,62736.0,62383.0,62926.0,66295.0,73455.0
KR0074,라이나생명보험,X,생명보험,2025.4Q,적용전,지급여력비율,328.72,336.92,343.23,349.15,354.05
KR0074,라이나생명보험,X,생명보험,2025.4Q,적용전,지급여력금액,74102.0,73188.0,72230.0,71273.0,70333.0
KR0074,라이나생명보험,X,생명보험,2025.4Q,적용전,지급여력기준금액,22542.0,21723.0,21044.0,20413.0,19865.0
KR0074,라이나생명보험,X,생명보험,2025.4Q,적용후,지급여력비율,328.72,336.92,343.23,349.15,354.05
KR0074,라이나생명보험,X,생명보험,2025.4Q,적용후,지급여력금액,74102.0,73188.0,72230.0,71273.0,70333.0
KR0074,라이나생명보험,X,생명보험,2025.4Q,적용후,지급여력기준금액,22542.0,21723.0,21044.0,20413.0,19865.0
KR0075,비엔피파리바카디프생명보험,X,생명보험,2025.4Q,적용전,지급여력비율,269.2,261.27,253.35,245.43,237.5
KR0075,비엔피파리바카디프생명보험,X,생명보험,2025.4Q,적용전,지급여력금액,2158.0,2094.0,2031.0,1967.0,1903.0
KR0075,비엔피파리바카디프생명보험,X,생명보험,2025.4Q,적용전,지급여력기준금액,802.0,802.0,801.0,801.0,801.0
KR0075,비엔피파리바카디프생명보험,X,생명보험,2025.4Q,적용후,지급여력비율,269.2,261.27,253.35,245.43,237.5
KR0075,비엔피파리바카디프생명보험,X,생명보험,2025.4Q,적용후,지급여력금액,2158.0,2094.0,2031.0,1967.0,1903.0
KR0075,비엔피파리바카디프생명보험,X,생명보험,2025.4Q,적용후,지급여력기준금액,802.0,802.0,801.0,801.0,801.0
KR0076,아이엠라이프생명보험,X,생명보험,2025.4Q,적용전,지급여력비율,110.13,112.32,102.93,93.68,85.75
KR0076,아이엠라이프생명보험,X,생명보험,2025.4Q,적용전,지급여력금액,6508.0,6557.0,6501.0,6425.0,6307.0
KR0076,아이엠라이프생명보험,X,생명보험,2025.4Q,적용전,지급여력기준금액,5910.0,5838.0,6316.0,6859.0,7355.0
KR0076,아이엠라이프생명보험,X,생명보험,2025.4Q,적용후,지급여력비율,207.59,211.49,201.07,178.57,157.76
KR0076,아이엠라이프생명보험,X,생명보험,2025.4Q,적용후,지급여력금액,8269.0,8340.0,8075.0,7764.0,7442.0
KR0076,아이엠라이프생명보험,X,생명보험,2025.4Q,적용후,지급여력기준금액,3983.0,3944.0,4016.0,4348.0,4717.0
KR0087,동양생명,082640,생명보험,2025.4Q,적용전,지급여력비율,176.4,178.3,179.8,181.1,182.6
KR0087,동양생명,082640,생명보험,2025.4Q,적용전,지급여력금액,38619.0,39615.0,40595.0,41468.0,42338.0
KR0087,동양생명,082640,생명보험,2025.4Q,적용전,지급여력기준금액,21888.0,22213.0,22573.0,22893.0,23181.0
KR0087,동양생명,082640,생명보험,2025.4Q,적용후,지급여력비율,176.4,178.3,179.8,181.1,182.6
KR0087,동양생명,082640,생명보험,2025.4Q,적용후,지급여력금액,38619.0,39615.0,40595.0,41468.0,42338.0
KR0087,동양생명,082640,생명보험,2025.4Q,적용후,지급여력기준금액,21888.0,22213.0,22573.0,22893.0,23181.0
KR0095,메트라이프생명보험,X,생명보험,2025.4Q,적용전,지급여력비율,297.8,291.8,269.6,253.0,234.7
KR0095,메트라이프생명보험,X,생명보험,2025.4Q,적용전,지급여력금액,47692.0,47343.0,46509.0,45879.0,45134.0
KR0095,메트라이프생명보험,X,생명보험,2025.4Q,적용전,지급여력기준금액,16014.0,16223.0,17251.0,18137.0,19231.0
KR0095,메트라이프생명보험,X,생명보험,2025.4Q,적용후,지급여력비율,297.8,291.8,269.6,253.0,234.7
KR0095,메트라이프생명보험,X,생명보험,2025.4Q,적용후,지급여력금액,47692.0,47343.0,46509.0,45879.0,45134.0
KR0095,메트라이프생명보험,X,생명보험,2025.4Q,적용후,지급여력기준금액,16014.0,16223.0,17251.0,18137.0,19231.0
KR0100,처브라이프생명보험,X,생명보험,2025.4Q,적용전,지급여력비율,117.7,133.1,149.3,153.8,154.5
KR0100,처브라이프생명보험,X,생명보험,2025.4Q,적용전,지급여력금액,1616.0,1747.0,1877.0,1992.0,2101.0
KR0100,처브라이프생명보험,X,생명보험,2025.4Q,적용전,지급여력기준금액,1374.0,1313.0,1257.0,1295.0,1360.0
KR0100,처브라이프생명보험,X,생명보험,2025.4Q,적용후,지급여력비율,149.8,175.1,204.2,231.2,256.6
KR0100,처브라이프생명보험,X,생명보험,2025.4Q,적용후,지급여력금액,1616.0,1747.0,1877.0,1992.0,2101.0
KR0100,처브라이프생명보험,X,생명보험,2025.4Q,적용후,지급여력기준금액,1079.0,998.0,919.0,861.0,819.0
KR0104,농협생명보험,X,생명보험,2025.4Q,적용전,지급여력비율,279.2,258.0,231.7,196.2,165.4
KR0104,농협생명보험,X,생명보험,2025.4Q,적용전,지급여력금액,73462.0,72390.0,69849.0,64602.0,59692.0
KR0104,농협생명보험,X,생명보험,2025.4Q,적용전,지급여력기준금액,26312.0,28063.0,30151.0,32922.0,36092.0
KR0104,농협생명보험,X,생명보험,2025.4Q,적용후,지급여력비율,420.7,420.6,413.0,366.0,305.1
KR0104,농협생명보험,X,생명보험,2025.4Q,적용후,지급여력금액,75350.0,73404.0,69849.0,64602.0,59692.0
KR0104,농협생명보험,X,생명보험,2025.4Q,적용후,지급여력기준금액,17912.0,17452.0,16913.0,17650.0,19563.0
KR0150,서울보증보험,031210,손해보험,2025.4Q,적용전,지급여력비율,410.77,403.4,397.41,388.87,381.17
KR0150,서울보증보험,031210,손해보험,2025.4Q,적용전,지급여력금액,59032.0,57267.0,55638.0,54064.0,52603.0
KR0150,서울보증보험,031210,손해보험,2025.4Q,적용전,지급여력기준금액,14371.0,14196.0,14000.0,13903.0,13800.0
KR0150,서울보증보험,031210,손해보험,2025.4Q,적용후,지급여력비율,410.77,403.4,397.41,388.87,381.17
KR0150,서울보증보험,031210,손해보험,2025.4Q,적용후,지급여력금액,59032.0,57267.0,55638.0,54064.0,52603.0
KR0150,서울보증보험,031210,손해보험,2025.4Q,적용후,지급여력기준금액,14371.0,14196.0,14000.0,13903.0,13800.0
KR1000,코리안리재보험,003690,손해보험,2025.4Q,적용전,지급여력비율,202.19,200.12,197.81,195.25,192.45
KR1000,코리안리재보험,003690,손해보험,2025.4Q,적용전,지급여력금액,46487.0,45185.0,43951.0,42785.0,41687.0
KR1000,코리안리재보험,003690,손해보험,2025.4Q,적용전,지급여력기준금액,22992.0,22579.0,22219.0,21913.0,21661.0
KR1000,코리안리재보험,003690,손해보험,2025.4Q,적용후,지급여력비율,202.19,200.12,197.81,195.25,192.45
KR1000,코리안리재보험,003690,손해보험,2025.4Q,적용후,지급여력금액,46487.0,45185.0,43951.0,42785.0,41687.0
KR1000,코리안리재보험,003690,손해보험,2025.4Q,적용후,지급여력기준금액,22992.0,22579.0,22219.0,21913.0,21661.0
KR1011,IBK연금보험,X,생명보험,2025.4Q,적용전,지급여력비율,162.42,146.27,134.09,114.49,99.34
KR1011,IBK연금보험,X,생명보험,2025.4Q,적용전,지급여력금액,10374.0,10117.0,9415.0,8848.0,7942.0
KR1011,IBK연금보험,X,생명보험,2025.4Q,적용전,지급여력기준금액,6387.0,6917.0,7022.0,7728.0,7995.0
KR1011,IBK연금보험,X,생명보험,2025.4Q,적용후,지급여력비율,277.92,252.42,238.33,196.1,173.26
KR1011,IBK연금보험,X,생명보험,2025.4Q,적용후,지급여력금액,12913.0,12472.0,11854.0,11107.0,10269.0
KR1011,IBK연금보험,X,생명보험,2025.4Q,적용후,지급여력기준금액,4646.0,4941.0,4973.0,5664.0,5927.0
KR1098,카카오페이손해보험,X,손해보험,2025.4Q,적용전,지급여력비율,353.36,353.04,352.72,352.46,352.2
KR1098,카카오페이손해보험,X,손해보험,2025.4Q,적용전,지급여력금액,1071.0,1070.0,1069.0,1068.0,1068.0
KR1098,카카오페이손해보험,X,손해보험,2025.4Q,적용전,지급여력기준금액,303.0,303.0,303.0,303.0,303.0
KR0070,에이비엘생명보험,X,생명보험,2025.4Q,적용전,지급여력비율,104.56,105.39,108.85,111.96,111.47
KR0070,에이비엘생명보험,X,생명보험,2025.4Q,적용전,지급여력금액,17003.0,16772.0,16988.0,17312.0,17252.0
KR0070,에이비엘생명보험,X,생명보험,2025.4Q,적용전,지급여력기준금액,16260.0,15913.0,15606.0,15463.0,15477.0
KR0070,에이비엘생명보험,X,생명보험,2025.4Q,적용후,지급여력비율,157.93,163.26,171.56,177.96,179.75
KR0070,에이비엘생명보험,X,생명보험,2025.4Q,적용후,지급여력금액,20122.0,19938.0,20146.0,20413.0,20353.0
KR0070,에이비엘생명보험,X,생명보험,2025.4Q,적용후,지급여력기준금액,12741.0,12212.0,11743.0,11470.0,11323.0
KR0072,케이디비생명보험,X,생명보험,2025.4Q,적용전,지급여력비율,77.83,75.09,70.99,65.98,61.64
KR0072,케이디비생명보험,X,생명보험,2025.4Q,적용전,지급여력금액,10434.0,10045.0,9641.0,9218.0,8825.0
KR0072,케이디비생명보험,X,생명보험,2025.4Q,적용전,지급여력기준금액,13406.0,13377.0,13581.0,13970.0,14318.0
KR0072,케이디비생명보험,X,생명보험,2025.4Q,적용후,지급여력비율,205.53,209.54,205.73,195.51,185.48
KR0072,케이디비생명보험,X,생명보험,2025.4Q,적용후,지급여력금액,19206.0,18816.0,18412.0,17989.0,17597.0
KR0072,케이디비생명보험,X,생명보험,2025.4Q,적용후,지급여력기준금액,9344.0,8980.0,8949.0,9201.0,9487.0
KR0079,미래에셋생명보험,085620,생명보험,2025.4Q,적용전,지급여력비율,175.8,177.2,176.7,165.3,153.4
KR0079,미래에셋생명보험,085620,생명보험,2025.4Q,적용전,지급여력금액,38225.0,37723.0,37022.0,36036.0,35050.0
KR0079,미래에셋생명보험,085620,생명보험,2025.4Q,적용전,지급여력기준금액,21738.0,21291.0,20954.0,21801.0,22848.0
KR0079,미래에셋생명보험,085620,생명보험,2025.4Q,적용후,지급여력비율,175.8,177.2,176.7,165.3,153.4
KR0079,미래에셋생명보험,085620,생명보험,2025.4Q,적용후,지급여력금액,38225.0,37723.0,37022.0,36036.0,35050.0
KR0079,미래에셋생명보험,085620,생명보험,2025.4Q,적용후,지급여력기준금액,21738.0,21291.0,20954.0,21801.0,22848.0
KR0082,DB생명보험,X,생명보험,2025.4Q,적용전,지급여력비율,168.5,181.5,186.2,187.8,187.1
KR0082,DB생명보험,X,생명보험,2025.4Q,적용전,지급여력금액,24861.0,26080.0,26843.0,27471.0,27655.0
KR0082,DB생명보험,X,생명보험,2025.4Q,적용전,지급여력기준금액,14756.0,14370.0,14419.0,14630.0,14777.0
KR0082,DB생명보험,X,생명보험,2025.4Q,적용후,지급여력비율,212.2,241.9,268.7,288.0,302.2
KR0082,DB생명보험,X,생명보험,2025.4Q,적용후,지급여력금액,24861.0,26080.0,26843.0,27471.0,27655.0
KR0082,DB생명보험,X,생명보험,2025.4Q,적용후,지급여력기준금액,11714.0,10783.0,9989.0,9537.0,9151.0
KR0083,푸본현대생명보험,X,생명보험,2025.4Q,적용전,지급여력비율,71.68,64.36,56.02,47.31,37.46
KR0083,푸본현대생명보험,X,생명보험,2025.4Q,적용전,지급여력금액,9521.0,8371.0,7232.0,6213.0,4968.0
KR0083,푸본현대생명보험,X,생명보험,2025.4Q,적용전,지급여력기준금액,13283.0,13006.0,12909.0,13133.0,13260.0
KR0083,푸본현대생명보험,X,생명보험,2025.4Q,적용후,지급여력비율,259.49,258.84,252.09,233.82,216.14
KR0083,푸본현대생명보험,X,생명보험,2025.4Q,적용후,지급여력금액,26234.0,25116.0,23945.0,22784.0,21430.0
KR0083,푸본현대생명보험,X,생명보험,2025.4Q,적용후,지급여력기준금액,10110.0,9703.0,9499.0,9744.0,9915.0
KR0094,신한라이프생명보험,X,생명보험,2025.4Q,적용전,지급여력비율,180.97,194.43,205.98,204.37,192.55
KR0094,신한라이프생명보험,X,생명보험,2025.4Q,적용전,지급여력금액,94111.0,96267.0,98738.0,97521.0,96180.0
KR0094,신한라이프생명보험,X,생명보험,2025.4Q,적용전,지급여력기준금액,52004.0,49512.0,47935.0,47718.0,49950.0
KR0094,신한라이프생명보험,X,생명보험,2025.4Q,적용후,지급여력비율,180.97,194.43,205.98,204.37,192.55
KR0094,신한라이프생명보험,X,생명보험,2025.4Q,적용후,지급여력금액,94111.0,96267.0,98738.0,97521.0,96180.0
KR0094,신한라이프생명보험,X,생명보험,2025.4Q,적용후,지급여력기준금액,52004.0,49512.0,47935.0,47718.0,49950.0
KR0097,하나생명보험,X,생명보험,2025.4Q,적용전,지급여력비율,129.44,131.86,133.99,128.58,123.33
KR0097,하나생명보험,X,생명보험,2025.4Q,적용전,지급여력금액,8164.0,8059.0,7953.0,7788.0,7622.0
KR0097,하나생명보험,X,생명보험,2025.4Q,적용전,지급여력기준금액,6307.0,6112.0,5936.0,6057.0,6180.0
KR0097,하나생명보험,X,생명보험,2025.4Q,적용후,지급여력비율,164.05,169.43,174.39,167.11,160.1
KR0097,하나생명보험,X,생명보험,2025.4Q,적용후,지급여력금액,8880.0,8775.0,8669.0,8504.0,8338.0
KR0097,하나생명보험,X,생명보험,2025.4Q,적용후,지급여력기준금액,5413.0,5179.0,4971.0,5089.0,5208.0
KR0099,KB라이프생명,X,생명보험,2025.4Q,적용전,지급여력비율,266.87,273.81,272.19,253.03,235.72
KR0099,KB라이프생명,X,생명보험,2025.4Q,적용전,지급여력금액,54950.0,57120.0,58717.0,59395.0,59744.0
KR0099,KB라이프생명,X,생명보험,2025.4Q,적용전,지급여력기준금액,20590.0,20861.0,21572.0,23474.0,25346.0
KR0099,KB라이프생명,X,생명보험,2025.4Q,적용후,지급여력비율,266.87,273.81,272.19,253.03,235.72
KR0099,KB라이프생명,X,생명보험,2025.4Q,적용후,지급여력금액,54950.0,57120.0,58717.0,59395.0,59744.0
KR0099,KB라이프생명,X,생명보험,2025.4Q,적용후,지급여력기준금액,20590.0,20861.0,21572.0,23474.0,25346.0
KR1010,교보라이프플래닛생명보험,X,생명보험,2025.4Q,적용전,지급여력비율,147.45,156.66,164.87,166.31,167.31
KR1010,교보라이프플래닛생명보험,X,생명보험,2025.4Q,적용전,지급여력금액,1204.0,1216.0,1229.0,1237.0,1246.0
KR1010,교보라이프플래닛생명보험,X,생명보험,2025.4Q,적용전,지급여력기준금액,816.0,776.0,745.0,744.0,745.0
KR1010,교보라이프플래닛생명보험,X,생명보험,2025.4Q,적용후,지급여력비율,188.22,207.43,226.46,232.14,236.68
KR1010,교보라이프플래닛생명보험,X,생명보험,2025.4Q,적용후,지급여력금액,1204.0,1216.0,1229.0,1237.0,1246.0
KR1010,교보라이프플래닛생명보험,X,생명보험,2025.4Q,적용후,지급여력기준금액,640.0,586.0,543.0,533.0,526.0
KR0080,에이아이에이생명보험,X,생명보험,2025.4Q,적용전,지급여력비율,195.8,200.1,204.6,199.5,177.6
KR0080,에이아이에이생명보험,X,생명보험,2025.4Q,적용전,지급여력금액,31366.0,30874.0,30382.0,29616.0,28398.0
KR0080,에이아이에이생명보험,X,생명보험,2025.4Q,적용전,지급여력기준금액,16021.0,15428.0,14850.0,14844.0,15991.0
KR0080,에이아이에이생명보험,X,생명보험,2025.4Q,적용후,지급여력비율,195.8,200.1,204.6,199.5,177.6
KR0080,에이아이에이생명보험,X,생명보험,2025.4Q,적용후,지급여력금액,31366.0,30874.0,30382.0,29616.0,28398.0
KR0080,에이아이에이생명보험,X,생명보험,2025.4Q,적용후,지급여력기준금액,16021.0,15428.0,14850.0,14844.0,15991.0
KR0050,하나손해보험,X,손해보험,2024.4Q,적용후,지급여력비율,149.1,152.3,154.89,155.13,155.3
KR0050,하나손해보험,X,손해보험,2024.4Q,적용후,지급여력금액,4846.0,4833.0,4809.0,4763.0,4711.0
KR0050,하나손해보험,X,손해보험,2024.4Q,적용후,지급여력기준금액,3250.0,3173.0,3105.0,3070.0,3034.0
KR0050,하나손해보험,X,손해보험,2025.2Q,적용후,지급여력비율,134.02,138.5,141.27,142.37,142.35
KR0050,하나손해보험,X,손해보험,2025.2Q,적용후,지급여력금액,4964.0,4989.0,4989.0,4963.0,4916.0
KR0050,하나손해보험,X,손해보험,2025.2Q,적용후,지급여력기준금액,3704.0,3602.0,3531.0,3486.0,3454.0
KR0069,삼성생명보험,032830,생명보험,2025.2Q,적용후,지급여력비율,155.8,173.8,186.7,196.1,202.8
KR0069,삼성생명보험,032830,생명보험,2025.2Q,적용후,지급여력금액,439023.0,460311.0,477939.0,493521.0,505718.0
KR0069,삼성생명보험,032830,생명보험,2025.2Q,적용후,지급여력기준금액,281747.0,264882.0,255927.0,251646.0,249347.0
KR0050,하나손해보험,X,손해보험,2025.4Q,적용후,지급여력비율,152.16,154.36,155.49,155.58,154.71
KR0050,하나손해보험,X,손해보험,2025.4Q,적용후,지급여력금액,6866.0,6812.0,6744.0,6660.0,6560.0
KR0050,하나손해보험,X,손해보험,2025.4Q,적용후,지급여력기준금액,4512.0,4413.0,4337.0,4280.0,4240.0
KR0051,신한이지손해보험,X,손해보험,2025.4Q,적용후,지급여력비율,243.7,237.7,231.2,226.3,220.8
KR0051,신한이지손해보험,X,손해보험,2025.4Q,적용후,지급여력금액,1327.0,1292.0,1255.0,1224.0,1192.0
KR0051,신한이지손해보험,X,손해보험,2025.4Q,적용후,지급여력기준금액,545.0,543.0,543.0,541.0,540.0
KR0069,삼성생명보험,032830,생명보험,2025.4Q,적용후,지급여력비율,184.7,192.0,198.0,203.5,204.2
KR0069,삼성생명보험,032830,생명보험,2025.4Q,적용후,지급여력금액,620981.0,640574.0,657402.0,670881.0,678289.0
KR0069,삼성생명보험,032830,생명보험,2025.4Q,적용후,지급여력기준금액,336132.0,333657.0,332075.0,329700.0,332215.0
KR1098,카카오페이손해보험,X,손해보험,2025.4Q,적용후,지급여력비율,353.36,353.04,352.72,352.46,352.2
KR1098,카카오페이손해보험,X,손해보험,2025.4Q,적용후,지급여력금액,1071.0,1070.0,1069.0,1068.0,1068.0
KR1098,카카오페이손해보험,X,손해보험,2025.4Q,적용후,지급여력기준금액,303.0,303.0,303.0,303.0,303.0
KR0004,예별손해보험,X,손해보험,2025.4Q,적용전,지급여력비율,-21.04,-14.47,-8.24,-0.93,5.96
KR0004,예별손해보험,X,손해보험,2025.4Q,적용전,지급여력금액,-2108,-1363,-714,-78,475
KR0004,예별손해보험,X,손해보험,2025.4Q,적용전,지급여력기준금액,10019,9417,8656,8401,7966
KR0004,예별손해보험,X,손해보험,2025.4Q,적용후,지급여력비율,-25.05,-17.23,-9.69,-1.1,7.04
KR0004,예별손해보험,X,손해보험,2025.4Q,적용후,지급여력금액,-2108,-1363,-714,-78,475
KR0004,예별손해보험,X,손해보험,2025.4Q,적용후,지급여력기준금액,8417,7915,7364,7082,6744
