원보험사코드,원수사명,생손보여부,공시분기,표,기준연도,상태,추출방식,원천위치,쪽,셀수,값있는셀수,근거
KR0001,메리츠화재해상보험,손해보험,2023.4Q,A,,ABSENT_IN_SOURCE,,,,,,"전 쪽 키워드 0건(예상손해율·실제손해율·위험보험료 대비 예상보험금), 본문 텍스트쪽 102/102 (앞 100쪽 중 100%); ①② 표는 2024.4Q 결산본부터 신설"
KR0001,메리츠화재해상보험,손해보험,2023.4Q,B,,ABSENT_IN_SOURCE,,,,,,"전 쪽 키워드 0건(예상손해율·실제손해율·위험보험료 대비 예상보험금), 본문 텍스트쪽 102/102 (앞 100쪽 중 100%); ①② 표는 2024.4Q 결산본부터 신설"
KR0001,메리츠화재해상보험,손해보험,2024.4Q,A,2024,FILLED,text,본문,32,1,1,본문 쪽 32; 예실차=A-B 검산 통과
KR0001,메리츠화재해상보험,손해보험,2024.4Q,A,2023,ABSENT_IN_SOURCE,text,,32,0,0,표 A 는 읽혔으나(2024년 행) 2023년 행/블록 없음 - 공시본이 2024년만 인쇄
KR0001,메리츠화재해상보험,손해보험,2024.4Q,B,2024,FILLED,text,본문,"33,34,35,36",624,555,"본문 쪽 33,34,35,36; 비율≈A÷B 179/179 통과, 합계=Σ포트폴리오 32/32 통과"
KR0001,메리츠화재해상보험,손해보험,2024.4Q,B,2023,ABSENT_IN_SOURCE,text,,"33,34,35,36",0,0,"쪽 33,34,35,36 텍스트에 <2023년> 캡션 없음 - 공시본은 2024년 블록만 인쇄"
KR0001,메리츠화재해상보험,손해보험,2025.4Q,A,2025,FILLED,text,본문,34,1,1,본문 쪽 34; 예실차=A-B 검산 통과
KR0001,메리츠화재해상보험,손해보험,2025.4Q,A,2024,FILLED,text,본문,34,1,1,본문 쪽 34; 예실차=A-B 검산 통과
KR0001,메리츠화재해상보험,손해보험,2025.4Q,B,2025,FILLED,text,본문,"35,36,37,38",624,543,"본문 쪽 35,36,37,38; 비율≈A÷B 176/176 통과, 합계=Σ포트폴리오 32/32 통과"
KR0001,메리츠화재해상보험,손해보험,2025.4Q,B,2024,FILLED,text,본문,"39,40,41,42",624,556,"본문 쪽 39,40,41,42; 비율≈A÷B 182/182 통과, 합계=Σ포트폴리오 32/32 통과"
KR0001,메리츠화재해상보험,손해보험,2023.1Q,C,,ABSENT_IN_SOURCE,text,,,0,0,"1Q/3Q 분기공시(축약본): 전 쪽 '합산비율' 키워드 0건, 가격설정 절 쪽 없음; 본문 텍스트쪽 14/14 (앞 14쪽 중 100%)"
KR0001,메리츠화재해상보험,손해보험,2023.2Q,C,,FILLED,text,본문,25,15,15,쪽 25; 합산=손해율+사업비율 0/0 통과
KR0001,메리츠화재해상보험,손해보험,2023.3Q,C,,ABSENT_IN_SOURCE,text,,,0,0,"1Q/3Q 분기공시(축약본): 전 쪽 '합산비율' 키워드 0건, 가격설정 절 쪽 없음; 본문 텍스트쪽 22/22 (앞 22쪽 중 100%)"
KR0001,메리츠화재해상보험,손해보험,2023.4Q,C,,FILLED,text,본문,55,21,21,쪽 55; 합산=손해율+사업비율 0/0 통과
KR0001,메리츠화재해상보험,손해보험,2024.1Q,C,,ABSENT_IN_SOURCE,text,,,0,0,"1Q/3Q 분기공시(축약본): 전 쪽 '합산비율' 키워드 0건, 가격설정 절 쪽 없음; 본문 텍스트쪽 20/20 (앞 20쪽 중 100%)"
KR0001,메리츠화재해상보험,손해보험,2024.2Q,C,,FILLED,text,본문,25,15,15,쪽 25; 합산=손해율+사업비율 0/0 통과
KR0001,메리츠화재해상보험,손해보험,2024.3Q,C,,ABSENT_IN_SOURCE,text,,,0,0,"1Q/3Q 분기공시(축약본): 전 쪽 '합산비율' 키워드 0건, 가격설정 절 쪽 없음; 본문 텍스트쪽 20/20 (앞 20쪽 중 100%)"
KR0001,메리츠화재해상보험,손해보험,2024.4Q,C,,FILLED,text,본문,70,21,21,쪽 70; 합산=손해율+사업비율 0/0 통과
KR0001,메리츠화재해상보험,손해보험,2025.1Q,C,,ABSENT_IN_SOURCE,text,,,0,0,"1Q/3Q 분기공시(축약본): 전 쪽 '합산비율' 키워드 0건, 가격설정 절 쪽 없음; 본문 텍스트쪽 24/24 (앞 24쪽 중 100%)"
KR0001,메리츠화재해상보험,손해보험,2025.2Q,C,,FILLED,text,본문,29,15,15,쪽 29; 합산=손해율+사업비율 0/0 통과
KR0001,메리츠화재해상보험,손해보험,2025.3Q,C,,ABSENT_IN_SOURCE,text,,,0,0,"1Q/3Q 분기공시(축약본): 전 쪽 '합산비율' 키워드 0건, 가격설정 절 쪽 없음; 본문 텍스트쪽 23/23 (앞 23쪽 중 100%)"
KR0001,메리츠화재해상보험,손해보험,2025.4Q,C,,FILLED,text,본문,81,21,21,쪽 81; 합산=손해율+사업비율 0/0 통과
KR0001,메리츠화재해상보험,손해보험,2026.1Q,C,,ABSENT_IN_SOURCE,text,,,0,0,"1Q/3Q 분기공시(축약본): 전 쪽 '합산비율' 키워드 0건, 가격설정 절 쪽 없음; 본문 텍스트쪽 25/25 (앞 25쪽 중 100%)"
KR0001,메리츠화재해상보험,손해보험,2026.2Q,C,,FILLED,text,본문,30,15,15,쪽 30; 합산=손해율+사업비율 0/0 통과
KR0002,한화손해보험,손해보험,2023.4Q,A,,ABSENT_IN_SOURCE,,,,,,"전 쪽 키워드 0건(예상손해율·실제손해율·위험보험료 대비 예상보험금), 본문 텍스트쪽 474/486 (앞 100쪽 중 100%); ①② 표는 2024.4Q 결산본부터 신설"
KR0002,한화손해보험,손해보험,2023.4Q,B,,ABSENT_IN_SOURCE,,,,,,"전 쪽 키워드 0건(예상손해율·실제손해율·위험보험료 대비 예상보험금), 본문 텍스트쪽 474/486 (앞 100쪽 중 100%); ①② 표는 2024.4Q 결산본부터 신설"
KR0002,한화손해보험,손해보험,2024.4Q,A,2024,FILLED,text,본문,32,1,1,본문 쪽 32; 예실차=A-B 검산 통과
KR0002,한화손해보험,손해보험,2024.4Q,A,2023,FILLED,text,본문,32,1,1,본문 쪽 32; 예실차=A-B 검산 통과
KR0002,한화손해보험,손해보험,2024.4Q,B,2024,FILLED,text,본문,"32,33",576,556,"본문 쪽 32,33; 비율≈A÷B 148/148 통과, 합계=Σ포트폴리오 32/32 통과; 구간플래그 p32:cols_recalibrated,p33:cols_recalibrated,p33:cols_recalibrated,p34:cols_recalibrated"
KR0002,한화손해보험,손해보험,2024.4Q,B,2023,FILLED,text,본문,"33,34",576,557,"본문 쪽 33,34; 비율≈A÷B 150/150 통과, 합계=Σ포트폴리오 32/32 통과; 구간플래그 p32:cols_recalibrated,p33:cols_recalibrated,p33:cols_recalibrated,p34:cols_recalibrated"
KR0002,한화손해보험,손해보험,2025.4Q,A,2025,FILLED,text,본문,32,1,1,본문 쪽 32; 예실차=A-B 검산 통과
KR0002,한화손해보험,손해보험,2025.4Q,A,2024,FILLED,text,본문,32,1,1,본문 쪽 32; 예실차=A-B 검산 통과
KR0002,한화손해보험,손해보험,2025.4Q,B,2025,FILLED,text,본문,"32,33",576,557,"본문 쪽 32,33; 비율≈A÷B 153/153 통과, 합계=Σ포트폴리오 32/32 통과; 구간플래그 p32:cols_recalibrated,p33:cols_recalibrated,p33:cols_recalibrated,p34:cols_recalibrated"
KR0002,한화손해보험,손해보험,2025.4Q,B,2024,FILLED,text,본문,"33,34",576,556,"본문 쪽 33,34; 비율≈A÷B 148/148 통과, 합계=Σ포트폴리오 32/32 통과; 구간플래그 p32:cols_recalibrated,p33:cols_recalibrated,p33:cols_recalibrated,p34:cols_recalibrated"
KR0002,한화손해보험,손해보험,2023.1Q,C,,ABSENT_IN_SOURCE,text,,,0,0,"1Q/3Q 분기공시(축약본): 전 쪽 '합산비율' 키워드 0건, 가격설정 절 쪽 없음; 본문 텍스트쪽 264/264 (앞 100쪽 중 100%)"
KR0002,한화손해보험,손해보험,2023.2Q,C,,ABSENT_IN_SOURCE,text,,23,0,0,합산비율 키워드 쪽 23(가격설정 절 23)에 손해율·사업비율 행의 합산비율 표 없음 — 지급여력 총괄 표·서술문('회사합산비율 적용')의 언급뿐; 본문 텍스트쪽 302/302 (앞 100쪽 중 100%)
KR0002,한화손해보험,손해보험,2023.3Q,C,,ABSENT_IN_SOURCE,text,,,0,0,"1Q/3Q 분기공시(축약본): 전 쪽 '합산비율' 키워드 0건, 가격설정 절 쪽 없음; 본문 텍스트쪽 128/128 (앞 100쪽 중 100%)"
KR0002,한화손해보험,손해보험,2023.4Q,C,,ABSENT_IN_SOURCE,text,,54,0,0,합산비율 키워드 쪽 54(가격설정 절 54)에 손해율·사업비율 행의 합산비율 표 없음 — 지급여력 총괄 표·서술문('회사합산비율 적용')의 언급뿐; 본문 텍스트쪽 474/486 (앞 100쪽 중 100%)
KR0002,한화손해보험,손해보험,2024.1Q,C,,ABSENT_IN_SOURCE,text,,,0,0,"1Q/3Q 분기공시(축약본): 전 쪽 '합산비율' 키워드 0건, 가격설정 절 쪽 없음; 본문 텍스트쪽 249/249 (앞 100쪽 중 100%)"
KR0002,한화손해보험,손해보험,2024.2Q,C,,ABSENT_IN_SOURCE,text,,27,0,0,합산비율 키워드 쪽 27(가격설정 절 27)에 손해율·사업비율 행의 합산비율 표 없음 — 지급여력 총괄 표·서술문('회사합산비율 적용')의 언급뿐; 본문 텍스트쪽 292/293 (앞 100쪽 중 99%)
KR0002,한화손해보험,손해보험,2024.3Q,C,,ABSENT_IN_SOURCE,text,,,0,0,"1Q/3Q 분기공시(축약본): 전 쪽 '합산비율' 키워드 0건, 가격설정 절 쪽 없음; 본문 텍스트쪽 238/240 (앞 100쪽 중 99%)"
KR0002,한화손해보험,손해보험,2024.4Q,C,,ABSENT_IN_SOURCE,text,,68,0,0,합산비율 키워드 쪽 68(가격설정 절 68)에 손해율·사업비율 행의 합산비율 표 없음 — 지급여력 총괄 표·서술문('회사합산비율 적용')의 언급뿐; 본문 텍스트쪽 477/573 (앞 100쪽 중 100%)
KR0002,한화손해보험,손해보험,2025.1Q,C,,ABSENT_IN_SOURCE,text,,,0,0,"1Q/3Q 분기공시(축약본): 전 쪽 '합산비율' 키워드 0건, 가격설정 절 쪽 없음; 본문 텍스트쪽 253/253 (앞 100쪽 중 100%)"
KR0002,한화손해보험,손해보험,2025.2Q,C,,ABSENT_IN_SOURCE,text,,31,0,0,합산비율 키워드 쪽 31(가격설정 절 31)에 손해율·사업비율 행의 합산비율 표 없음 — 지급여력 총괄 표·서술문('회사합산비율 적용')의 언급뿐; 본문 텍스트쪽 302/303 (앞 100쪽 중 100%)
KR0002,한화손해보험,손해보험,2025.3Q,C,,ABSENT_IN_SOURCE,text,,,0,0,"1Q/3Q 분기공시(축약본): 전 쪽 '합산비율' 키워드 0건, 가격설정 절 쪽 없음; 본문 텍스트쪽 263/263 (앞 100쪽 중 100%)"
KR0002,한화손해보험,손해보험,2025.4Q,C,,ABSENT_IN_SOURCE,text,,69,0,0,합산비율 키워드 쪽 69(가격설정 절 69)에 손해율·사업비율 행의 합산비율 표 없음 — 지급여력 총괄 표·서술문('회사합산비율 적용')의 언급뿐; 본문 텍스트쪽 113/113 (앞 100쪽 중 100%)
KR0002,한화손해보험,손해보험,2026.1Q,C,,ABSENT_IN_SOURCE,text,,,0,0,"1Q/3Q 분기공시(축약본): 전 쪽 '합산비율' 키워드 0건, 가격설정 절 쪽 없음; 본문 텍스트쪽 279/279 (앞 100쪽 중 100%)"
KR0002,한화손해보험,손해보험,2026.2Q,C,,ABSENT_IN_SOURCE,text,,30,0,0,합산비율 키워드 쪽 30(가격설정 절 30)에 손해율·사업비율 행의 합산비율 표 없음 — 지급여력 총괄 표·서술문('회사합산비율 적용')의 언급뿐; 본문 텍스트쪽 316/316 (앞 100쪽 중 100%)
KR0003,롯데손해보험,손해보험,2023.4Q,A,,ABSENT_IN_SOURCE,,,,,,"전 쪽 키워드 0건(예상손해율·실제손해율·위험보험료 대비 예상보험금), 본문 텍스트쪽 104/116 (앞 100쪽 중 90%); ①② 표는 2024.4Q 결산본부터 신설"
KR0003,롯데손해보험,손해보험,2023.4Q,B,,ABSENT_IN_SOURCE,,,,,,"전 쪽 키워드 0건(예상손해율·실제손해율·위험보험료 대비 예상보험금), 본문 텍스트쪽 104/116 (앞 100쪽 중 90%); ①② 표는 2024.4Q 결산본부터 신설"
KR0003,롯데손해보험,손해보험,2024.4Q,A,2024,FILLED,text,본문,35,1,1,본문 쪽 35; 예실차=A-B 검산 통과
KR0003,롯데손해보험,손해보험,2024.4Q,A,2023,FILLED,text,본문,35,1,1,본문 쪽 35; 예실차=A-B 검산 통과
KR0003,롯데손해보험,손해보험,2024.4Q,B,2024,FILLED,text,본문,"35,36,37",1776,624,"본문 쪽 35,36,37; 비율≈A÷B 118/118 통과, 합계=Σ포트폴리오 32/32 통과; 구간플래그 p35:cols_recalibrated,p36:cols_recalibrated,p38:cols_recalibrated"
KR0003,롯데손해보험,손해보험,2024.4Q,B,2023,FILLED,text,본문,"38,39,40",1776,624,"본문 쪽 38,39,40; 비율≈A÷B 117/117 통과, 합계=Σ포트폴리오 32/32 통과; 구간플래그 p35:cols_recalibrated,p36:cols_recalibrated,p38:cols_recalibrated"
KR0003,롯데손해보험,손해보험,2025.4Q,A,2025,FILLED,text,본문,45,1,1,본문 쪽 45; 예실차=A-B 검산 통과
KR0003,롯데손해보험,손해보험,2025.4Q,A,2024,FILLED,text,본문,45,1,1,본문 쪽 45; 예실차=A-B 검산 통과
KR0003,롯데손해보험,손해보험,2025.4Q,B,2025,FILLED,text,본문,"45,46,47,48",1008,507,"본문 쪽 45,46,47,48; 비율≈A÷B 114/114 통과, 합계=Σ포트폴리오 32/32 통과; 구간플래그 p45:gubun_lead_unknown"
KR0003,롯데손해보험,손해보험,2025.4Q,B,2024,FILLED,text,본문,"49,50,51,52",1008,495,"본문 쪽 49,50,51,52; 비율≈A÷B 118/118 통과, 합계=Σ포트폴리오 32/32 통과; 구간플래그 p45:gubun_lead_unknown"
KR0003,롯데손해보험,손해보험,2023.1Q,C,,ABSENT_IN_SOURCE,text,,,0,0,"1Q/3Q 분기공시(축약본): 전 쪽 '합산비율' 키워드 0건, 가격설정 절 쪽 없음; 본문 텍스트쪽 22/23 (앞 23쪽 중 96%)"
KR0003,롯데손해보험,손해보험,2023.2Q,C,,FILLED,text,본문,24,15,15,쪽 24; 합산=손해율+사업비율 0/0 통과
KR0003,롯데손해보험,손해보험,2023.3Q,C,,ABSENT_IN_SOURCE,text,,,0,0,"1Q/3Q 분기공시(축약본): 전 쪽 '합산비율' 키워드 0건, 가격설정 절 쪽 없음; 본문 텍스트쪽 26/26 (앞 26쪽 중 100%)"
KR0003,롯데손해보험,손해보험,2023.4Q,C,,FILLED,text,본문,65,9,9,쪽 65; 합산=손해율+사업비율 0/0 통과
KR0003,롯데손해보험,손해보험,2024.1Q,C,,ABSENT_IN_SOURCE,text,,,0,0,"1Q/3Q 분기공시(축약본): 전 쪽 '합산비율' 키워드 0건, 가격설정 절 쪽 없음; 본문 텍스트쪽 22/22 (앞 22쪽 중 100%)"
KR0003,롯데손해보험,손해보험,2024.2Q,C,,FILLED,text,본문,27,15,15,쪽 27; 합산=손해율+사업비율 0/0 통과
KR0003,롯데손해보험,손해보험,2024.3Q,C,,ABSENT_IN_SOURCE,text,,,0,0,"1Q/3Q 분기공시(축약본): 전 쪽 '합산비율' 키워드 0건, 가격설정 절 쪽 없음; 본문 텍스트쪽 22/22 (앞 22쪽 중 100%)"
KR0003,롯데손해보험,손해보험,2024.4Q,C,,FILLED,text,본문,82,9,9,쪽 82; 합산=손해율+사업비율 0/0 통과
KR0003,롯데손해보험,손해보험,2025.1Q,C,,ABSENT_IN_SOURCE,text,,,0,0,"1Q/3Q 분기공시(축약본): 전 쪽 '합산비율' 키워드 0건, 가격설정 절 쪽 없음; 본문 텍스트쪽 29/29 (앞 29쪽 중 100%)"
KR0003,롯데손해보험,손해보험,2025.2Q,C,,FILLED,text,본문,36,15,15,쪽 36; 합산=손해율+사업비율 0/0 통과
KR0003,롯데손해보험,손해보험,2025.3Q,C,,ABSENT_IN_SOURCE,text,,,0,0,"1Q/3Q 분기공시(축약본): 전 쪽 '합산비율' 키워드 0건, 가격설정 절 쪽 없음; 본문 텍스트쪽 31/31 (앞 31쪽 중 100%)"
KR0003,롯데손해보험,손해보험,2025.4Q,C,,FILLED,text,본문,104,9,9,쪽 104; 합산=손해율+사업비율 0/0 통과
KR0003,롯데손해보험,손해보험,2026.1Q,C,,ABSENT_IN_SOURCE,text,,,0,0,"1Q/3Q 분기공시(축약본): 전 쪽 '합산비율' 키워드 0건, 가격설정 절 쪽 없음; 본문 텍스트쪽 33/33 (앞 33쪽 중 100%)"
KR0003,롯데손해보험,손해보험,2026.2Q,C,,FILLED,text,본문,41,15,15,쪽 41; 합산=손해율+사업비율 0/0 통과
KR0004,예별손해보험,손해보험,2023.4Q,A,,ABSENT_IN_SOURCE,,,,,,"전 쪽 키워드 0건(예상손해율·실제손해율·위험보험료 대비 예상보험금), 본문 텍스트쪽 87/87 (앞 87쪽 중 100%); ①② 표는 2024.4Q 결산본부터 신설"
KR0004,예별손해보험,손해보험,2023.4Q,B,,ABSENT_IN_SOURCE,,,,,,"전 쪽 키워드 0건(예상손해율·실제손해율·위험보험료 대비 예상보험금), 본문 텍스트쪽 87/87 (앞 87쪽 중 100%); ①② 표는 2024.4Q 결산본부터 신설"
KR0004,예별손해보험,손해보험,2024.4Q,A,2024,FILLED,text,본문,28,1,1,본문 쪽 28; 예실차=A-B 검산 통과
KR0004,예별손해보험,손해보험,2024.4Q,A,2023,FILLED,text,본문,28,1,1,본문 쪽 28; 예실차=A-B 검산 통과
KR0004,예별손해보험,손해보험,2024.4Q,B,2024,FILLED,text,본문,"29,30",528,509,"본문 쪽 29,30; 비율≈A÷B 103/103 통과, 합계=Σ포트폴리오 32/32 통과; 구간플래그 p29:cols_recalibrated,p30:cols_recalibrated"
KR0004,예별손해보험,손해보험,2024.4Q,B,2023,ABSENT_IN_SOURCE,text,,"29,30",0,0,"쪽 29,30 텍스트에 <2023년> 캡션 없음 - 공시본은 2024년 블록만 인쇄"
KR0004,예별손해보험,손해보험,2025.4Q,A,2025,FILLED,text,본문,23,1,1,본문 쪽 23; 예실차=A-B 검산 통과
KR0004,예별손해보험,손해보험,2025.4Q,A,2024,ABSENT_IN_SOURCE,text,본문,23,1,0,표에 행은 있으나 세 칸 모두 '-' (회사가 해당 기준연도 값을 공시하지 않음)
KR0004,예별손해보험,손해보험,2025.4Q,B,2025,FILLED,text,본문,"24,25",528,507,"본문 쪽 24,25; 비율≈A÷B 102/102 통과, 합계=Σ포트폴리오 32/32 통과; 구간플래그 p24:cols_recalibrated,p25:cols_recalibrated"
KR0004,예별손해보험,손해보험,2025.4Q,B,2024,ABSENT_IN_SOURCE,text,,"24,25",0,0,"쪽 24,25 텍스트에 <2024년> 캡션 없음 - 공시본은 2025년 블록만 인쇄"
KR0004,예별손해보험,손해보험,2023.1Q,C,,ABSENT_IN_SOURCE,text,,,0,0,"1Q/3Q 분기공시(축약본): 전 쪽 '합산비율' 키워드 0건, 가격설정 절 쪽 없음; 본문 텍스트쪽 31/31 (앞 31쪽 중 100%)"
KR0004,예별손해보험,손해보험,2023.2Q,C,,FILLED,text,본문,25,10,10,쪽 25; 합산=손해율+사업비율 0/0 통과
KR0004,예별손해보험,손해보험,2023.3Q,C,,ABSENT_IN_SOURCE,text,,,0,0,"1Q/3Q 분기공시(축약본): 전 쪽 '합산비율' 키워드 0건, 가격설정 절 쪽 없음; 본문 텍스트쪽 35/35 (앞 35쪽 중 100%)"
KR0004,예별손해보험,손해보험,2023.4Q,C,,ABSENT_IN_SOURCE,text,,,0,0,합산비율 키워드 쪽 -(가격설정 절 49)에 손해율·사업비율 행의 합산비율 표 없음 — 지급여력 총괄 표·서술문('회사합산비율 적용')의 언급뿐; 본문 텍스트쪽 87/87 (앞 87쪽 중 100%)
KR0004,예별손해보험,손해보험,2024.1Q,C,,ABSENT_IN_SOURCE,text,,,0,0,"1Q/3Q 분기공시(축약본): 전 쪽 '합산비율' 키워드 0건, 가격설정 절 쪽 없음; 본문 텍스트쪽 28/28 (앞 28쪽 중 100%)"
KR0004,예별손해보험,손해보험,2024.2Q,C,,ABSENT_IN_SOURCE,text,,,0,0,합산비율 키워드 쪽 -(가격설정 절 24)에 손해율·사업비율 행의 합산비율 표 없음 — 지급여력 총괄 표·서술문('회사합산비율 적용')의 언급뿐; 본문 텍스트쪽 60/60 (앞 60쪽 중 100%)
KR0004,예별손해보험,손해보험,2024.3Q,C,,ABSENT_IN_SOURCE,text,,,0,0,"1Q/3Q 분기공시(축약본): 전 쪽 '합산비율' 키워드 0건, 가격설정 절 쪽 없음; 본문 텍스트쪽 29/29 (앞 29쪽 중 100%)"
KR0004,예별손해보험,손해보험,2024.4Q,C,,ABSENT_IN_SOURCE,text,,,0,0,합산비율 키워드 쪽 -(가격설정 절 60)에 손해율·사업비율 행의 합산비율 표 없음 — 지급여력 총괄 표·서술문('회사합산비율 적용')의 언급뿐; 본문 텍스트쪽 98/98 (앞 98쪽 중 100%)
KR0004,예별손해보험,손해보험,2025.1Q,C,,ABSENT_IN_SOURCE,text,,,0,0,"1Q/3Q 분기공시(축약본): 전 쪽 '합산비율' 키워드 0건, 가격설정 절 쪽 없음; 본문 텍스트쪽 32/32 (앞 32쪽 중 100%)"
KR0004,예별손해보험,손해보험,2025.2Q,C,,ABSENT_IN_SOURCE,text,,,0,0,합산비율 키워드 쪽 -(가격설정 절 30)에 손해율·사업비율 행의 합산비율 표 없음 — 지급여력 총괄 표·서술문('회사합산비율 적용')의 언급뿐; 본문 텍스트쪽 69/69 (앞 69쪽 중 100%)
KR0004,예별손해보험,손해보험,2025.3Q,C,,ABSENT_IN_SOURCE,text,,,0,0,"1Q/3Q 분기공시(축약본): 전 쪽 '합산비율' 키워드 0건, 가격설정 절 쪽 없음; 본문 텍스트쪽 27/27 (앞 27쪽 중 100%)"
KR0004,예별손해보험,손해보험,2025.4Q,C,,ABSENT_IN_SOURCE,text,,,0,0,합산비율 키워드 쪽 -(가격설정 절 55)에 손해율·사업비율 행의 합산비율 표 없음 — 지급여력 총괄 표·서술문('회사합산비율 적용')의 언급뿐; 본문 텍스트쪽 91/91 (앞 91쪽 중 100%)
KR0004,예별손해보험,손해보험,2026.1Q,C,,ABSENT_IN_SOURCE,text,,,0,0,"1Q/3Q 분기공시(축약본): 전 쪽 '합산비율' 키워드 0건, 가격설정 절 쪽 없음; 본문 텍스트쪽 28/28 (앞 28쪽 중 100%)"
KR0004,예별손해보험,손해보험,2026.2Q,C,,ABSENT_IN_SOURCE,text,,,0,0,합산비율 키워드 쪽 -(가격설정 절 30)에 손해율·사업비율 행의 합산비율 표 없음 — 지급여력 총괄 표·서술문('회사합산비율 적용')의 언급뿐; 본문 텍스트쪽 66/67 (앞 67쪽 중 99%)
KR0005,흥국화재,손해보험,2023.4Q,A,,ABSENT_IN_SOURCE,,,,,,"전 쪽 키워드 0건(예상손해율·실제손해율·위험보험료 대비 예상보험금), 본문 텍스트쪽 289/292 (앞 100쪽 중 97%); ①② 표는 2024.4Q 결산본부터 신설"
KR0005,흥국화재,손해보험,2023.4Q,B,,ABSENT_IN_SOURCE,,,,,,"전 쪽 키워드 0건(예상손해율·실제손해율·위험보험료 대비 예상보험금), 본문 텍스트쪽 289/292 (앞 100쪽 중 97%); ①② 표는 2024.4Q 결산본부터 신설"
KR0005,흥국화재,손해보험,2024.4Q,A,2024,FILLED(vision),vision,본문(스캔),24,1,1,vision 판독 (원문 95.0 / 90.6 / 4.4); 예실차=A-B 통과
KR0005,흥국화재,손해보험,2024.4Q,A,2023,FILLED(vision),vision,본문(스캔),24,1,1,vision 판독 (원문 101.2 / 93.7 / 7.5); 예실차=A-B 통과
KR0005,흥국화재,손해보험,2024.4Q,B,2024,FILLED(vision),vision,본문(스캔),"25,26",1776,524,vision 판독 (칸결과표 vision_census_v3.csv)
KR0005,흥국화재,손해보험,2024.4Q,B,2023,ABSENT_IN_SOURCE,vision,본문(스캔),25-27,0,0,vision 판독: 표 B prints only the <2024년> block in this filing: p25 header '<2024년>' with the single 16-column table that continues on p26 and ends with '주) 원수보험 및 수재보험계약의 잔여보장요소에 대하여 작성.'; p27 already starts ③ 예정유지비 대비 예상유지비 등 <2024년>. No <2023년> (전년도) block exists (the same filing's 표 A p24 does print both 2024년 and 2023년 rows). Checked on the 160dpi renders of p25-p26 and the 70dpi contact sheets p21-p32 (p2
KR0005,흥국화재,손해보험,2025.4Q,A,2025,FILLED,text,본문,26,1,1,본문 쪽 26; 예실차=A-B 검산 통과
KR0005,흥국화재,손해보험,2025.4Q,A,2024,FILLED,text,본문,26,1,1,본문 쪽 26; 예실차=A-B 검산 통과
KR0005,흥국화재,손해보험,2025.4Q,B,2025,FILLED,text,본문,"26,27",528,465,"본문 쪽 26,27; 비율≈A÷B 110/110 통과, 합계=Σ포트폴리오 32/32 통과; 구간플래그 p26:cols_recalibrated,p27:cols_recalibrated,p28:cols_recalibrated"
KR0005,흥국화재,손해보험,2025.4Q,B,2024,FILLED,text,본문,"29,30",528,469,"본문 쪽 29,30; 비율≈A÷B 113/113 통과, 합계=Σ포트폴리오 32/32 통과; 구간플래그 p26:cols_recalibrated,p27:cols_recalibrated,p28:cols_recalibrated"
KR0005,흥국화재,손해보험,2023.1Q,C,,ABSENT_IN_SOURCE,text,,,0,0,"1Q/3Q 분기공시(축약본): 전 쪽 '합산비율' 키워드 0건, 가격설정 절 쪽 없음; 본문 텍스트쪽 125/125 (앞 100쪽 중 100%)"
KR0005,흥국화재,손해보험,2023.2Q,C,,FILLED,text,본문,21,15,15,쪽 21; 합산=손해율+사업비율 0/0 통과
KR0005,흥국화재,손해보험,2023.3Q,C,,ABSENT_IN_SOURCE,text,,,0,0,"1Q/3Q 분기공시(축약본): 전 쪽 '합산비율' 키워드 0건, 가격설정 절 쪽 없음; 본문 텍스트쪽 136/136 (앞 100쪽 중 100%)"
KR0005,흥국화재,손해보험,2023.4Q,C,,FILLED,text,본문,57,21,21,쪽 57; 합산=손해율+사업비율 0/0 통과
KR0005,흥국화재,손해보험,2024.1Q,C,,ABSENT_IN_SOURCE,text,,,0,0,"1Q/3Q 분기공시(축약본): 전 쪽 '합산비율' 키워드 0건, 가격설정 절 쪽 없음; 본문 텍스트쪽 124/125 (앞 100쪽 중 99%)"
KR0005,흥국화재,손해보험,2024.2Q,C,,FILLED,text,본문,24,15,15,쪽 24; 합산=손해율+사업비율 0/0 통과
KR0005,흥국화재,손해보험,2024.3Q,C,,ABSENT_IN_SOURCE,text,,,0,0,"1Q/3Q 분기공시(축약본): 전 쪽 '합산비율' 키워드 0건, 가격설정 절 쪽 없음; 본문 텍스트쪽 135/136 (앞 100쪽 중 99%)"
KR0005,흥국화재,손해보험,2024.4Q,C,,FILLED(vision),vision,본문(스캔),59,21,21,"vision 판독 (6-3-3) 가격설정(pricing)의 적정성 - 합산비율 현황 (p59, vector-drawn page, read at 250dpi); (단위 : %). Only 합산비율 is printed (no 손해율/사업비율 split). Header is two-level: 2022년, 2023년, then '2024년' spanning 1분기~4분기, then a separate '연간계' column (= 2024년 annual figure). 2022년 일반/자동차/합계 print two decimals (99.52, 111.68,)"
KR0005,흥국화재,손해보험,2025.1Q,C,,ABSENT_IN_SOURCE,text,,,0,0,"1Q/3Q 분기공시(축약본): 전 쪽 '합산비율' 키워드 0건, 가격설정 절 쪽 없음; 본문 텍스트쪽 135/135 (앞 100쪽 중 100%)"
KR0005,흥국화재,손해보험,2025.2Q,C,,FILLED,text,본문,32,15,15,쪽 32; 합산=손해율+사업비율 0/0 통과
KR0005,흥국화재,손해보험,2025.3Q,C,,ABSENT_IN_SOURCE,text,,,0,0,"1Q/3Q 분기공시(축약본): 전 쪽 '합산비율' 키워드 0건, 가격설정 절 쪽 없음; 본문 텍스트쪽 136/136 (앞 100쪽 중 100%)"
KR0005,흥국화재,손해보험,2025.4Q,C,,FILLED,text,본문,65,21,21,쪽 65; 합산=손해율+사업비율 0/0 통과
KR0005,흥국화재,손해보험,2026.1Q,C,,ABSENT_IN_SOURCE,text,,,0,0,"1Q/3Q 분기공시(축약본): 전 쪽 '합산비율' 키워드 0건, 가격설정 절 쪽 없음; 본문 텍스트쪽 144/144 (앞 100쪽 중 100%)"
KR0005,흥국화재,손해보험,2026.2Q,C,,FILLED,text,본문,29,15,15,쪽 29; 합산=손해율+사업비율 0/0 통과
KR0008,삼성화재해상보험,손해보험,2023.4Q,A,,ABSENT_IN_SOURCE,,,,,,"전 쪽 키워드 0건(예상손해율·실제손해율·위험보험료 대비 예상보험금), 본문 텍스트쪽 118/118 (앞 100쪽 중 100%); ①② 표는 2024.4Q 결산본부터 신설"
KR0008,삼성화재해상보험,손해보험,2023.4Q,B,,ABSENT_IN_SOURCE,,,,,,"전 쪽 키워드 0건(예상손해율·실제손해율·위험보험료 대비 예상보험금), 본문 텍스트쪽 118/118 (앞 100쪽 중 100%); ①② 표는 2024.4Q 결산본부터 신설"
KR0008,삼성화재해상보험,손해보험,2024.4Q,A,2024,FILLED,text,본문,40,1,1,본문 쪽 40; 예실차=A-B 검산 통과
KR0008,삼성화재해상보험,손해보험,2024.4Q,A,2023,ABSENT_IN_SOURCE,text,,40,0,0,표 A 는 읽혔으나(2024년 행) 2023년 행/블록 없음 - 공시본이 2024년만 인쇄
KR0008,삼성화재해상보험,손해보험,2024.4Q,B,2024,FILLED,text,본문,"41,42",416,374,"본문 쪽 41,42; 비율≈A÷B 113/113 통과, 합계=Σ포트폴리오 32/32 통과"
KR0008,삼성화재해상보험,손해보험,2024.4Q,B,2023,ABSENT_IN_SOURCE,text,,"41,42",0,0,"쪽 41,42 텍스트에 <2023년> 캡션 없음 - 공시본은 2024년 블록만 인쇄"
KR0008,삼성화재해상보험,손해보험,2025.4Q,A,2025,FILLED,text,본문,42,1,1,본문 쪽 42; 예실차=A-B 검산 통과
KR0008,삼성화재해상보험,손해보험,2025.4Q,A,2024,FILLED,text,본문,42,1,1,본문 쪽 42; 예실차=A-B 검산 통과
KR0008,삼성화재해상보험,손해보험,2025.4Q,B,2025,FILLED,text,본문,"43,44",432,411,"본문 쪽 43,44; 비율≈A÷B 113/113 통과, 합계=Σ포트폴리오 32/32 통과"
KR0008,삼성화재해상보험,손해보험,2025.4Q,B,2024,FILLED,text,본문,"45,46",416,374,"본문 쪽 45,46; 비율≈A÷B 113/113 통과, 합계=Σ포트폴리오 32/32 통과"
KR0008,삼성화재해상보험,손해보험,2023.1Q,C,,ABSENT_IN_SOURCE,text,,,0,0,"1Q/3Q 분기공시(축약본): 전 쪽 '합산비율' 키워드 0건, 가격설정 절 쪽 없음; 본문 텍스트쪽 18/18 (앞 18쪽 중 100%)"
KR0008,삼성화재해상보험,손해보험,2023.2Q,C,,ABSENT_IN_SOURCE,text,,,0,0,합산비율 키워드 쪽 -(가격설정 절 22)에 손해율·사업비율 행의 합산비율 표 없음 — 지급여력 총괄 표·서술문('회사합산비율 적용')의 언급뿐; 본문 텍스트쪽 55/55 (앞 55쪽 중 100%)
KR0008,삼성화재해상보험,손해보험,2023.3Q,C,,ABSENT_IN_SOURCE,text,,,0,0,"1Q/3Q 분기공시(축약본): 전 쪽 '합산비율' 키워드 0건, 가격설정 절 쪽 없음; 본문 텍스트쪽 21/21 (앞 21쪽 중 100%)"
KR0008,삼성화재해상보험,손해보험,2023.4Q,C,,ABSENT_IN_SOURCE,text,,,0,0,합산비율 키워드 쪽 -(가격설정 절 68)에 손해율·사업비율 행의 합산비율 표 없음 — 지급여력 총괄 표·서술문('회사합산비율 적용')의 언급뿐; 본문 텍스트쪽 118/118 (앞 100쪽 중 100%)
KR0008,삼성화재해상보험,손해보험,2024.1Q,C,,ABSENT_IN_SOURCE,text,,,0,0,"1Q/3Q 분기공시(축약본): 전 쪽 '합산비율' 키워드 0건, 가격설정 절 쪽 없음; 본문 텍스트쪽 23/23 (앞 23쪽 중 100%)"
KR0008,삼성화재해상보험,손해보험,2024.2Q,C,,ABSENT_IN_SOURCE,text,,,0,0,합산비율 키워드 쪽 -(가격설정 절 27)에 손해율·사업비율 행의 합산비율 표 없음 — 지급여력 총괄 표·서술문('회사합산비율 적용')의 언급뿐; 본문 텍스트쪽 64/64 (앞 64쪽 중 100%)
KR0008,삼성화재해상보험,손해보험,2024.3Q,C,,ABSENT_IN_SOURCE,text,,,0,0,"1Q/3Q 분기공시(축약본): 전 쪽 '합산비율' 키워드 0건, 가격설정 절 쪽 없음; 본문 텍스트쪽 23/23 (앞 23쪽 중 100%)"
KR0008,삼성화재해상보험,손해보험,2024.4Q,C,,ABSENT_IN_SOURCE,text,,,0,0,합산비율 키워드 쪽 -(가격설정 절 78)에 손해율·사업비율 행의 합산비율 표 없음 — 지급여력 총괄 표·서술문('회사합산비율 적용')의 언급뿐; 본문 텍스트쪽 131/131 (앞 100쪽 중 100%)
KR0008,삼성화재해상보험,손해보험,2025.1Q,C,,ABSENT_IN_SOURCE,text,,,0,0,"1Q/3Q 분기공시(축약본): 전 쪽 '합산비율' 키워드 0건, 가격설정 절 쪽 없음; 본문 텍스트쪽 25/25 (앞 25쪽 중 100%)"
KR0008,삼성화재해상보험,손해보험,2025.2Q,C,,FILLED,text,본문,30,48,36,쪽 30; 합산=손해율+사업비율 12/12 통과
KR0008,삼성화재해상보험,손해보험,2025.3Q,C,,ABSENT_IN_SOURCE,text,,,0,0,"1Q/3Q 분기공시(축약본): 전 쪽 '합산비율' 키워드 0건, 가격설정 절 쪽 없음; 본문 텍스트쪽 25/25 (앞 25쪽 중 100%)"
KR0008,삼성화재해상보험,손해보험,2025.4Q,C,,FILLED,text,본문,86,48,48,쪽 86; 합산=손해율+사업비율 16/16 통과
KR0008,삼성화재해상보험,손해보험,2026.1Q,C,,ABSENT_IN_SOURCE,text,,,0,0,"1Q/3Q 분기공시(축약본): 전 쪽 '합산비율' 키워드 0건, 가격설정 절 쪽 없음; 본문 텍스트쪽 24/24 (앞 24쪽 중 100%)"
KR0008,삼성화재해상보험,손해보험,2026.2Q,C,,FILLED,text,본문,30,48,36,쪽 30; 합산=손해율+사업비율 12/12 통과
KR0009,현대해상,손해보험,2023.4Q,A,,ABSENT_IN_SOURCE,,,,,,"전 쪽 키워드 0건(예상손해율·실제손해율·위험보험료 대비 예상보험금), 본문 텍스트쪽 109/109 (앞 100쪽 중 100%); ①② 표는 2024.4Q 결산본부터 신설"
KR0009,현대해상,손해보험,2023.4Q,B,,ABSENT_IN_SOURCE,,,,,,"전 쪽 키워드 0건(예상손해율·실제손해율·위험보험료 대비 예상보험금), 본문 텍스트쪽 109/109 (앞 100쪽 중 100%); ①② 표는 2024.4Q 결산본부터 신설"
KR0009,현대해상,손해보험,2024.4Q,A,2024,FILLED,text,본문,35,1,1,본문 쪽 35; 예실차=A-B 검산 통과
KR0009,현대해상,손해보험,2024.4Q,A,2023,FILLED,text,본문,35,1,1,본문 쪽 35; 예실차=A-B 검산 통과
KR0009,현대해상,손해보험,2024.4Q,B,2024,FILLED,text,본문,"35,36,37,38",1776,1327,"본문 쪽 35,36,37,38; 비율≈A÷B 121/121 통과, 합계=Σ포트폴리오 32/32 통과"
KR0009,현대해상,손해보험,2024.4Q,B,2023,FILLED,text,본문,"39,40,41",1776,1328,"본문 쪽 39,40,41; 비율≈A÷B 123/123 통과, 합계=Σ포트폴리오 32/32 통과"
KR0009,현대해상,손해보험,2025.4Q,A,2025,FILLED,text,본문,38,1,1,본문 쪽 38; 예실차=A-B 검산 통과
KR0009,현대해상,손해보험,2025.4Q,A,2024,FILLED,text,본문,38,1,1,본문 쪽 38; 예실차=A-B 검산 통과
KR0009,현대해상,손해보험,2025.4Q,B,2025,FILLED,text,본문,"38,39,40",1776,810,"본문 쪽 38,39,40; 비율≈A÷B 117/117 통과, 합계=Σ포트폴리오 32/32 통과"
KR0009,현대해상,손해보험,2025.4Q,B,2024,FILLED,text,본문,"41,42,43",1776,1327,"본문 쪽 41,42,43; 비율≈A÷B 121/121 통과, 합계=Σ포트폴리오 32/32 통과"
KR0009,현대해상,손해보험,2023.1Q,C,,ABSENT_IN_SOURCE,text,,,0,0,"1Q/3Q 분기공시(축약본): 전 쪽 '합산비율' 키워드 0건, 가격설정 절 쪽 없음; 본문 텍스트쪽 14/14 (앞 14쪽 중 100%)"
KR0009,현대해상,손해보험,2023.2Q,C,,FILLED,text,본문,25,54,42,쪽 25; 합산=손해율+사업비율 14/14 통과
KR0009,현대해상,손해보험,2023.3Q,C,,ABSENT_IN_SOURCE,text,,,0,0,"1Q/3Q 분기공시(축약본): 전 쪽 '합산비율' 키워드 0건, 가격설정 절 쪽 없음; 본문 텍스트쪽 23/23 (앞 23쪽 중 100%)"
KR0009,현대해상,손해보험,2023.4Q,C,,FILLED,text,본문,63,54,54,쪽 63; 합산=손해율+사업비율 18/18 통과
KR0009,현대해상,손해보험,2024.1Q,C,,ABSENT_IN_SOURCE,text,,,0,0,"1Q/3Q 분기공시(축약본): 전 쪽 '합산비율' 키워드 0건, 가격설정 절 쪽 없음; 본문 텍스트쪽 24/24 (앞 24쪽 중 100%)"
KR0009,현대해상,손해보험,2024.2Q,C,,FILLED,text,본문,29,42,42,쪽 29; 합산=손해율+사업비율 14/14 통과
KR0009,현대해상,손해보험,2024.3Q,C,,ABSENT_IN_SOURCE,text,,,0,0,"1Q/3Q 분기공시(축약본): 전 쪽 '합산비율' 키워드 0건, 가격설정 절 쪽 없음; 본문 텍스트쪽 24/24 (앞 24쪽 중 100%)"
KR0009,현대해상,손해보험,2024.4Q,C,,FILLED,text,본문,83,54,54,쪽 83; 합산=손해율+사업비율 18/18 통과
KR0009,현대해상,손해보험,2025.1Q,C,,ABSENT_IN_SOURCE,text,,,0,0,"1Q/3Q 분기공시(축약본): 전 쪽 '합산비율' 키워드 0건, 가격설정 절 쪽 없음; 본문 텍스트쪽 25/25 (앞 25쪽 중 100%)"
KR0009,현대해상,손해보험,2025.2Q,C,,FILLED,text,본문,30,54,42,쪽 30; 합산=손해율+사업비율 14/14 통과
KR0009,현대해상,손해보험,2025.3Q,C,,ABSENT_IN_SOURCE,text,,,0,0,"1Q/3Q 분기공시(축약본): 전 쪽 '합산비율' 키워드 0건, 가격설정 절 쪽 없음; 본문 텍스트쪽 25/25 (앞 25쪽 중 100%)"
KR0009,현대해상,손해보험,2025.4Q,C,,FILLED,text,본문,84,54,54,쪽 84; 합산=손해율+사업비율 18/18 통과
KR0009,현대해상,손해보험,2026.1Q,C,,ABSENT_IN_SOURCE,text,,,0,0,"1Q/3Q 분기공시(축약본): 전 쪽 '합산비율' 키워드 0건, 가격설정 절 쪽 없음; 본문 텍스트쪽 27/27 (앞 27쪽 중 100%)"
KR0009,현대해상,손해보험,2026.2Q,C,,FILLED,text,본문,30,48,48,쪽 30; 합산=손해율+사업비율 16/16 통과
KR0010,KB손해보험,손해보험,2023.4Q,A,,ABSENT_IN_SOURCE,,,,,,"전 쪽 키워드 0건(예상손해율·실제손해율·위험보험료 대비 예상보험금), 본문 텍스트쪽 99/106 (앞 100쪽 중 93%); ①② 표는 2024.4Q 결산본부터 신설"
KR0010,KB손해보험,손해보험,2023.4Q,B,,ABSENT_IN_SOURCE,,,,,,"전 쪽 키워드 0건(예상손해율·실제손해율·위험보험료 대비 예상보험금), 본문 텍스트쪽 99/106 (앞 100쪽 중 93%); ①② 표는 2024.4Q 결산본부터 신설"
KR0010,KB손해보험,손해보험,2024.4Q,A,2024,FILLED,text,본문,38,1,1,본문 쪽 38; 예실차=A-B 검산 통과
KR0010,KB손해보험,손해보험,2024.4Q,A,2023,ABSENT_IN_SOURCE,text,,38,0,0,표 A 는 읽혔으나(2024년 행) 2023년 행/블록 없음 - 공시본이 2024년만 인쇄
KR0010,KB손해보험,손해보험,2024.4Q,B,2024,FILLED,text,본문,"38,39",576,508,"본문 쪽 38,39; 비율≈A÷B 157/157 통과, 합계=Σ포트폴리오 32/32 통과; 구간플래그 p38:cols_recalibrated,p39:cols_recalibrated"
KR0010,KB손해보험,손해보험,2024.4Q,B,2023,ABSENT_IN_SOURCE,text,,"38,39",0,0,"쪽 38,39 텍스트에 <2023년> 캡션 없음 - 공시본은 2024년 블록만 인쇄"
KR0010,KB손해보험,손해보험,2025.4Q,A,2025,FILLED(vision),vision,본문(스캔),45,1,1,vision 판독 (원문 94.50% / 96.90% / -2.40%); 예실차=A-B 통과
KR0010,KB손해보험,손해보험,2025.4Q,A,2024,FILLED(vision),vision,본문(스캔),45,1,1,vision 판독 (원문 94.60% / 88.30% / 6.30%); 예실차=A-B 통과
KR0010,KB손해보험,손해보험,2025.4Q,B,2025,FILLED(vision),vision,본문(스캔),"45,46",576,508,"vision 판독 (칸결과표 vision_census_v3.csv); 플래그 다른기준연도_값전부동일: 2024.4Q <2024년> 블록 vs 2025.4Q <2025년> 블록: 값 있는 칸 508개 중 508개 동일 (인쇄 그대로 보관, diffs.csv); 플래그 다른기준연도_값거의동일(>=99%): 2025.4Q <2024년> 블록 vs 2025.4Q <2025년> 블록: 값 있는 칸 508개 중 507개 동일 (인쇄 그대로 보관, diffs.csv)"
KR0010,KB손해보험,손해보험,2025.4Q,B,2024,FILLED(vision),vision,본문(스캔),"46,47,48",576,507,vision 판독 (칸결과표 vision_census_v3.csv)
KR0010,KB손해보험,손해보험,2023.1Q,C,,ABSENT_IN_SOURCE,text,,,0,0,"1Q/3Q 분기공시(축약본): 전 쪽 '합산비율' 키워드 0건, 가격설정 절 쪽 없음; 본문 텍스트쪽 24/24 (앞 24쪽 중 100%)"
KR0010,KB손해보험,손해보험,2023.2Q,C,,FILLED,text,본문,"22,23",30,30,"쪽 22,23; 합산=손해율+사업비율 10/10 통과"
KR0010,KB손해보험,손해보험,2023.3Q,C,,ABSENT_IN_SOURCE,text,,,0,0,"1Q/3Q 분기공시(축약본): 전 쪽 '합산비율' 키워드 0건, 가격설정 절 쪽 없음; 본문 텍스트쪽 29/29 (앞 29쪽 중 100%)"
KR0010,KB손해보험,손해보험,2023.4Q,C,,FILLED,text,본문,63,42,42,쪽 63; 합산=손해율+사업비율 14/14 통과
KR0010,KB손해보험,손해보험,2024.1Q,C,,ABSENT_IN_SOURCE,vision,본문(스캔),"2,20",0,0,"vision 판독: 1Q/3Q 분기공시 축약본이라 표 C(6-3-3 가격설정 합산비율)가 없다. 파일 KR0010_KB손해보험_amended.pdf 25쪽, 텍스트층 거의 없음(스캔). 목차(PDF p2)의 Ⅵ 위험관리 18p ~ Ⅶ 기타 일반현황 19p 사이는 한 쪽(PDF p20 = 인쇄 p18)뿐이고, 그 쪽은 6-1 비례성원칙 적용에 관한 사항(개요·적용 내역·세부 현황·관리방법)만 담는다 — 6-2 이하 위험 절과 6-3-3 가격설정 절이 없다. 25쪽 전체를 70dpi 접촉시트 2장으로 렌더해 Ⅰ 주요 경영현황 ~ Ⅷ 재무제표(첨부 참조 문구) 전 쪽을 확인했고 합산비율·손해율·사업비율 표는 어디에도 없다. 같은 회사 2023.1Q·2023.3Q 도 census 에서 텍스트로 ABSENT, 2Q·4Q 공시(2023."
KR0010,KB손해보험,손해보험,2024.2Q,C,,FILLED,text,본문,29,36,36,쪽 29; 합산=손해율+사업비율 12/12 통과
KR0010,KB손해보험,손해보험,2024.3Q,C,,ABSENT_IN_SOURCE,vision,본문(스캔),"2,18",0,0,"vision 판독: 1Q/3Q 분기공시 축약본이라 표 C(6-3-3 가격설정 합산비율)가 없다. 파일 KR0010_KB손해보험_amended.pdf 23쪽, 텍스트층 거의 없음(스캔). 목차(PDF p2)의 Ⅵ 위험관리 16p ~ Ⅶ 기타 일반현황 17p 사이는 한 쪽(PDF p18 = 인쇄 p16)뿐이고, 그 쪽은 6-1 비례성원칙 적용에 관한 사항(개요·적용 내역·세부 현황·관리방법)만 담는다 — 6-2 이하 위험 절과 6-3-3 가격설정 절이 없다. 23쪽 전체를 70dpi 접촉시트 2장으로 렌더해 Ⅰ 주요 경영현황 ~ Ⅷ 재무제표(첨부 참조 문구) 전 쪽을 확인했고 합산비율·손해율·사업비율 표는 어디에도 없다. 같은 회사 2023.1Q·2023.3Q 도 census 에서 텍스트로 ABSENT, 2Q·4Q 공시(2023."
KR0010,KB손해보험,손해보험,2024.4Q,C,,FILLED,text,본문,72,42,42,쪽 72; 합산=손해율+사업비율 14/14 통과
KR0010,KB손해보험,손해보험,2025.1Q,C,,ABSENT_IN_SOURCE,vision,본문(스캔),"2,21",0,0,"vision 판독: 1Q/3Q 분기공시 축약본이라 표 C(6-3-3 가격설정 합산비율)가 없다. 파일 KR0010_KB손해보험.pdf 26쪽, 텍스트층 거의 없음(스캔). 목차(PDF p2)의 Ⅵ 위험관리 19p ~ Ⅶ 기타 일반현황 20p 사이는 한 쪽(PDF p21 = 인쇄 p19)뿐이고, 그 쪽은 6-1 비례성원칙 적용에 관한 사항(개요·적용 내역·세부 현황·관리방법)만 담는다 — 6-2 이하 위험 절과 6-3-3 가격설정 절이 없다. 26쪽 전체를 70dpi 접촉시트 2장으로 렌더해 Ⅰ 주요 경영현황 ~ Ⅷ 재무제표(첨부 참조 문구) 전 쪽을 확인했고 합산비율·손해율·사업비율 표는 어디에도 없다. 같은 회사 2023.1Q·2023.3Q 도 census 에서 텍스트로 ABSENT, 2Q·4Q 공시(2023.2Q~2025."
KR0010,KB손해보험,손해보험,2025.2Q,C,,FILLED,text,본문,30,36,36,쪽 30; 합산=손해율+사업비율 12/12 통과
KR0010,KB손해보험,손해보험,2025.3Q,C,,ABSENT_IN_SOURCE,vision,본문(스캔),"2,21",0,0,"vision 판독: 1Q/3Q 분기공시 축약본이라 표 C(6-3-3 가격설정 합산비율)가 없다. 파일 KR0010_KB손해보험.pdf 26쪽, 텍스트층 거의 없음(스캔). 목차(PDF p2)의 Ⅵ 위험관리 19p ~ Ⅶ 기타 일반현황 20p 사이는 한 쪽(PDF p21 = 인쇄 p19)뿐이고, 그 쪽은 6-1 비례성원칙 적용에 관한 사항(개요·적용 내역·세부 현황·관리방법)만 담는다 — 6-2 이하 위험 절과 6-3-3 가격설정 절이 없다. 26쪽 전체를 70dpi 접촉시트 2장으로 렌더해 Ⅰ 주요 경영현황 ~ Ⅷ 재무제표(첨부 참조 문구) 전 쪽을 확인했고 합산비율·손해율·사업비율 표는 어디에도 없다. 같은 회사 2023.1Q·2023.3Q 도 census 에서 텍스트로 ABSENT, 2Q·4Q 공시(2023.2Q~2025."
KR0010,KB손해보험,손해보험,2025.4Q,C,,FILLED(vision),vision,본문(스캔),88,48,48,"vision 판독 (6-3-3) 가격설정(pricing)의 적정성 (PDF p88 = printed p86; no text layer, read at 300dpi). Table rows 일반 and 자동차 each with 손해율 / 사업비율 / 합산비율 (no 장기 row, no 합계 row). Header is two-level: 구분, 2022, 2023, 2024, '2025 (12 월누적)', then under a 2025 group the quarters 1 분기 .. 4 분기; column labels stored as '2025 (12)"
KR0010,KB손해보험,손해보험,2026.1Q,C,,ABSENT_IN_SOURCE,vision,본문(스캔),"2,22",0,0,"vision 판독: 1Q/3Q 분기공시 축약본이라 표 C(6-3-3 가격설정 합산비율)가 없다. 파일 KR0010_KB손해보험.pdf 27쪽, 텍스트층 거의 없음(스캔). 목차(PDF p2)의 Ⅵ 위험관리 20p ~ Ⅶ 기타 일반현황 21p 사이는 한 쪽(PDF p22 = 인쇄 p20)뿐이고, 그 쪽은 6-1 비례성원칙 적용에 관한 사항(개요·적용 내역·세부 현황·관리방법)만 담는다 — 6-2 이하 위험 절과 6-3-3 가격설정 절이 없다. 27쪽 전체를 70dpi 접촉시트 2장으로 렌더해 Ⅰ 주요 경영현황 ~ Ⅷ 재무제표(첨부 참조 문구) 전 쪽을 확인했고 합산비율·손해율·사업비율 표는 어디에도 없다(p7·p9 는 텍스트층이 있는 쪽이나 2-4 보험부채 현황·3-2 유가증권 표이고 합산비율과 무관). 같은 회사 2023.1Q"
KR0010,KB손해보험,손해보험,2026.2Q,C,,FILLED(vision),vision,본문(스캔),32,36,36,"vision 판독 (6-3-3) 가격설정(pricing)의 적정성 (PDF p32 = 인쇄 p30; 이 쪽 텍스트층 0자(64쪽 전부 100자 미만의 스캔본)라 렌더 판독, 130dpi 전체쪽 + 300dpi 표 확대). 표 구조: 행 = 일반·자동차 × 손해율·사업비율·합산비율(장기·합계 행 없음), 열 = 2023 · 2024 · 2025 · '2026 (6 월누적)' 과 그 오른쪽 1~4 분기. 3 분기·4 분기 열은 인쇄 공란(미도래 분기, 12칸) 이라 행으로 적재하지 않았다. 단위 표기는 표에 없으나 %(합산비율 정의 서술). 열 라벨은 같)"
KR0011,DB손해보험,손해보험,2023.4Q,A,,ABSENT_IN_SOURCE,,,,,,"전 쪽 키워드 0건(예상손해율·실제손해율·위험보험료 대비 예상보험금), 본문 텍스트쪽 106/106 (앞 100쪽 중 100%); ①② 표는 2024.4Q 결산본부터 신설"
KR0011,DB손해보험,손해보험,2023.4Q,B,,ABSENT_IN_SOURCE,,,,,,"전 쪽 키워드 0건(예상손해율·실제손해율·위험보험료 대비 예상보험금), 본문 텍스트쪽 106/106 (앞 100쪽 중 100%); ①② 표는 2024.4Q 결산본부터 신설"
KR0011,DB손해보험,손해보험,2024.4Q,A,2024,FILLED,text,본문,29,1,1,본문 쪽 29; 예실차=A-B 검산 통과
KR0011,DB손해보험,손해보험,2024.4Q,A,2023,ABSENT_IN_SOURCE,text,,29,0,0,표 A 는 읽혔으나(2024년 행) 2023년 행/블록 없음 - 공시본이 2024년만 인쇄
KR0011,DB손해보험,손해보험,2024.4Q,B,2024,FILLED,text,본문,30,480,420,"본문 쪽 30; 비율≈A÷B 129/129 통과, 합계=Σ포트폴리오 32/32 통과; 구간플래그 p30:cols_recalibrated"
KR0011,DB손해보험,손해보험,2024.4Q,B,2023,ABSENT_IN_SOURCE,text,,30,0,0,쪽 30 텍스트에 <2023년> 캡션 없음 - 공시본은 2024년 블록만 인쇄
KR0011,DB손해보험,손해보험,2025.4Q,A,2025,FILLED,text,본문,33,1,1,본문 쪽 33; 예실차=A-B 검산 통과
KR0011,DB손해보험,손해보험,2025.4Q,A,2024,FILLED,text,본문,33,1,1,본문 쪽 33; 예실차=A-B 검산 통과
KR0011,DB손해보험,손해보험,2025.4Q,B,2025,FILLED,text,본문,"33,34",480,420,"본문 쪽 33,34; 비율≈A÷B 128/128 통과, 합계=Σ포트폴리오 32/32 통과; 구간플래그 p33:cols_recalibrated,p34:cols_recalibrated,p34:cols_recalibrated,p35:cols_recalibrated"
KR0011,DB손해보험,손해보험,2025.4Q,B,2024,FILLED,text,본문,"34,35",480,420,"본문 쪽 34,35; 비율≈A÷B 129/129 통과, 합계=Σ포트폴리오 32/32 통과; 구간플래그 p33:cols_recalibrated,p34:cols_recalibrated,p34:cols_recalibrated,p35:cols_recalibrated"
KR0011,DB손해보험,손해보험,2023.1Q,C,,ABSENT_IN_SOURCE,text,,,0,0,"1Q/3Q 분기공시(축약본): 전 쪽 '합산비율' 키워드 0건, 가격설정 절 쪽 없음; 본문 텍스트쪽 16/17 (앞 17쪽 중 94%)"
KR0011,DB손해보험,손해보험,2023.2Q,C,,FILLED,text,본문,25,30,30,쪽 25; 합산=손해율+사업비율 10/10 통과
KR0011,DB손해보험,손해보험,2023.3Q,C,,ABSENT_IN_SOURCE,text,,,0,0,"1Q/3Q 분기공시(축약본): 전 쪽 '합산비율' 키워드 0건, 가격설정 절 쪽 없음; 본문 텍스트쪽 23/23 (앞 23쪽 중 100%)"
KR0011,DB손해보험,손해보험,2023.4Q,C,,FILLED,text,본문,56,42,42,쪽 56; 합산=손해율+사업비율 14/14 통과
KR0011,DB손해보험,손해보험,2024.1Q,C,,ABSENT_IN_SOURCE,text,,,0,0,"1Q/3Q 분기공시(축약본): 전 쪽 '합산비율' 키워드 0건, 가격설정 절 쪽 없음; 본문 텍스트쪽 21/21 (앞 21쪽 중 100%)"
KR0011,DB손해보험,손해보험,2024.2Q,C,,FILLED,text,본문,26,42,30,쪽 26; 합산=손해율+사업비율 10/10 통과
KR0011,DB손해보험,손해보험,2024.3Q,C,,ABSENT_IN_SOURCE,text,,,0,0,"1Q/3Q 분기공시(축약본): 전 쪽 '합산비율' 키워드 0건, 가격설정 절 쪽 없음; 본문 텍스트쪽 21/21 (앞 21쪽 중 100%)"
KR0011,DB손해보험,손해보험,2024.4Q,C,,FILLED,text,본문,63,42,42,쪽 63; 합산=손해율+사업비율 14/14 통과
KR0011,DB손해보험,손해보험,2025.1Q,C,,ABSENT_IN_SOURCE,text,,,0,0,"1Q/3Q 분기공시(축약본): 전 쪽 '합산비율' 키워드 0건, 가격설정 절 쪽 없음; 본문 텍스트쪽 24/24 (앞 24쪽 중 100%)"
KR0011,DB손해보험,손해보험,2025.2Q,C,,FILLED,text,본문,29,30,30,쪽 29; 합산=손해율+사업비율 10/10 통과
KR0011,DB손해보험,손해보험,2025.3Q,C,,ABSENT_IN_SOURCE,text,,,0,0,"1Q/3Q 분기공시(축약본): 전 쪽 '합산비율' 키워드 0건, 가격설정 절 쪽 없음; 본문 텍스트쪽 25/25 (앞 25쪽 중 100%)"
KR0011,DB손해보험,손해보험,2025.4Q,C,,FILLED,text,본문,69,42,42,쪽 69; 합산=손해율+사업비율 14/14 통과
KR0011,DB손해보험,손해보험,2026.1Q,C,,ABSENT_IN_SOURCE,text,,,0,0,"1Q/3Q 분기공시(축약본): 전 쪽 '합산비율' 키워드 0건, 가격설정 절 쪽 없음; 본문 텍스트쪽 25/25 (앞 25쪽 중 100%)"
KR0011,DB손해보험,손해보험,2026.2Q,C,,FILLED,text,본문,29,30,30,쪽 29; 합산=손해율+사업비율 10/10 통과
KR0029,AIG손해보험,손해보험,2023.4Q,A,,ABSENT_IN_SOURCE,,,,,,"전 쪽 키워드 0건(예상손해율·실제손해율·위험보험료 대비 예상보험금), 본문 텍스트쪽 74/75 (앞 75쪽 중 99%); ①② 표는 2024.4Q 결산본부터 신설"
KR0029,AIG손해보험,손해보험,2023.4Q,B,,ABSENT_IN_SOURCE,,,,,,"전 쪽 키워드 0건(예상손해율·실제손해율·위험보험료 대비 예상보험금), 본문 텍스트쪽 74/75 (앞 75쪽 중 99%); ①② 표는 2024.4Q 결산본부터 신설"
KR0029,AIG손해보험,손해보험,2024.4Q,A,2024,FILLED,text,본문,24,1,1,본문 쪽 24; 예실차=A-B 검산 통과
KR0029,AIG손해보험,손해보험,2024.4Q,A,2023,FILLED,text,본문,24,1,1,본문 쪽 24; 예실차=A-B 검산 통과
KR0029,AIG손해보험,손해보험,2024.4Q,B,2024,FILLED,text,본문,25,144,144,"본문 쪽 25; 비율≈A÷B 48/48 통과, 합계=Σ포트폴리오 32/32 통과"
KR0029,AIG손해보험,손해보험,2024.4Q,B,2023,ABSENT_IN_SOURCE,text,,"25,26,27",0,0,"쪽 25,26,27 텍스트에 <2023년> 캡션 없음 - 공시본은 2024년 블록만 인쇄"
KR0029,AIG손해보험,손해보험,2025.4Q,A,2025,FILLED,text,본문,27,1,1,본문 쪽 27; 예실차=A-B 검산 통과
KR0029,AIG손해보험,손해보험,2025.4Q,A,2024,FILLED,text,본문,27,1,1,본문 쪽 27; 예실차=A-B 검산 통과
KR0029,AIG손해보험,손해보험,2025.4Q,B,2025,FILLED,text,본문,"28,29,30",1776,1776,"본문 쪽 28,29,30; 비율≈A÷B 48/48 통과, 합계=Σ포트폴리오 32/32 통과"
KR0029,AIG손해보험,손해보험,2025.4Q,B,2024,FILLED,text,본문,"31,32,33",1776,1776,"본문 쪽 31,32,33; 비율≈A÷B 48/48 통과, 합계=Σ포트폴리오 32/32 통과"
KR0029,AIG손해보험,손해보험,2023.1Q,C,,ABSENT_IN_SOURCE,text,,,0,0,"1Q/3Q 분기공시(축약본): 전 쪽 '합산비율' 키워드 0건, 가격설정 절 쪽 없음; 본문 텍스트쪽 21/21 (앞 21쪽 중 100%)"
KR0029,AIG손해보험,손해보험,2023.2Q,C,,FILLED,text,본문,20,5,5,쪽 20; 합산=손해율+사업비율 0/0 통과
KR0029,AIG손해보험,손해보험,2023.3Q,C,,ABSENT_IN_SOURCE,text,,,0,0,"1Q/3Q 분기공시(축약본): 전 쪽 '합산비율' 키워드 0건, 가격설정 절 쪽 없음; 본문 텍스트쪽 26/26 (앞 26쪽 중 100%)"
KR0029,AIG손해보험,손해보험,2023.4Q,C,,FILLED,text,본문,38,7,7,쪽 38; 합산=손해율+사업비율 0/0 통과
KR0029,AIG손해보험,손해보험,2024.1Q,C,,ABSENT_IN_SOURCE,text,,,0,0,"1Q/3Q 분기공시(축약본): 전 쪽 '합산비율' 키워드 0건, 가격설정 절 쪽 없음; 본문 텍스트쪽 24/24 (앞 24쪽 중 100%)"
KR0029,AIG손해보험,손해보험,2024.2Q,C,,FILLED,text,본문,21,6,6,쪽 21; 합산=손해율+사업비율 0/0 통과
KR0029,AIG손해보험,손해보험,2024.3Q,C,,ABSENT_IN_SOURCE,text,,,0,0,"1Q/3Q 분기공시(축약본): 전 쪽 '합산비율' 키워드 0건, 가격설정 절 쪽 없음; 본문 텍스트쪽 24/24 (앞 24쪽 중 100%)"
KR0029,AIG손해보험,손해보험,2024.4Q,C,,FILLED,text,본문,51,7,7,쪽 51; 합산=손해율+사업비율 0/0 통과
KR0029,AIG손해보험,손해보험,2025.1Q,C,,ABSENT_IN_SOURCE,text,,,0,0,"1Q/3Q 분기공시(축약본): 전 쪽 '합산비율' 키워드 0건, 가격설정 절 쪽 없음; 본문 텍스트쪽 27/27 (앞 27쪽 중 100%)"
KR0029,AIG손해보험,손해보험,2025.2Q,C,,FILLED,text,본문,25,6,6,쪽 25; 합산=손해율+사업비율 0/0 통과
KR0029,AIG손해보험,손해보험,2025.3Q,C,,ABSENT_IN_SOURCE,text,,,0,0,"1Q/3Q 분기공시(축약본): 전 쪽 '합산비율' 키워드 0건, 가격설정 절 쪽 없음; 본문 텍스트쪽 27/27 (앞 27쪽 중 100%)"
KR0029,AIG손해보험,손해보험,2025.4Q,C,,FILLED,text,본문,64,7,7,쪽 64; 합산=손해율+사업비율 0/0 통과
KR0029,AIG손해보험,손해보험,2026.1Q,C,,ABSENT_IN_SOURCE,text,,,0,0,"1Q/3Q 분기공시(축약본): 전 쪽 '합산비율' 키워드 0건, 가격설정 절 쪽 없음; 본문 텍스트쪽 28/28 (앞 28쪽 중 100%)"
KR0029,AIG손해보험,손해보험,2026.2Q,C,,FILLED,text,본문,27,6,6,쪽 27; 합산=손해율+사업비율 0/0 통과
KR0032,NH농협손해보험,손해보험,2023.4Q,A,,ABSENT_IN_SOURCE,,,,,,"전 쪽 키워드 0건(예상손해율·실제손해율·위험보험료 대비 예상보험금), 본문 텍스트쪽 99/99 (앞 99쪽 중 100%); ①② 표는 2024.4Q 결산본부터 신설"
KR0032,NH농협손해보험,손해보험,2023.4Q,B,,ABSENT_IN_SOURCE,,,,,,"전 쪽 키워드 0건(예상손해율·실제손해율·위험보험료 대비 예상보험금), 본문 텍스트쪽 99/99 (앞 99쪽 중 100%); ①② 표는 2024.4Q 결산본부터 신설"
KR0032,NH농협손해보험,손해보험,2024.4Q,A,2024,FILLED,text,본문,27,1,1,본문 쪽 27; 예실차=A-B 검산 통과
KR0032,NH농협손해보험,손해보험,2024.4Q,A,2023,ABSENT_IN_SOURCE,text,,27,0,0,표 A 는 읽혔으나(2024년 행) 2023년 행/블록 없음 - 공시본이 2024년만 인쇄
KR0032,NH농협손해보험,손해보험,2024.4Q,B,2024,FILLED,text,본문,"27,28,29",528,488,"본문 쪽 27,28,29; 비율≈A÷B 154/154 통과, 합계=Σ포트폴리오 32/32 통과; 구간플래그 p27:label_split_guess,p28:cols_recalibrated,p28:label_split_guess,p29:cols_recalibrated"
KR0032,NH농협손해보험,손해보험,2024.4Q,B,2023,ABSENT_IN_SOURCE,text,,"27,28,29,30",0,0,"쪽 27,28,29,30 텍스트에 <2023년> 캡션 없음 - 공시본은 2024년 블록만 인쇄"
KR0032,NH농협손해보험,손해보험,2025.4Q,A,2025,FILLED,text,본문,29,1,1,본문 쪽 29; 예실차=A-B 검산 통과
KR0032,NH농협손해보험,손해보험,2025.4Q,A,2024,FILLED,text,본문,29,1,1,본문 쪽 29; 예실차=A-B 검산 통과
KR0032,NH농협손해보험,손해보험,2025.4Q,B,2025,FILLED,text,본문,"29,30,31",528,528,"본문 쪽 29,30,31; 비율≈A÷B 145/145 통과, 합계=Σ포트폴리오 32/32 통과; 구간플래그 p29:cols_from_data,p30:cols_from_data,p31:cols_from_data"
KR0032,NH농협손해보험,손해보험,2025.4Q,B,2024,ABSENT_IN_SOURCE,text,,"29,30,31,32",0,0,"쪽 29,30,31,32 텍스트에 <2024년> 캡션 없음 - 공시본은 2025년 블록만 인쇄"
KR0032,NH농협손해보험,손해보험,2023.1Q,C,,ABSENT_IN_SOURCE,text,,,0,0,"1Q/3Q 분기공시(축약본): 전 쪽 '합산비율' 키워드 0건, 가격설정 절 쪽 없음; 본문 텍스트쪽 30/30 (앞 30쪽 중 100%)"
KR0032,NH농협손해보험,손해보험,2023.2Q,C,,FILLED,text,본문,24,15,15,쪽 24; 합산=손해율+사업비율 0/0 통과
KR0032,NH농협손해보험,손해보험,2023.3Q,C,,ABSENT_IN_SOURCE,text,,,0,0,"1Q/3Q 분기공시(축약본): 전 쪽 '합산비율' 키워드 0건, 가격설정 절 쪽 없음; 본문 텍스트쪽 33/33 (앞 33쪽 중 100%)"
KR0032,NH농협손해보험,손해보험,2023.4Q,C,,FILLED,text,본문,49,21,21,쪽 49; 합산=손해율+사업비율 0/0 통과
KR0032,NH농협손해보험,손해보험,2024.1Q,C,,ABSENT_IN_SOURCE,text,,,0,0,"1Q/3Q 분기공시(축약본): 전 쪽 '합산비율' 키워드 0건, 가격설정 절 쪽 없음; 본문 텍스트쪽 24/24 (앞 24쪽 중 100%)"
KR0032,NH농협손해보험,손해보험,2024.2Q,C,,FILLED,text,본문,25,21,21,쪽 25; 합산=손해율+사업비율 0/0 통과
KR0032,NH농협손해보험,손해보험,2024.3Q,C,,ABSENT_IN_SOURCE,text,,,0,0,"1Q/3Q 분기공시(축약본): 전 쪽 '합산비율' 키워드 0건, 가격설정 절 쪽 없음; 본문 텍스트쪽 25/25 (앞 25쪽 중 100%)"
KR0032,NH농협손해보험,손해보험,2024.4Q,C,,FILLED,text,본문,62,21,21,쪽 62; 합산=손해율+사업비율 0/0 통과
KR0032,NH농협손해보험,손해보험,2025.1Q,C,,ABSENT_IN_SOURCE,text,,,0,0,"1Q/3Q 분기공시(축약본): 전 쪽 '합산비율' 키워드 0건, 가격설정 절 쪽 없음; 본문 텍스트쪽 26/26 (앞 26쪽 중 100%)"
KR0032,NH농협손해보험,손해보험,2025.2Q,C,,FILLED,text,본문,30,15,15,쪽 30; 합산=손해율+사업비율 0/0 통과
KR0032,NH농협손해보험,손해보험,2025.3Q,C,,ABSENT_IN_SOURCE,text,,,0,0,"1Q/3Q 분기공시(축약본): 전 쪽 '합산비율' 키워드 0건, 가격설정 절 쪽 없음; 본문 텍스트쪽 30/30 (앞 30쪽 중 100%)"
KR0032,NH농협손해보험,손해보험,2025.4Q,C,,FILLED,text,본문,64,21,21,쪽 64; 합산=손해율+사업비율 0/0 통과
KR0032,NH농협손해보험,손해보험,2026.1Q,C,,ABSENT_IN_SOURCE,text,,,0,0,"1Q/3Q 분기공시(축약본): 전 쪽 '합산비율' 키워드 0건, 가격설정 절 쪽 없음; 본문 텍스트쪽 30/30 (앞 30쪽 중 100%)"
KR0032,NH농협손해보험,손해보험,2026.2Q,C,,FILLED,text,본문,29,15,15,쪽 29; 합산=손해율+사업비율 0/0 통과
KR0049,악사손해보험,손해보험,2023.4Q,A,,ABSENT_IN_SOURCE,,,,,,"전 쪽 키워드 0건(예상손해율·실제손해율·위험보험료 대비 예상보험금), 본문 텍스트쪽 115/115 (앞 100쪽 중 100%); ①② 표는 2024.4Q 결산본부터 신설"
KR0049,악사손해보험,손해보험,2023.4Q,B,,ABSENT_IN_SOURCE,,,,,,"전 쪽 키워드 0건(예상손해율·실제손해율·위험보험료 대비 예상보험금), 본문 텍스트쪽 115/115 (앞 100쪽 중 100%); ①② 표는 2024.4Q 결산본부터 신설"
KR0049,악사손해보험,손해보험,2024.4Q,A,2024,FILLED,text,본문,22,1,1,본문 쪽 22; 예실차=A-B 검산 통과; 플래그 year_from_caption
KR0049,악사손해보험,손해보험,2024.4Q,A,2023,ABSENT_IN_SOURCE,text,,22,0,0,표 A 는 읽혔으나(2024년 행) 2023년 행/블록 없음 - 공시본이 2024년만 인쇄
KR0049,악사손해보험,손해보험,2024.4Q,B,2024,FILLED,text,본문,23,192,192,"본문 쪽 23; 비율≈A÷B 64/64 통과, 합계=Σ포트폴리오 32/32 통과; 구간플래그 p23:label_split_guess,p23:label_split_guess"
KR0049,악사손해보험,손해보험,2024.4Q,B,2023,ABSENT_IN_SOURCE,text,,23,0,0,쪽 23 텍스트에 <2023년> 캡션 없음 - 공시본은 2024년 블록만 인쇄
KR0049,악사손해보험,손해보험,2025.4Q,A,2025,FILLED,text,본문,27,1,1,본문 쪽 27; 예실차=A-B 검산 통과
KR0049,악사손해보험,손해보험,2025.4Q,A,2024,FILLED,text,본문,27,1,1,본문 쪽 27; 예실차=A-B 검산 통과
KR0049,악사손해보험,손해보험,2025.4Q,B,2025,FILLED,text,본문,28,192,192,"본문 쪽 28; 비율≈A÷B 64/64 통과, 합계=Σ포트폴리오 32/32 통과; 구간플래그 p28:label_split_guess,p28:label_split_guess,p29:label_split_guess,p29:label_split_guess"
KR0049,악사손해보험,손해보험,2025.4Q,B,2024,FILLED,text,본문,29,192,192,"본문 쪽 29; 비율≈A÷B 64/64 통과, 합계=Σ포트폴리오 32/32 통과; 구간플래그 p28:label_split_guess,p28:label_split_guess,p29:label_split_guess,p29:label_split_guess"
KR0049,악사손해보험,손해보험,2023.1Q,C,,ABSENT_IN_SOURCE,text,,,0,0,"1Q/3Q 분기공시(축약본): 전 쪽 '합산비율' 키워드 0건, 가격설정 절 쪽 없음; 본문 텍스트쪽 22/22 (앞 22쪽 중 100%)"
KR0049,악사손해보험,손해보험,2023.2Q,C,,FILLED,text,본문,25,3,3,쪽 25; 합산=손해율+사업비율 0/0 통과
KR0049,악사손해보험,손해보험,2023.3Q,C,,ABSENT_IN_SOURCE,text,,,0,0,"1Q/3Q 분기공시(축약본): 전 쪽 '합산비율' 키워드 0건, 가격설정 절 쪽 없음; 본문 텍스트쪽 25/25 (앞 25쪽 중 100%)"
KR0049,악사손해보험,손해보험,2023.4Q,C,,FILLED,text,본문,49,8,8,쪽 49; 합산=손해율+사업비율 0/0 통과
KR0049,악사손해보험,손해보험,2024.1Q,C,,ABSENT_IN_SOURCE,text,,,0,0,"1Q/3Q 분기공시(축약본): 전 쪽 '합산비율' 키워드 0건, 가격설정 절 쪽 없음; 본문 텍스트쪽 26/26 (앞 26쪽 중 100%)"
KR0049,악사손해보험,손해보험,2024.2Q,C,,FILLED,text,본문,28,3,3,쪽 28; 합산=손해율+사업비율 0/0 통과
KR0049,악사손해보험,손해보험,2024.3Q,C,,ABSENT_IN_SOURCE,text,,,0,0,"1Q/3Q 분기공시(축약본): 전 쪽 '합산비율' 키워드 0건, 가격설정 절 쪽 없음; 본문 텍스트쪽 15/19 (앞 19쪽 중 79%)"
KR0049,악사손해보험,손해보험,2024.4Q,C,,FILLED,text,본문,57,3,3,쪽 57; 합산=손해율+사업비율 0/0 통과
KR0049,악사손해보험,손해보험,2025.1Q,C,,ABSENT_IN_SOURCE,text,,,0,0,"1Q/3Q 분기공시(축약본): 전 쪽 '합산비율' 키워드 0건, 가격설정 절 쪽 없음; 본문 텍스트쪽 27/30 (앞 30쪽 중 90%)"
KR0049,악사손해보험,손해보험,2025.2Q,C,,FILLED,text,본문,32,3,3,쪽 32; 합산=손해율+사업비율 0/0 통과
KR0049,악사손해보험,손해보험,2025.3Q,C,,ABSENT_IN_SOURCE,text,,,0,0,"1Q/3Q 분기공시(축약본): 전 쪽 '합산비율' 키워드 0건, 가격설정 절 쪽 없음; 본문 텍스트쪽 29/29 (앞 29쪽 중 100%)"
KR0049,악사손해보험,손해보험,2025.4Q,C,,FILLED,text,본문,68,3,3,쪽 68; 합산=손해율+사업비율 0/0 통과
KR0049,악사손해보험,손해보험,2026.1Q,C,,ABSENT_IN_SOURCE,text,,,0,0,"1Q/3Q 분기공시(축약본): 전 쪽 '합산비율' 키워드 0건, 가격설정 절 쪽 없음; 본문 텍스트쪽 27/30 (앞 30쪽 중 90%)"
KR0049,악사손해보험,손해보험,2026.2Q,C,,FILLED,text,본문,31,3,3,쪽 31; 합산=손해율+사업비율 0/0 통과
KR0050,하나손해보험,손해보험,2023.4Q,A,,ABSENT_IN_SOURCE,,,,,,"전 쪽 키워드 0건(예상손해율·실제손해율·위험보험료 대비 예상보험금), 본문 텍스트쪽 80/80 (앞 80쪽 중 100%); ①② 표는 2024.4Q 결산본부터 신설"
KR0050,하나손해보험,손해보험,2023.4Q,B,,ABSENT_IN_SOURCE,,,,,,"전 쪽 키워드 0건(예상손해율·실제손해율·위험보험료 대비 예상보험금), 본문 텍스트쪽 80/80 (앞 80쪽 중 100%); ①② 표는 2024.4Q 결산본부터 신설"
KR0050,하나손해보험,손해보험,2024.4Q,A,2024,FILLED,text,본문,29,1,1,본문 쪽 29; 예실차=A-B 검산 통과
KR0050,하나손해보험,손해보험,2024.4Q,A,2023,FILLED,text,본문,29,1,1,본문 쪽 29; 예실차=A-B 검산 통과
KR0050,하나손해보험,손해보험,2024.4Q,B,2024,FILLED,text,본문,"29,30,31",1776,1776,"본문 쪽 29,30,31; 비율≈A÷B 111/111 통과, 합계=Σ포트폴리오 32/32 통과; 구간플래그 p29:cols_recalibrated,p29:label_split_guess,p30:cols_recalibrated,p30:label_split_guess"
KR0050,하나손해보험,손해보험,2024.4Q,B,2023,FILLED,text,본문,"32,33,34",1776,1776,"본문 쪽 32,33,34; 비율≈A÷B 111/111 통과, 합계=Σ포트폴리오 31/31 통과; 구간플래그 p29:cols_recalibrated,p29:label_split_guess,p30:cols_recalibrated,p30:label_split_guess; 원문오기 등재 2칸 플래그(해당 칸의 비율 2건·합계 1건 검산 제외)"
KR0050,하나손해보험,손해보험,2025.4Q,A,2025,FILLED,text,본문,30,1,1,본문 쪽 30; 예실차=A-B 검산 통과
KR0050,하나손해보험,손해보험,2025.4Q,A,2024,FILLED,text,본문,30,1,1,본문 쪽 30; 예실차=A-B 검산 통과
KR0050,하나손해보험,손해보험,2025.4Q,B,2025,FILLED,text,본문,"30,31,32",1776,1776,"본문 쪽 30,31,32; 비율≈A÷B 131/131 통과, 합계=Σ포트폴리오 32/32 통과; 구간플래그 p30:cols_recalibrated,p30:label_split_guess,p31:cols_recalibrated,p31:label_split_guess"
KR0050,하나손해보험,손해보험,2025.4Q,B,2024,FILLED,text,본문,"33,34,35",1776,1776,"본문 쪽 33,34,35; 비율≈A÷B 134/134 통과, 합계=Σ포트폴리오 32/32 통과; 구간플래그 p30:cols_recalibrated,p30:label_split_guess,p31:cols_recalibrated,p31:label_split_guess"
KR0050,하나손해보험,손해보험,2023.1Q,C,,ABSENT_IN_SOURCE,text,,,0,0,"1Q/3Q 분기공시(축약본): 전 쪽 '합산비율' 키워드 0건, 가격설정 절 쪽 없음; 본문 텍스트쪽 15/15 (앞 15쪽 중 100%)"
KR0050,하나손해보험,손해보험,2023.2Q,C,,FILLED,text,본문,22,10,10,쪽 22; 합산=손해율+사업비율 0/0 통과
KR0050,하나손해보험,손해보험,2023.3Q,C,,ABSENT_IN_SOURCE,text,,,0,0,"1Q/3Q 분기공시(축약본): 전 쪽 '합산비율' 키워드 0건, 가격설정 절 쪽 없음; 본문 텍스트쪽 24/24 (앞 24쪽 중 100%)"
KR0050,하나손해보험,손해보험,2023.4Q,C,,FILLED,text,본문,49,14,14,쪽 49; 합산=손해율+사업비율 0/0 통과
KR0050,하나손해보험,손해보험,2024.1Q,C,,ABSENT_IN_SOURCE,text,,,0,0,"1Q/3Q 분기공시(축약본): 전 쪽 '합산비율' 키워드 0건, 가격설정 절 쪽 없음; 본문 텍스트쪽 25/25 (앞 25쪽 중 100%)"
KR0050,하나손해보험,손해보험,2024.2Q,C,,FILLED,text,본문,28,10,10,쪽 28; 합산=손해율+사업비율 0/0 통과
KR0050,하나손해보험,손해보험,2024.3Q,C,,ABSENT_IN_SOURCE,text,,,0,0,"1Q/3Q 분기공시(축약본): 전 쪽 '합산비율' 키워드 0건, 가격설정 절 쪽 없음; 본문 텍스트쪽 25/25 (앞 25쪽 중 100%)"
KR0050,하나손해보험,손해보험,2024.4Q,C,,FILLED,text,본문,72,14,14,쪽 72; 합산=손해율+사업비율 0/0 통과
KR0050,하나손해보험,손해보험,2025.1Q,C,,ABSENT_IN_SOURCE,text,,,0,0,"1Q/3Q 분기공시(축약본): 전 쪽 '합산비율' 키워드 0건, 가격설정 절 쪽 없음; 본문 텍스트쪽 29/29 (앞 29쪽 중 100%)"
KR0050,하나손해보험,손해보험,2025.2Q,C,,FILLED,text,본문,32,10,10,쪽 32; 합산=손해율+사업비율 0/0 통과
KR0050,하나손해보험,손해보험,2025.3Q,C,,ABSENT_IN_SOURCE,text,,,0,0,"1Q/3Q 분기공시(축약본): 전 쪽 '합산비율' 키워드 0건, 가격설정 절 쪽 없음; 본문 텍스트쪽 29/29 (앞 29쪽 중 100%)"
KR0050,하나손해보험,손해보험,2025.4Q,C,,FILLED,text,본문,75,14,14,쪽 75; 합산=손해율+사업비율 0/0 통과
KR0050,하나손해보험,손해보험,2026.1Q,C,,ABSENT_IN_SOURCE,text,,,0,0,"1Q/3Q 분기공시(축약본): 전 쪽 '합산비율' 키워드 0건, 가격설정 절 쪽 없음; 본문 텍스트쪽 29/29 (앞 29쪽 중 100%)"
KR0050,하나손해보험,손해보험,2026.2Q,C,,FILLED,text,본문,32,10,10,쪽 32; 합산=손해율+사업비율 0/0 통과
KR0051,신한이지손해보험,손해보험,2023.4Q,A,,ABSENT_IN_SOURCE,,,,,,"전 쪽 키워드 0건(예상손해율·실제손해율·위험보험료 대비 예상보험금), 본문 텍스트쪽 67/68 (앞 68쪽 중 99%); ①② 표는 2024.4Q 결산본부터 신설"
KR0051,신한이지손해보험,손해보험,2023.4Q,B,,ABSENT_IN_SOURCE,,,,,,"전 쪽 키워드 0건(예상손해율·실제손해율·위험보험료 대비 예상보험금), 본문 텍스트쪽 67/68 (앞 68쪽 중 99%); ①② 표는 2024.4Q 결산본부터 신설"
KR0051,신한이지손해보험,손해보험,2024.4Q,A,2024,FILLED,text,본문,21,1,1,본문 쪽 21; 예실차=A-B 검산 통과
KR0051,신한이지손해보험,손해보험,2024.4Q,A,2023,FILLED,text,본문,21,1,1,본문 쪽 21; 예실차=A-B 검산 통과
KR0051,신한이지손해보험,손해보험,2024.4Q,B,2024,FILLED,text,본문,21,288,240,"본문 쪽 21; 비율≈A÷B 80/80 통과, 합계=Σ포트폴리오 32/32 통과; 구간플래그 p21:cols_recalibrated"
KR0051,신한이지손해보험,손해보험,2024.4Q,B,2023,ABSENT_IN_SOURCE,text,,21,0,0,쪽 21 텍스트에 <2023년> 캡션 없음 - 공시본은 2024년 블록만 인쇄
KR0051,신한이지손해보험,손해보험,2025.4Q,A,2025,FILLED,text,본문,21,1,1,본문 쪽 21; 예실차=A-B 검산 통과
KR0051,신한이지손해보험,손해보험,2025.4Q,A,2024,FILLED,text,본문,21,1,1,본문 쪽 21; 예실차=A-B 검산 통과
KR0051,신한이지손해보험,손해보험,2025.4Q,B,2025,FILLED,text,본문,21,272,240,"본문 쪽 21; 비율≈A÷B 80/80 통과, 합계=Σ포트폴리오 32/32 통과; 구간플래그 p21:cols_recalibrated,p21:cols_recalibrated"
KR0051,신한이지손해보험,손해보험,2025.4Q,B,2024,FILLED,text,본문,21,272,240,"본문 쪽 21; 비율≈A÷B 80/80 통과, 합계=Σ포트폴리오 32/32 통과; 구간플래그 p21:cols_recalibrated,p21:cols_recalibrated"
KR0051,신한이지손해보험,손해보험,2023.1Q,C,,ABSENT_IN_SOURCE,text,,,0,0,"1Q/3Q 분기공시(축약본): 전 쪽 '합산비율' 키워드 0건, 가격설정 절 쪽 없음; 본문 텍스트쪽 18/18 (앞 18쪽 중 100%)"
KR0051,신한이지손해보험,손해보험,2023.2Q,C,,FILLED,text,본문,19,4,4,쪽 19; 합산=손해율+사업비율 0/0 통과
KR0051,신한이지손해보험,손해보험,2023.3Q,C,,ABSENT_IN_SOURCE,text,,,0,0,"1Q/3Q 분기공시(축약본): 전 쪽 '합산비율' 키워드 0건, 가격설정 절 쪽 없음; 본문 텍스트쪽 18/18 (앞 18쪽 중 100%)"
KR0051,신한이지손해보험,손해보험,2023.4Q,C,,FILLED,text,본문,38,7,7,쪽 38; 합산=손해율+사업비율 0/0 통과
KR0051,신한이지손해보험,손해보험,2024.1Q,C,,ABSENT_IN_SOURCE,text,,,0,0,"1Q/3Q 분기공시(축약본): 전 쪽 '합산비율' 키워드 0건, 가격설정 절 쪽 없음; 본문 텍스트쪽 21/21 (앞 21쪽 중 100%)"
KR0051,신한이지손해보험,손해보험,2024.2Q,C,,FILLED,text,본문,22,5,5,쪽 22; 합산=손해율+사업비율 0/0 통과
KR0051,신한이지손해보험,손해보험,2024.3Q,C,,ABSENT_IN_SOURCE,text,,,0,0,"1Q/3Q 분기공시(축약본): 전 쪽 '합산비율' 키워드 0건, 가격설정 절 쪽 없음; 본문 텍스트쪽 22/22 (앞 22쪽 중 100%)"
KR0051,신한이지손해보험,손해보험,2024.4Q,C,,FILLED,text,본문,44,6,6,쪽 44; 합산=손해율+사업비율 0/0 통과
KR0051,신한이지손해보험,손해보험,2025.1Q,C,,ABSENT_IN_SOURCE,text,,,0,0,"1Q/3Q 분기공시(축약본): 전 쪽 '합산비율' 키워드 0건, 가격설정 절 쪽 없음; 본문 텍스트쪽 23/23 (앞 23쪽 중 100%)"
KR0051,신한이지손해보험,손해보험,2025.2Q,C,,FILLED,text,본문,23,7,7,쪽 23; 합산=손해율+사업비율 0/0 통과
KR0051,신한이지손해보험,손해보험,2025.3Q,C,,ABSENT_IN_SOURCE,text,,,0,0,"1Q/3Q 분기공시(축약본): 전 쪽 '합산비율' 키워드 0건, 가격설정 절 쪽 없음; 본문 텍스트쪽 22/22 (앞 22쪽 중 100%)"
KR0051,신한이지손해보험,손해보험,2025.4Q,C,,FILLED,text,본문,45,6,6,쪽 45; 합산=손해율+사업비율 0/0 통과
KR0051,신한이지손해보험,손해보험,2026.1Q,C,,ABSENT_IN_SOURCE,text,,,0,0,"1Q/3Q 분기공시(축약본): 전 쪽 '합산비율' 키워드 0건, 가격설정 절 쪽 없음; 본문 텍스트쪽 22/22 (앞 22쪽 중 100%)"
KR0051,신한이지손해보험,손해보험,2026.2Q,C,,FILLED,text,본문,22,7,7,쪽 22; 합산=손해율+사업비율 0/0 통과
KR0068,한화생명,생명보험,2023.4Q,A,,ABSENT_IN_SOURCE,,,,,,"전 쪽 키워드 0건(예상손해율·실제손해율·위험보험료 대비 예상보험금), 본문 텍스트쪽 546/547 (앞 100쪽 중 99%); ①② 표는 2024.4Q 결산본부터 신설"
KR0068,한화생명,생명보험,2023.4Q,B,,ABSENT_IN_SOURCE,,,,,,"전 쪽 키워드 0건(예상손해율·실제손해율·위험보험료 대비 예상보험금), 본문 텍스트쪽 546/547 (앞 100쪽 중 99%); ①② 표는 2024.4Q 결산본부터 신설"
KR0068,한화생명,생명보험,2024.4Q,A,2024,FILLED,text,본문,31,1,1,본문 쪽 31; 예실차=A-B 검산 통과
KR0068,한화생명,생명보험,2024.4Q,A,2023,FILLED,text,본문,31,1,1,본문 쪽 31; 예실차=A-B 검산 통과
KR0068,한화생명,생명보험,2024.4Q,B,2024,FILLED,text,본문,"31,32,33,34",2064,624,"본문 쪽 31,32,33,34; 비율≈A÷B 178/178 통과, 합계=Σ포트폴리오 32/32 통과; 구간플래그 p31:cols_recalibrated,p32:cols_recalibrated,p33:cols_recalibrated,p34:cols_recalibrated"
KR0068,한화생명,생명보험,2024.4Q,B,2023,FILLED,text,본문,"35,36,37",2064,624,"본문 쪽 35,36,37; 비율≈A÷B 181/181 통과, 합계=Σ포트폴리오 32/32 통과; 구간플래그 p31:cols_recalibrated,p32:cols_recalibrated,p33:cols_recalibrated,p34:cols_recalibrated"
KR0068,한화생명,생명보험,2025.4Q,A,2025,FILLED,text,본문,31,1,1,본문 쪽 31; 예실차=A-B 검산 통과; 뒤쪽 사본과 값 차이 1건(예실차비율 본문 -14.0 vs 사본 -13.2 p716)
KR0068,한화생명,생명보험,2025.4Q,A,2024,FILLED,text,본문,31,1,1,본문 쪽 31; 예실차=A-B 검산 통과; 뒤쪽 사본과 값 차이 1건(예실차비율 본문 -7.0 vs 사본 -7.7 p716)
KR0068,한화생명,생명보험,2025.4Q,B,2025,FILLED,text,본문,"31,32",672,624,"본문 쪽 31,32; 비율≈A÷B 192/192 통과, 합계=Σ포트폴리오 32/32 통과; 구간플래그 p31:gubun_joint_mismatch:spans=4,names=3,p33:gubun_joint_mismatch:spans=4,names=3"
KR0068,한화생명,생명보험,2025.4Q,B,2024,FILLED,text,본문,"33,34",672,624,"본문 쪽 33,34; 비율≈A÷B 178/178 통과, 합계=Σ포트폴리오 32/32 통과; 구간플래그 p31:gubun_joint_mismatch:spans=4,names=3,p33:gubun_joint_mismatch:spans=4,names=3"
KR0069,삼성생명보험,생명보험,2023.4Q,A,,ABSENT_IN_SOURCE,,,,,,"전 쪽 키워드 0건(예상손해율·실제손해율·위험보험료 대비 예상보험금), 본문 텍스트쪽 593/604 (앞 100쪽 중 89%); ①② 표는 2024.4Q 결산본부터 신설"
KR0069,삼성생명보험,생명보험,2023.4Q,B,,ABSENT_IN_SOURCE,,,,,,"전 쪽 키워드 0건(예상손해율·실제손해율·위험보험료 대비 예상보험금), 본문 텍스트쪽 593/604 (앞 100쪽 중 89%); ①② 표는 2024.4Q 결산본부터 신설"
KR0069,삼성생명보험,생명보험,2024.4Q,A,2024,FILLED,text,본문,35,1,1,본문 쪽 35; 예실차=A-B 검산 통과; 플래그 year_from_caption
KR0069,삼성생명보험,생명보험,2024.4Q,A,2023,ABSENT_IN_SOURCE,text,,"35,313,544",0,0,표 A 는 읽혔으나(2024년 행) 2023년 행/블록 없음 - 공시본이 2024년만 인쇄
KR0069,삼성생명보험,생명보험,2024.4Q,B,2024,FILLED,text,본문,36,672,606,"본문 쪽 36; 비율≈A÷B 196/196 통과, 합계=Σ포트폴리오 31/31 통과; 원문오기 등재 1칸 플래그(해당 칸의 비율 1건·합계 1건 검산 제외)"
KR0069,삼성생명보험,생명보험,2024.4Q,B,2023,ABSENT_IN_SOURCE,text,,"36,314,545",0,0,"쪽 36,314,545 텍스트에 <2023년> 캡션 없음 - 공시본은 2024년 블록만 인쇄"
KR0069,삼성생명보험,생명보험,2025.4Q,A,2025,FILLED,text,본문,36,1,1,본문 쪽 36; 예실차=A-B 검산 통과
KR0069,삼성생명보험,생명보험,2025.4Q,A,2024,FILLED,text,본문,36,1,1,본문 쪽 36; 예실차=A-B 검산 통과
KR0069,삼성생명보험,생명보험,2025.4Q,B,2025,FILLED,text,본문,37,672,633,"본문 쪽 37; 비율≈A÷B 196/196 통과, 합계=Σ포트폴리오 32/32 통과"
KR0069,삼성생명보험,생명보험,2025.4Q,B,2024,FILLED,text,본문,38,672,636,"본문 쪽 38; 비율≈A÷B 197/197 통과, 합계=Σ포트폴리오 32/32 통과"
KR0070,에이비엘생명보험,생명보험,2023.4Q,A,,ABSENT_IN_SOURCE,,,,,,"전 쪽 키워드 0건(예상손해율·실제손해율·위험보험료 대비 예상보험금), 본문 텍스트쪽 523/526 (앞 100쪽 중 100%); ①② 표는 2024.4Q 결산본부터 신설"
KR0070,에이비엘생명보험,생명보험,2023.4Q,B,,ABSENT_IN_SOURCE,,,,,,"전 쪽 키워드 0건(예상손해율·실제손해율·위험보험료 대비 예상보험금), 본문 텍스트쪽 523/526 (앞 100쪽 중 100%); ①② 표는 2024.4Q 결산본부터 신설"
KR0070,에이비엘생명보험,생명보험,2024.4Q,A,2024,FILLED,text,본문,37,1,1,본문 쪽 37; 예실차=A-B 검산 통과
KR0070,에이비엘생명보험,생명보험,2024.4Q,A,2023,FILLED,text,본문,37,1,1,본문 쪽 37; 예실차=A-B 검산 통과
KR0070,에이비엘생명보험,생명보험,2024.4Q,B,2024,FILLED,text,본문,"37,38,39,40",2064,672,"본문 쪽 37,38,39,40; 비율≈A÷B 214/214 통과, 합계=Σ포트폴리오 32/32 통과"
KR0070,에이비엘생명보험,생명보험,2024.4Q,B,2023,ABSENT_IN_SOURCE,text,,"37,38,39,40,241,421",0,0,"쪽 37,38,39,40,241,421 텍스트에 <2023년> 캡션 없음 - 공시본은 2024년 블록만 인쇄"
KR0070,에이비엘생명보험,생명보험,2025.4Q,A,2025,FILLED,text,본문,32,1,1,본문 쪽 32; 예실차=A-B 검산 통과
KR0070,에이비엘생명보험,생명보험,2025.4Q,A,2024,FILLED,text,본문,32,1,1,본문 쪽 32; 예실차=A-B 검산 통과
KR0070,에이비엘생명보험,생명보험,2025.4Q,B,2025,FILLED,text,본문,"32,33",672,672,"본문 쪽 32,33; 비율≈A÷B 221/221 통과, 합계=Σ포트폴리오 32/32 통과; 구간플래그 p32:label_split_guess,p32:gubun_joint_mismatch:spans=3,names=2,p33:cols_recalibrated,p33:label_split_guess"
KR0070,에이비엘생명보험,생명보험,2025.4Q,B,2024,FILLED,text,본문,"34,35",672,672,"본문 쪽 34,35; 비율≈A÷B 214/214 통과, 합계=Σ포트폴리오 32/32 통과; 구간플래그 p32:label_split_guess,p32:gubun_joint_mismatch:spans=3,names=2,p33:cols_recalibrated,p33:label_split_guess"
KR0071,흥국생명보험,생명보험,2023.4Q,A,,ABSENT_IN_SOURCE,,,,,,"전 쪽 키워드 0건(예상손해율·실제손해율·위험보험료 대비 예상보험금), 본문 텍스트쪽 450/461 (앞 100쪽 중 89%); ①② 표는 2024.4Q 결산본부터 신설"
KR0071,흥국생명보험,생명보험,2023.4Q,B,,ABSENT_IN_SOURCE,,,,,,"전 쪽 키워드 0건(예상손해율·실제손해율·위험보험료 대비 예상보험금), 본문 텍스트쪽 450/461 (앞 100쪽 중 89%); ①② 표는 2024.4Q 결산본부터 신설"
KR0071,흥국생명보험,생명보험,2024.4Q,A,2024,FILLED,text,뒤쪽사본,214,1,1,뒤쪽사본 쪽 214; 예실차=A-B 검산 통과; 플래그 year_from_context
KR0071,흥국생명보험,생명보험,2024.4Q,A,2023,ABSENT_IN_SOURCE,text,,"214,385",0,0,표 A 는 읽혔으나(2024년 행) 2023년 행/블록 없음 - 공시본이 2024년만 인쇄
KR0071,흥국생명보험,생명보험,2024.4Q,B,2024,FILLED,text,뒤쪽사본,"214,215",672,672,"뒤쪽사본 쪽 214,215; 비율≈A÷B 224/224 통과, 합계=Σ포트폴리오 32/32 통과; 구간플래그 p214:cols_recalibrated,p214:gubun_lead_unknown,p215:cols_recalibrated"
KR0071,흥국생명보험,생명보험,2024.4Q,B,2023,ABSENT_IN_SOURCE,text,,"214,215,386,387",0,0,"쪽 214,215,386,387 텍스트에 <2023년> 캡션 없음 - 공시본은 2024년 블록만 인쇄"
KR0071,흥국생명보험,생명보험,2025.4Q,A,2025,FILLED,text,본문,29,1,1,본문 쪽 29; 예실차=A-B 검산 통과
KR0071,흥국생명보험,생명보험,2025.4Q,A,2024,FILLED,text,본문,29,1,1,본문 쪽 29; 예실차=A-B 검산 통과
KR0071,흥국생명보험,생명보험,2025.4Q,B,2025,FILLED,text,본문,"29,30,31",2064,672,"본문 쪽 29,30,31; 비율≈A÷B 209/209 통과, 합계=Σ포트폴리오 32/32 통과; 구간플래그 p29:cols_recalibrated,p30:cols_recalibrated,p31:cols_recalibrated,p31:cols_recalibrated"
KR0071,흥국생명보험,생명보험,2025.4Q,B,2024,FILLED,text,본문,"31,32,33,34",2064,672,"본문 쪽 31,32,33,34; 비율≈A÷B 205/205 통과, 합계=Σ포트폴리오 32/32 통과; 구간플래그 p29:cols_recalibrated,p30:cols_recalibrated,p31:cols_recalibrated,p31:cols_recalibrated"
KR0072,케이디비생명보험,생명보험,2023.4Q,A,,ABSENT_IN_SOURCE,,,,,,"전 쪽 키워드 0건(예상손해율·실제손해율·위험보험료 대비 예상보험금), 본문 텍스트쪽 495/499 (앞 100쪽 중 99%); ①② 표는 2024.4Q 결산본부터 신설"
KR0072,케이디비생명보험,생명보험,2023.4Q,B,,ABSENT_IN_SOURCE,,,,,,"전 쪽 키워드 0건(예상손해율·실제손해율·위험보험료 대비 예상보험금), 본문 텍스트쪽 495/499 (앞 100쪽 중 99%); ①② 표는 2024.4Q 결산본부터 신설"
KR0072,케이디비생명보험,생명보험,2024.4Q,A,2024,FILLED,text,본문,29,1,1,본문 쪽 29; 예실차=A-B 검산 통과
KR0072,케이디비생명보험,생명보험,2024.4Q,A,2023,FILLED,text,본문,29,1,1,본문 쪽 29; 예실차=A-B 검산 통과
KR0072,케이디비생명보험,생명보험,2024.4Q,B,2024,FILLED,text,본문,"30,31,32,33,34",2064,672,"본문 쪽 30,31,32,33,34; 비율≈A÷B 224/224 통과, 합계=Σ포트폴리오 32/32 통과; 구간플래그 p30:cols_recalibrated,p31:cols_recalibrated,p32:cols_recalibrated,p33:cols_recalibrated"
KR0072,케이디비생명보험,생명보험,2024.4Q,B,2023,ABSENT_IN_SOURCE,text,,"30,31,32,33,34,247",0,0,"쪽 30,31,32,33,34,247 텍스트에 <2023년> 캡션 없음 - 공시본은 2024년 블록만 인쇄"
KR0072,케이디비생명보험,생명보험,2025.4Q,A,2025,FILLED,text,본문,30,1,1,본문 쪽 30; 예실차=A-B 검산 통과
KR0072,케이디비생명보험,생명보험,2025.4Q,A,2024,FILLED,text,본문,30,1,1,본문 쪽 30; 예실차=A-B 검산 통과
KR0072,케이디비생명보험,생명보험,2025.4Q,B,2025,FILLED,text,본문,"31,32,33,34,35",2064,672,"본문 쪽 31,32,33,34,35; 비율≈A÷B 224/224 통과, 합계=Σ포트폴리오 32/32 통과; 구간플래그 p31:cols_recalibrated,p32:cols_recalibrated,p33:cols_recalibrated,p34:cols_recalibrated"
KR0072,케이디비생명보험,생명보험,2025.4Q,B,2024,FILLED,text,본문,"36,37,38,39,40",2064,672,"본문 쪽 36,37,38,39,40; 비율≈A÷B 224/224 통과, 합계=Σ포트폴리오 32/32 통과; 구간플래그 p31:cols_recalibrated,p32:cols_recalibrated,p33:cols_recalibrated,p34:cols_recalibrated"
KR0073,교보생명보험,생명보험,2023.4Q,A,,ABSENT_IN_SOURCE,,,,,,"전 쪽 키워드 0건(예상손해율·실제손해율·위험보험료 대비 예상보험금), 본문 텍스트쪽 532/545 (앞 100쪽 중 88%); ①② 표는 2024.4Q 결산본부터 신설"
KR0073,교보생명보험,생명보험,2023.4Q,B,,ABSENT_IN_SOURCE,,,,,,"전 쪽 키워드 0건(예상손해율·실제손해율·위험보험료 대비 예상보험금), 본문 텍스트쪽 532/545 (앞 100쪽 중 88%); ①② 표는 2024.4Q 결산본부터 신설"
KR0073,교보생명보험,생명보험,2024.4Q,A,2024,FILLED,text,본문,25,1,1,본문 쪽 25; 예실차=A-B 검산 통과; 뒤쪽 사본과 값 차이 2건(실제손해율 본문 75.87 vs 사본 75.8 p504)
KR0073,교보생명보험,생명보험,2024.4Q,A,2023,ABSENT_IN_SOURCE,text,본문,25,1,0,표에 행은 있으나 세 칸 모두 '-' (회사가 해당 기준연도 값을 공시하지 않음)
KR0073,교보생명보험,생명보험,2024.4Q,B,2024,FILLED,text,본문,"25,26,27,28",2064,2064,"본문 쪽 25,26,27,28; 비율≈A÷B 219/219 통과, 합계=Σ포트폴리오 32/32 통과; 구간플래그 p25:cols_recalibrated,p25:gubun_lead_unknown,p26:cols_recalibrated,p27:cols_recalibrated"
KR0073,교보생명보험,생명보험,2024.4Q,B,2023,ABSENT_IN_SOURCE,text,,"25,26,27,28,279,280,505,506",0,0,"쪽 25,26,27,28,279,280,505,506 텍스트에 <2023년> 캡션 없음 - 공시본은 2024년 블록만 인쇄"
KR0073,교보생명보험,생명보험,2025.4Q,A,2025,FILLED,text,본문,27,1,1,본문 쪽 27; 예실차=A-B 검산 통과
KR0073,교보생명보험,생명보험,2025.4Q,A,2024,FILLED,text,본문,27,1,1,본문 쪽 27; 예실차=A-B 검산 통과
KR0073,교보생명보험,생명보험,2025.4Q,B,2025,FILLED,text,본문,"27,28,29,30",2064,2064,"본문 쪽 27,28,29,30; 비율≈A÷B 218/218 통과, 합계=Σ포트폴리오 32/32 통과; 구간플래그 p27:cols_recalibrated,p27:gubun_lead_unknown,p28:cols_recalibrated,p29:cols_recalibrated"
KR0073,교보생명보험,생명보험,2025.4Q,B,2024,FILLED,text,본문,"30,31,32,33",2064,2064,"본문 쪽 30,31,32,33; 비율≈A÷B 219/219 통과, 합계=Σ포트폴리오 32/32 통과; 구간플래그 p27:cols_recalibrated,p27:gubun_lead_unknown,p28:cols_recalibrated,p29:cols_recalibrated"
KR0074,라이나생명보험,생명보험,2023.4Q,A,,ABSENT_IN_SOURCE,,,,,,"전 쪽 키워드 0건(예상손해율·실제손해율·위험보험료 대비 예상보험금), 본문 텍스트쪽 172/189 (앞 100쪽 중 83%); ①② 표는 2024.4Q 결산본부터 신설"
KR0074,라이나생명보험,생명보험,2023.4Q,B,,ABSENT_IN_SOURCE,,,,,,"전 쪽 키워드 0건(예상손해율·실제손해율·위험보험료 대비 예상보험금), 본문 텍스트쪽 172/189 (앞 100쪽 중 83%); ①② 표는 2024.4Q 결산본부터 신설"
KR0074,라이나생명보험,생명보험,2024.4Q,A,2024,FILLED,text,본문,24,1,1,본문 쪽 24; 예실차=A-B 검산 통과
KR0074,라이나생명보험,생명보험,2024.4Q,A,2023,FILLED,text,본문,24,1,1,본문 쪽 24; 예실차=A-B 검산 통과
KR0074,라이나생명보험,생명보험,2024.4Q,B,2024,FILLED,text,본문,"25,26,27",528,442,"본문 쪽 25,26,27; 비율≈A÷B 124/124 통과, 합계=Σ포트폴리오 32/32 통과"
KR0074,라이나생명보험,생명보험,2024.4Q,B,2023,ABSENT_IN_SOURCE,text,,"25,26,27,215,216",0,0,"쪽 25,26,27,215,216 텍스트에 <2023년> 캡션 없음 - 공시본은 2024년 블록만 인쇄"
KR0074,라이나생명보험,생명보험,2025.4Q,A,2025,FILLED,text,본문,24,1,1,본문 쪽 24; 예실차=A-B 검산 통과
KR0074,라이나생명보험,생명보험,2025.4Q,A,2024,FILLED,text,본문,24,1,1,본문 쪽 24; 예실차=A-B 검산 통과
KR0074,라이나생명보험,생명보험,2025.4Q,B,2025,FILLED,text,본문,"25,26,27",528,439,"본문 쪽 25,26,27; 비율≈A÷B 137/137 통과, 합계=Σ포트폴리오 32/32 통과; 구간플래그 p24:no_header,p24:label_split_guess,p24:no_pf_label@y614,p24:no_pf_label@y744"
KR0074,라이나생명보험,생명보험,2025.4Q,B,2024,FILLED,text,본문,"28,29,30",528,449,"본문 쪽 28,29,30; 비율≈A÷B 141/141 통과, 합계=Σ포트폴리오 32/32 통과; 구간플래그 p24:no_header,p24:label_split_guess,p24:no_pf_label@y614,p24:no_pf_label@y744"
KR0075,비엔피파리바카디프생명보험,생명보험,2023.4Q,A,,ABSENT_IN_SOURCE,,,,,,"전 쪽 키워드 0건(예상손해율·실제손해율·위험보험료 대비 예상보험금), 본문 텍스트쪽 85/97 (앞 97쪽 중 88%); ①② 표는 2024.4Q 결산본부터 신설"
KR0075,비엔피파리바카디프생명보험,생명보험,2023.4Q,B,,ABSENT_IN_SOURCE,,,,,,"전 쪽 키워드 0건(예상손해율·실제손해율·위험보험료 대비 예상보험금), 본문 텍스트쪽 85/97 (앞 97쪽 중 88%); ①② 표는 2024.4Q 결산본부터 신설"
KR0075,비엔피파리바카디프생명보험,생명보험,2024.4Q,A,2024,FILLED,text,본문,25,1,1,본문 쪽 25; 예실차=A-B 검산 통과
KR0075,비엔피파리바카디프생명보험,생명보험,2024.4Q,A,2023,FILLED,text,본문,25,1,1,본문 쪽 25; 예실차=A-B 검산 통과
KR0075,비엔피파리바카디프생명보험,생명보험,2024.4Q,B,2024,FILLED,text,본문,"25,26,27,28",2064,288,"본문 쪽 25,26,27,28; 비율≈A÷B 86/86 통과, 합계=Σ포트폴리오 32/32 통과; 구간플래그 p25:cols_recalibrated,p26:cols_recalibrated,p27:cols_recalibrated,p28:cols_recalibrated"
KR0075,비엔피파리바카디프생명보험,생명보험,2024.4Q,B,2023,FILLED,text,본문,"28,29,30,31",2064,0,"본문 쪽 28,29,30,31; 비율≈A÷B 0/0 통과, 합계=Σ포트폴리오 0/0 통과; 구간플래그 p25:cols_recalibrated,p26:cols_recalibrated,p27:cols_recalibrated,p28:cols_recalibrated"
KR0075,비엔피파리바카디프생명보험,생명보험,2025.4Q,A,2025,FILLED,text,본문,25,1,1,본문 쪽 25; 예실차=A-B 검산 통과
KR0075,비엔피파리바카디프생명보험,생명보험,2025.4Q,A,2024,FILLED,text,본문,25,1,1,본문 쪽 25; 예실차=A-B 검산 통과
KR0075,비엔피파리바카디프생명보험,생명보험,2025.4Q,B,2025,FILLED,text,본문,"25,26,27,28",2064,273,"본문 쪽 25,26,27,28; 비율≈A÷B 81/81 통과, 합계=Σ포트폴리오 32/32 통과; 구간플래그 p25:cols_recalibrated,p26:cols_recalibrated,p27:cols_recalibrated,p28:cols_recalibrated"
KR0075,비엔피파리바카디프생명보험,생명보험,2025.4Q,B,2024,FILLED,text,본문,"28,29,30",2064,258,"본문 쪽 28,29,30; 비율≈A÷B 86/86 통과, 합계=Σ포트폴리오 32/32 통과; 구간플래그 p25:cols_recalibrated,p26:cols_recalibrated,p27:cols_recalibrated,p28:cols_recalibrated"
KR0076,아이엠라이프생명보험,생명보험,2023.4Q,A,,ABSENT_IN_SOURCE,,,,,,"전 쪽 키워드 0건(예상손해율·실제손해율·위험보험료 대비 예상보험금), 본문 텍스트쪽 236/252 (앞 100쪽 중 84%); ①② 표는 2024.4Q 결산본부터 신설"
KR0076,아이엠라이프생명보험,생명보험,2023.4Q,B,,ABSENT_IN_SOURCE,,,,,,"전 쪽 키워드 0건(예상손해율·실제손해율·위험보험료 대비 예상보험금), 본문 텍스트쪽 236/252 (앞 100쪽 중 84%); ①② 표는 2024.4Q 결산본부터 신설"
KR0076,아이엠라이프생명보험,생명보험,2024.4Q,A,2024,FILLED,text,본문,26,1,1,본문 쪽 26; 예실차=A-B 검산 통과; 뒤쪽 사본과 값 차이 3건(예상손해율 본문 122.0 vs 사본 113.0 p207)
KR0076,아이엠라이프생명보험,생명보험,2024.4Q,A,2023,ABSENT_IN_SOURCE,text,,"26,207",0,0,표 A 는 읽혔으나(2024년 행) 2023년 행/블록 없음 - 공시본이 2024년만 인쇄
KR0076,아이엠라이프생명보험,생명보험,2024.4Q,B,2024,FILLED,text,본문,"26,27,28,29",2064,624,"본문 쪽 26,27,28,29; 비율≈A÷B 173/173 통과, 합계=Σ포트폴리오 32/32 통과"
KR0076,아이엠라이프생명보험,생명보험,2024.4Q,B,2023,ABSENT_IN_SOURCE,text,,"26,27,28,29,207,208",0,0,"쪽 26,27,28,29,207,208 텍스트에 <2023년> 캡션 없음 - 공시본은 2024년 블록만 인쇄"
KR0076,아이엠라이프생명보험,생명보험,2025.4Q,A,2025,FILLED,text,본문,28,1,1,본문 쪽 28; 예실차=A-B 검산 통과
KR0076,아이엠라이프생명보험,생명보험,2025.4Q,A,2024,FILLED,text,본문,28,1,1,본문 쪽 28; 예실차=A-B 검산 통과
KR0076,아이엠라이프생명보험,생명보험,2025.4Q,B,2025,FILLED,text,본문,"29,30,31",2064,624,"본문 쪽 29,30,31; 비율≈A÷B 152/152 통과, 합계=Σ포트폴리오 32/32 통과"
KR0076,아이엠라이프생명보험,생명보험,2025.4Q,B,2024,FILLED,text,본문,"32,33,34",2064,624,"본문 쪽 32,33,34; 비율≈A÷B 152/152 통과, 합계=Σ포트폴리오 32/32 통과"
KR0079,미래에셋생명보험,생명보험,2023.4Q,A,,ABSENT_IN_SOURCE,vision,본문(스캔),"2,26,43-45",0,0,"vision 판독: 2023 결산 공시에는 표 A(① 보험금 예실차비율)가 없다. 파일 KR0079_미래에셋생명_amended.pdf 510쪽: 본문 인쇄 114쪽(PDF p1-114) + 별첨 감사보고서 p115-125 + 텍스트층 사본 p126-510. 본문은 스캔이라 전 쪽(p1-126)을 60~80dpi 접촉시트 11장으로 렌더해 눈으로 확인했다. 목차(p2)는 Ⅰ 주요 경영현황 요약·Ⅱ 일반 현황·Ⅲ 경영 실적·Ⅳ 재무 상황·Ⅴ 경영 지표·Ⅵ 위험 관리·Ⅶ 기타 일반현황·Ⅷ 재무제표·Ⅸ 기타 9개 장이고, 어디에도 최적가정·보험금 예실차비율·위험보험료 대비 예상보험금 절이 없다: Ⅳ 재무 상황은 4-1~4-10(4-5 보험계약부채 및 자산 현황은 p26 의 잔액표 1개), Ⅵ 위험 관리는 6-1~6-7(6-2 생명·장기손해보험위험 관리 p43-45), Ⅶ 은 7-1~7-13, Ⅷ 은 8-1~8-7(회계정책 주석 포함). 텍스트층 사본(p126-510)에서 '예실차·예상보험금·최적가정' 은 0회"
KR0079,미래에셋생명보험,생명보험,2023.4Q,B,,ABSENT_IN_SOURCE,vision,본문(스캔),"2,26,43-45",0,0,"vision 판독: 2023 결산 공시에는 표 B(② 위험보험료 대비 예상보험금)가 없다. 파일 KR0079_미래에셋생명_amended.pdf 510쪽: 본문 인쇄 114쪽(PDF p1-114) + 별첨 감사보고서 p115-125 + 텍스트층 사본 p126-510. 본문은 스캔이라 전 쪽(p1-126)을 60~80dpi 접촉시트 11장으로 렌더해 눈으로 확인했다. 목차(p2)는 Ⅰ 주요 경영현황 요약·Ⅱ 일반 현황·Ⅲ 경영 실적·Ⅳ 재무 상황·Ⅴ 경영 지표·Ⅵ 위험 관리·Ⅶ 기타 일반현황·Ⅷ 재무제표·Ⅸ 기타 9개 장이고, 어디에도 최적가정·보험금 예실차비율·위험보험료 대비 예상보험금 절이 없다: Ⅳ 재무 상황은 4-1~4-10(4-5 보험계약부채 및 자산 현황은 p26 의 잔액표 1개), Ⅵ 위험 관리는 6-1~6-7(6-2 생명·장기손해보험위험 관리 p43-45), Ⅶ 은 7-1~7-13, Ⅷ 은 8-1~8-7(회계정책 주석 포함). 텍스트층 사본(p126-510)에서 '예실차·예상보험금·최적가정'"
KR0079,미래에셋생명보험,생명보험,2024.4Q,A,2024,FILLED,text,뒤쪽사본,315,1,1,뒤쪽사본 쪽 315; 예실차=A-B 검산 통과; 플래그 year_from_context
KR0079,미래에셋생명보험,생명보험,2024.4Q,A,2023,ABSENT_IN_SOURCE,text,,"315,502",0,0,표 A 는 읽혔으나(2024년 행) 2023년 행/블록 없음 - 공시본이 2024년만 인쇄
KR0079,미래에셋생명보험,생명보험,2024.4Q,B,2024,FILLED,text,뒤쪽사본,316,252,252,"뒤쪽사본 쪽 316; 비율≈A÷B 84/84 통과, 합계=Σ포트폴리오 14/14 통과; 구간플래그 p317:cols_recalibrated"
KR0079,미래에셋생명보험,생명보험,2024.4Q,B,2023,FILLED,text,뒤쪽사본,"316,317",252,252,"뒤쪽사본 쪽 316,317; 비율≈A÷B 84/84 통과, 합계=Σ포트폴리오 14/14 통과; 구간플래그 p317:cols_recalibrated"
KR0079,미래에셋생명보험,생명보험,2025.4Q,A,2025,FILLED,text,뒤쪽사본,320,1,1,뒤쪽사본 쪽 320; 예실차=A-B 검산 통과; 플래그 year_from_context
KR0079,미래에셋생명보험,생명보험,2025.4Q,A,2024,ABSENT_IN_SOURCE,text,,"320,514",0,0,표 A 는 읽혔으나(2025년 행) 2024년 행/블록 없음 - 공시본이 2025년만 인쇄
KR0079,미래에셋생명보험,생명보험,2025.4Q,B,2025,FILLED,text,뒤쪽사본,321,252,252,"뒤쪽사본 쪽 321; 비율≈A÷B 84/84 통과, 합계=Σ포트폴리오 14/14 통과; 구간플래그 p322:cols_recalibrated"
KR0079,미래에셋생명보험,생명보험,2025.4Q,B,2024,FILLED,text,뒤쪽사본,"321,322",252,252,"뒤쪽사본 쪽 321,322; 비율≈A÷B 84/84 통과, 합계=Σ포트폴리오 14/14 통과; 구간플래그 p322:cols_recalibrated"
KR0080,에이아이에이생명보험,생명보험,2023.4Q,A,,ABSENT_IN_SOURCE,,,,,,"전 쪽 키워드 0건(예상손해율·실제손해율·위험보험료 대비 예상보험금), 본문 텍스트쪽 390/402 (앞 100쪽 중 99%); ①② 표는 2024.4Q 결산본부터 신설"
KR0080,에이아이에이생명보험,생명보험,2023.4Q,B,,ABSENT_IN_SOURCE,,,,,,"전 쪽 키워드 0건(예상손해율·실제손해율·위험보험료 대비 예상보험금), 본문 텍스트쪽 390/402 (앞 100쪽 중 99%); ①② 표는 2024.4Q 결산본부터 신설"
KR0080,에이아이에이생명보험,생명보험,2024.4Q,A,2024,FILLED(vision),vision,본문(스캔),31,1,1,vision 판독 (원문 105% / 101% / 4%p); 예실차=A-B 통과
KR0080,에이아이에이생명보험,생명보험,2024.4Q,A,2023,ABSENT_IN_SOURCE,vision,본문(스캔),31,1,0,"vision 판독: 빗금(해당없음). Section 4-6 보험계약부채 및 가정 관련 현황 > 4) 최적가정 > ① 보험금 예실차비율 (p31, scan without text layer). Printed as integers (105% / 101% / 4%p). The 2023 row is diagonal-hatched in all three columns; footnote under the table: '해당 내용은 올해부터 공시 대상에 포함되어, 전년 동기 수치는 생략하였음' (item newly disclosed this year, prior-year figur"
KR0080,에이아이에이생명보험,생명보험,2024.4Q,B,2024,FILLED(vision),vision,본문(스캔),"31,32,33,34,35",2064,512,vision 판독 (칸결과표 vision_census_v2.csv)
KR0080,에이아이에이생명보험,생명보험,2024.4Q,B,2023,ABSENT_IN_SOURCE,vision,본문(스캔),"31,35,36,40",0,0,"vision 판독: 표 B <2023년> 전년 블록은 이 공시에 인쇄돼 있지 않다(스캔 렌더 판독, p35 110·240dpi). p35 하단: ②표 <2024 년> 블록이 '주 1·주 2' 각주로 끝난 뒤 '<2023 년>' 캡션이 있고, 그 아래 한 줄 '*해당 내용은 올해부터 공시 대상에 포함되어, 전년 동기 수치는 생략하였음.' 뿐이며 표가 없다. p36 은 곧바로 ③ 예정유지비 대비 예상유지비 등(<2024 년>)으로 넘어가고, ③ 도 p40 하단에 '<2023 년>' + 같은 문구로 끝난다. 표 A(p31)의 2023 년 행도 세 칸 전부 빗금이고 같은 문구가 달려 있다(V2a 가 null 로 적재). 같은 PDF 의 텍스트층 영역(p113-421)에서 '위험보험료·예상보험금·예실차·최적가정' 을 검색하면 8개 쪽("
KR0080,에이아이에이생명보험,생명보험,2025.4Q,A,2025,FILLED(vision),vision,본문(스캔),34,1,1,vision 판독 (원문 107% / 105% / 2%p); 예실차=A-B 통과
KR0080,에이아이에이생명보험,생명보험,2025.4Q,A,2024,FILLED(vision),vision,본문(스캔),34,1,1,vision 판독 (원문 105% / 101% / 4%p); 예실차=A-B 통과
KR0080,에이아이에이생명보험,생명보험,2025.4Q,B,2025,FILLED(vision),vision,본문(스캔),"34,35,36,37",2064,528,vision 판독 (칸결과표 vision_census_v2.csv)
KR0080,에이아이에이생명보험,생명보험,2025.4Q,B,2024,FILLED(vision),vision,본문(스캔),"37,38,39,40",2064,512,vision 판독 (칸결과표 vision_census_v2.csv)
KR0082,DB생명보험,생명보험,2023.4Q,A,,ABSENT_IN_SOURCE,,,,,,"전 쪽 키워드 0건(예상손해율·실제손해율·위험보험료 대비 예상보험금), 본문 텍스트쪽 433/445 (앞 100쪽 중 99%); ①② 표는 2024.4Q 결산본부터 신설"
KR0082,DB생명보험,생명보험,2023.4Q,B,,ABSENT_IN_SOURCE,,,,,,"전 쪽 키워드 0건(예상손해율·실제손해율·위험보험료 대비 예상보험금), 본문 텍스트쪽 433/445 (앞 100쪽 중 99%); ①② 표는 2024.4Q 결산본부터 신설"
KR0082,DB생명보험,생명보험,2024.4Q,A,2024,FILLED,text,본문,28,1,1,본문 쪽 28; 예실차=A-B 검산 통과
KR0082,DB생명보험,생명보험,2024.4Q,A,2023,ABSENT_IN_SOURCE,text,,"28,268,457",0,0,회사가 2023년 비교공시 산출 불가를 명시: p28: …91.53 97.93 △6.41 2023년 비교 공시 산출 불가 구분 포트폴리오…
KR0082,DB생명보험,생명보험,2024.4Q,B,2024,FILLED,text,본문,"28,29,30",2064,591,"본문 쪽 28,29,30; 비율≈A÷B 161/161 통과, 합계=Σ포트폴리오 32/32 통과; 구간플래그 p28:cols_recalibrated,p29:cols_recalibrated,p30:cols_recalibrated"
KR0082,DB생명보험,생명보험,2024.4Q,B,2023,ABSENT_IN_SOURCE,text,,"28,29,30,269,270,458,459",0,0,회사가 2023년 비교공시 산출 불가를 명시: p28: …91.53 97.93 △6.41 2023년 비교 공시 산출 불가 구분 포트폴리오…
KR0082,DB생명보험,생명보험,2025.4Q,A,2025,FILLED,text,본문,28,1,1,본문 쪽 28; 예실차=A-B 검산 통과
KR0082,DB생명보험,생명보험,2025.4Q,A,2024,FILLED,text,본문,28,1,1,본문 쪽 28; 예실차=A-B 검산 통과
KR0082,DB생명보험,생명보험,2025.4Q,B,2025,FILLED,text,본문,"28,29,30",2064,588,"본문 쪽 28,29,30; 비율≈A÷B 161/161 통과, 합계=Σ포트폴리오 32/32 통과"
KR0082,DB생명보험,생명보험,2025.4Q,B,2024,FILLED,text,본문,"31,32,33",2064,591,"본문 쪽 31,32,33; 비율≈A÷B 161/161 통과, 합계=Σ포트폴리오 32/32 통과"
KR0083,푸본현대생명보험,생명보험,2023.4Q,A,,ABSENT_IN_SOURCE,,,,,,"전 쪽 키워드 0건(예상손해율·실제손해율·위험보험료 대비 예상보험금), 본문 텍스트쪽 411/412 (앞 100쪽 중 100%); ①② 표는 2024.4Q 결산본부터 신설"
KR0083,푸본현대생명보험,생명보험,2023.4Q,B,,ABSENT_IN_SOURCE,,,,,,"전 쪽 키워드 0건(예상손해율·실제손해율·위험보험료 대비 예상보험금), 본문 텍스트쪽 411/412 (앞 100쪽 중 100%); ①② 표는 2024.4Q 결산본부터 신설"
KR0083,푸본현대생명보험,생명보험,2024.4Q,A,2024,FILLED,text,본문,28,1,1,본문 쪽 28; 예실차=A-B 검산 통과
KR0083,푸본현대생명보험,생명보험,2024.4Q,A,2023,ABSENT_IN_SOURCE,text,본문,28,1,0,표에 행은 있으나 세 칸 모두 '-' (회사가 해당 기준연도 값을 공시하지 않음)
KR0083,푸본현대생명보험,생명보험,2024.4Q,B,2024,FILLED,text,본문,"28,29,30",576,576,"본문 쪽 28,29,30; 비율≈A÷B 187/187 통과, 합계=Σ포트폴리오 32/32 통과; 구간플래그 p29:cols_recalibrated,p30:cols_recalibrated"
KR0083,푸본현대생명보험,생명보험,2024.4Q,B,2023,ABSENT_IN_SOURCE,text,,"28,29,30,31,254,255,417,418",0,0,"쪽 28,29,30,31,254,255,417,418 텍스트에 <2023년> 캡션 없음 - 공시본은 2024년 블록만 인쇄"
KR0083,푸본현대생명보험,생명보험,2025.4Q,A,2025,FILLED,text,본문,29,1,1,본문 쪽 29; 예실차=A-B 검산 통과
KR0083,푸본현대생명보험,생명보험,2025.4Q,A,2024,FILLED,text,본문,29,1,1,본문 쪽 29; 예실차=A-B 검산 통과
KR0083,푸본현대생명보험,생명보험,2025.4Q,B,2025,FILLED,text,본문,"29,30,31,32",2064,576,"본문 쪽 29,30,31,32; 비율≈A÷B 182/182 통과, 합계=Σ포트폴리오 32/32 통과; 구간플래그 p29:cols_recalibrated,p29:label_split_guess,p30:cols_recalibrated,p30:label_split_guess"
KR0083,푸본현대생명보험,생명보험,2025.4Q,B,2024,FILLED,text,본문,"32,33,34",2064,576,"본문 쪽 32,33,34; 비율≈A÷B 187/187 통과, 합계=Σ포트폴리오 32/32 통과; 구간플래그 p29:cols_recalibrated,p29:label_split_guess,p30:cols_recalibrated,p30:label_split_guess"
KR0087,동양생명,생명보험,2023.4Q,A,,ABSENT_IN_SOURCE,,,,,,"전 쪽 키워드 0건(예상손해율·실제손해율·위험보험료 대비 예상보험금), 본문 텍스트쪽 156/161 (앞 100쪽 중 95%); ①② 표는 2024.4Q 결산본부터 신설"
KR0087,동양생명,생명보험,2023.4Q,B,,ABSENT_IN_SOURCE,,,,,,"전 쪽 키워드 0건(예상손해율·실제손해율·위험보험료 대비 예상보험금), 본문 텍스트쪽 156/161 (앞 100쪽 중 95%); ①② 표는 2024.4Q 결산본부터 신설"
KR0087,동양생명,생명보험,2024.4Q,A,2024,FILLED,text,본문,31,1,1,본문 쪽 31; 예실차=A-B 검산 통과
KR0087,동양생명,생명보험,2024.4Q,A,2023,FILLED,text,본문,31,1,1,본문 쪽 31; 예실차=A-B 검산 통과
KR0087,동양생명,생명보험,2024.4Q,B,2024,FILLED,text,본문,"32,33,34,35,36,37,38",2064,601,"본문 쪽 32,33,34,35,36,37,38; 비율≈A÷B 185/185 통과, 합계=Σ포트폴리오 32/32 통과"
KR0087,동양생명,생명보험,2024.4Q,B,2023,FILLED,text,본문,"38,39,40,41,42,43,44,45",2064,603,"본문 쪽 38,39,40,41,42,43,44,45; 비율≈A÷B 186/186 통과, 합계=Σ포트폴리오 32/32 통과"
KR0087,동양생명,생명보험,2025.4Q,A,2025,FILLED,text,본문,33,1,1,본문 쪽 33; 예실차=A-B 검산 통과
KR0087,동양생명,생명보험,2025.4Q,A,2024,FILLED,text,본문,33,1,1,본문 쪽 33; 예실차=A-B 검산 통과
KR0087,동양생명,생명보험,2025.4Q,B,2025,FILLED,text,본문,"34,35",672,660,"본문 쪽 34,35; 비율≈A÷B 195/195 통과, 합계=Σ포트폴리오 32/32 통과"
KR0087,동양생명,생명보험,2025.4Q,B,2024,FILLED,text,본문,"37,38",672,660,"본문 쪽 37,38; 비율≈A÷B 196/196 통과, 합계=Σ포트폴리오 32/32 통과"
KR0094,신한라이프생명보험,생명보험,2023.4Q,A,,ABSENT_IN_SOURCE,,,,,,"전 쪽 키워드 0건(예상손해율·실제손해율·위험보험료 대비 예상보험금), 본문 텍스트쪽 557/560 (앞 100쪽 중 97%); ①② 표는 2024.4Q 결산본부터 신설"
KR0094,신한라이프생명보험,생명보험,2023.4Q,B,,ABSENT_IN_SOURCE,,,,,,"전 쪽 키워드 0건(예상손해율·실제손해율·위험보험료 대비 예상보험금), 본문 텍스트쪽 557/560 (앞 100쪽 중 97%); ①② 표는 2024.4Q 결산본부터 신설"
KR0094,신한라이프생명보험,생명보험,2024.4Q,A,2024,FILLED,text,본문,36,1,1,본문 쪽 36; 예실차=A-B 검산 통과; 플래그 transposed
KR0094,신한라이프생명보험,생명보험,2024.4Q,A,2023,FILLED,text,본문,36,1,1,본문 쪽 36; 예실차=A-B 검산 통과; 플래그 transposed
KR0094,신한라이프생명보험,생명보험,2024.4Q,B,2024,FILLED,text,본문,"37,38,39",2064,624,"본문 쪽 37,38,39; 비율≈A÷B 206/206 통과, 합계=Σ포트폴리오 32/32 통과; 구간플래그 p37:cols_recalibrated,p38:cols_recalibrated,p39:cols_recalibrated,p40:cols_recalibrated"
KR0094,신한라이프생명보험,생명보험,2024.4Q,B,2023,FILLED,text,본문,"40,41,42",2064,624,"본문 쪽 40,41,42; 비율≈A÷B 207/207 통과, 합계=Σ포트폴리오 32/32 통과; 구간플래그 p37:cols_recalibrated,p38:cols_recalibrated,p39:cols_recalibrated,p40:cols_recalibrated"
KR0094,신한라이프생명보험,생명보험,2025.4Q,A,2025,FILLED,text,본문,34,1,1,본문 쪽 34; 예실차=A-B 검산 통과; 플래그 transposed
KR0094,신한라이프생명보험,생명보험,2025.4Q,A,2024,FILLED,text,본문,34,1,1,본문 쪽 34; 예실차=A-B 검산 통과; 플래그 transposed
KR0094,신한라이프생명보험,생명보험,2025.4Q,B,2025,FILLED,text,본문,"35,36,37",2064,1104,"본문 쪽 35,36,37; 비율≈A÷B 204/204 통과, 합계=Σ포트폴리오 32/32 통과; 구간플래그 p35:cols_recalibrated,p35:gubun_lead_unknown,p36:cols_recalibrated,p37:cols_recalibrated"
KR0094,신한라이프생명보험,생명보험,2025.4Q,B,2024,FILLED,text,본문,"38,39,40",2064,1104,"본문 쪽 38,39,40; 비율≈A÷B 207/207 통과, 합계=Σ포트폴리오 32/32 통과; 구간플래그 p35:cols_recalibrated,p35:gubun_lead_unknown,p36:cols_recalibrated,p37:cols_recalibrated"
KR0095,메트라이프생명보험,생명보험,2023.4Q,A,,ABSENT_IN_SOURCE,,,,,,"전 쪽 키워드 0건(예상손해율·실제손해율·위험보험료 대비 예상보험금), 본문 텍스트쪽 467/467 (앞 100쪽 중 100%); ①② 표는 2024.4Q 결산본부터 신설"
KR0095,메트라이프생명보험,생명보험,2023.4Q,B,,ABSENT_IN_SOURCE,,,,,,"전 쪽 키워드 0건(예상손해율·실제손해율·위험보험료 대비 예상보험금), 본문 텍스트쪽 467/467 (앞 100쪽 중 100%); ①② 표는 2024.4Q 결산본부터 신설"
KR0095,메트라이프생명보험,생명보험,2024.4Q,A,2024,FILLED,text,본문,29,1,1,본문 쪽 29; 예실차=A-B 검산 통과
KR0095,메트라이프생명보험,생명보험,2024.4Q,A,2023,FILLED,text,본문,29,1,1,본문 쪽 29; 예실차=A-B 검산 통과
KR0095,메트라이프생명보험,생명보험,2024.4Q,B,2024,FILLED,text,본문,"30,31,32,33,34",2064,2064,"본문 쪽 30,31,32,33,34; 비율≈A÷B 176/176 통과, 합계=Σ포트폴리오 32/32 통과; 구간플래그 p30:cols_recalibrated,p31:cols_recalibrated,p32:cols_recalibrated,p33:cols_recalibrated"
KR0095,메트라이프생명보험,생명보험,2024.4Q,B,2023,ABSENT_IN_SOURCE,text,,"30,31,32,33,34,36,37,38,39",0,0,"쪽 30,31,32,33,34,36,37,38,39 텍스트에 <2023년> 캡션 없음 - 공시본은 2024년 블록만 인쇄"
KR0095,메트라이프생명보험,생명보험,2025.4Q,A,2025,FILLED,text,본문,31,1,1,본문 쪽 31; 예실차=A-B 검산 통과
KR0095,메트라이프생명보험,생명보험,2025.4Q,A,2024,FILLED,text,본문,31,1,1,본문 쪽 31; 예실차=A-B 검산 통과
KR0095,메트라이프생명보험,생명보험,2025.4Q,B,2025,FILLED,text,본문,"32,33,34,35",2064,2064,"본문 쪽 32,33,34,35; 비율≈A÷B 177/177 통과, 합계=Σ포트폴리오 32/32 통과; 구간플래그 p32:cols_recalibrated,p33:cols_recalibrated,p34:cols_recalibrated,p35:cols_recalibrated"
KR0095,메트라이프생명보험,생명보험,2025.4Q,B,2024,FILLED,text,본문,"36,37,38,39",2064,2064,"본문 쪽 36,37,38,39; 비율≈A÷B 176/176 통과, 합계=Σ포트폴리오 32/32 통과; 구간플래그 p32:cols_recalibrated,p33:cols_recalibrated,p34:cols_recalibrated,p35:cols_recalibrated"
KR0097,하나생명보험,생명보험,2023.4Q,A,,ABSENT_IN_SOURCE,,,,,,"전 쪽 키워드 0건(예상손해율·실제손해율·위험보험료 대비 예상보험금), 본문 텍스트쪽 78/85 (앞 85쪽 중 92%); ①② 표는 2024.4Q 결산본부터 신설"
KR0097,하나생명보험,생명보험,2023.4Q,B,,ABSENT_IN_SOURCE,,,,,,"전 쪽 키워드 0건(예상손해율·실제손해율·위험보험료 대비 예상보험금), 본문 텍스트쪽 78/85 (앞 85쪽 중 92%); ①② 표는 2024.4Q 결산본부터 신설"
KR0097,하나생명보험,생명보험,2024.4Q,A,2024,FILLED,text,뒤쪽사본,262,1,1,뒤쪽사본 쪽 262; 예실차=A-B 검산 통과; 플래그 year_from_context
KR0097,하나생명보험,생명보험,2024.4Q,A,2023,FILLED,text,뒤쪽사본,262,1,1,뒤쪽사본 쪽 262; 예실차=A-B 검산 통과; 플래그 year_from_context
KR0097,하나생명보험,생명보험,2024.4Q,B,2024,ABSENT_IN_SOURCE,text,,264,0,0,쪽 264 텍스트에 <2024년> 캡션 없음 - 공시본은 연도 미상년 블록만 인쇄
KR0097,하나생명보험,생명보험,2024.4Q,B,2023,ABSENT_IN_SOURCE,text,,264,0,0,쪽 264 텍스트에 <2023년> 캡션 없음 - 공시본은 연도 미상년 블록만 인쇄
KR0097,하나생명보험,생명보험,2025.4Q,A,2025,FILLED,text,본문,27,1,1,본문 쪽 27; 예실차=A-B 검산 통과; 뒤쪽 사본과 값 차이 2건(예실차비율 본문 -19.13 vs 사본 -19.14 p289)
KR0097,하나생명보험,생명보험,2025.4Q,A,2024,FILLED,text,본문,27,1,1,본문 쪽 27; 예실차=A-B 검산 통과
KR0097,하나생명보험,생명보험,2025.4Q,B,2025,FILLED,text,본문,"27,28,29,30",2048,384,"본문 쪽 27,28,29,30; 비율≈A÷B 112/112 통과, 합계=Σ포트폴리오 32/32 통과; 구간플래그 p27:cols_recalibrated,p28:cols_recalibrated,p29:cols_recalibrated,p30:cols_recalibrated"
KR0097,하나생명보험,생명보험,2025.4Q,B,2024,FILLED,text,본문,"30,31,32",2064,384,"본문 쪽 30,31,32; 비율≈A÷B 112/112 통과, 합계=Σ포트폴리오 32/32 통과; 구간플래그 p27:cols_recalibrated,p28:cols_recalibrated,p29:cols_recalibrated,p30:cols_recalibrated"
KR0099,KB라이프생명,생명보험,2023.4Q,A,,ABSENT_IN_SOURCE,,,,,,"전 쪽 키워드 0건(예상손해율·실제손해율·위험보험료 대비 예상보험금), 본문 텍스트쪽 507/518 (앞 100쪽 중 99%); ①② 표는 2024.4Q 결산본부터 신설"
KR0099,KB라이프생명,생명보험,2023.4Q,B,,ABSENT_IN_SOURCE,,,,,,"전 쪽 키워드 0건(예상손해율·실제손해율·위험보험료 대비 예상보험금), 본문 텍스트쪽 507/518 (앞 100쪽 중 99%); ①② 표는 2024.4Q 결산본부터 신설"
KR0099,KB라이프생명,생명보험,2024.4Q,A,2024,FILLED,text,본문,34,1,1,본문 쪽 34; 예실차=A-B 검산 통과
KR0099,KB라이프생명,생명보험,2024.4Q,A,2023,ABSENT_IN_SOURCE,text,,34,0,0,표 A 는 읽혔으나(2024년 행) 2023년 행/블록 없음 - 공시본이 2024년만 인쇄
KR0099,KB라이프생명,생명보험,2024.4Q,B,2024,FILLED,text,본문,"34,35,36,37,38",2064,671,"본문 쪽 34,35,36,37,38; 비율≈A÷B 176/176 통과, 합계=Σ포트폴리오 32/32 통과; 구간플래그 p34:cols_recalibrated,p34:label_split_guess,p35:cols_recalibrated,p35:label_split_guess"
KR0099,KB라이프생명,생명보험,2024.4Q,B,2023,ABSENT_IN_SOURCE,text,,"34,35,36,37,38",0,0,"쪽 34,35,36,37,38 텍스트에 <2023년> 캡션 없음 - 공시본은 2024년 블록만 인쇄"
KR0099,KB라이프생명,생명보험,2025.4Q,A,2025,FILLED,text,본문,34,1,1,본문 쪽 34; 예실차=A-B 검산 통과; 뒤쪽 사본과 값 차이 2건(예실차비율 본문 -5.1 vs 사본 -5.2 p248)
KR0099,KB라이프생명,생명보험,2025.4Q,A,2024,FILLED,text,본문,34,1,1,본문 쪽 34; 예실차=A-B 검산 통과
KR0099,KB라이프생명,생명보험,2025.4Q,B,2025,FILLED,text,본문,"34,35,36,37,38",2064,575,"본문 쪽 34,35,36,37,38; 비율≈A÷B 176/176 통과, 합계=Σ포트폴리오 32/32 통과; 구간플래그 p34:cols_recalibrated,p34:label_split_guess,p35:cols_recalibrated,p35:label_split_guess"
KR0099,KB라이프생명,생명보험,2025.4Q,B,2024,FILLED,text,본문,"39,40,41,42,43",2064,571,"본문 쪽 39,40,41,42,43; 비율≈A÷B 176/176 통과, 합계=Σ포트폴리오 32/32 통과; 구간플래그 p34:cols_recalibrated,p34:label_split_guess,p35:cols_recalibrated,p35:label_split_guess"
KR0100,처브라이프생명보험,생명보험,2023.4Q,A,,ABSENT_IN_SOURCE,,,,,,"전 쪽 키워드 0건(예상손해율·실제손해율·위험보험료 대비 예상보험금), 본문 텍스트쪽 238/239 (앞 100쪽 중 99%); ①② 표는 2024.4Q 결산본부터 신설"
KR0100,처브라이프생명보험,생명보험,2023.4Q,B,,ABSENT_IN_SOURCE,,,,,,"전 쪽 키워드 0건(예상손해율·실제손해율·위험보험료 대비 예상보험금), 본문 텍스트쪽 238/239 (앞 100쪽 중 99%); ①② 표는 2024.4Q 결산본부터 신설"
KR0100,처브라이프생명보험,생명보험,2024.4Q,A,2024,FILLED,text,본문,29,1,1,본문 쪽 29; 예실차=A-B 검산 통과
KR0100,처브라이프생명보험,생명보험,2024.4Q,A,2023,ABSENT_IN_SOURCE,text,,29,0,0,표 A 는 읽혔으나(2024년 행) 2023년 행/블록 없음 - 공시본이 2024년만 인쇄
KR0100,처브라이프생명보험,생명보험,2024.4Q,B,2024,FILLED,text,본문,"29,30,31,32",2064,546,"본문 쪽 29,30,31,32; 비율≈A÷B 155/155 통과, 합계=Σ포트폴리오 32/32 통과; 구간플래그 p29:cols_recalibrated,p30:cols_recalibrated,p31:cols_recalibrated,p32:cols_recalibrated"
KR0100,처브라이프생명보험,생명보험,2024.4Q,B,2023,ABSENT_IN_SOURCE,text,,"29,30,31,32",0,0,"쪽 29,30,31,32 텍스트에 <2023년> 캡션 없음 - 공시본은 2024년 블록만 인쇄"
KR0100,처브라이프생명보험,생명보험,2025.4Q,A,2025,FILLED,text,본문,28,1,1,본문 쪽 28; 예실차=A-B 검산 통과
KR0100,처브라이프생명보험,생명보험,2025.4Q,A,2024,FILLED,text,본문,28,1,1,본문 쪽 28; 예실차=A-B 검산 통과
KR0100,처브라이프생명보험,생명보험,2025.4Q,B,2025,FILLED,text,본문,"28,29,30,31",2064,540,"본문 쪽 28,29,30,31; 비율≈A÷B 145/145 통과, 합계=Σ포트폴리오 32/32 통과; 구간플래그 p29:cols_recalibrated,p30:cols_recalibrated,p31:cols_recalibrated,p32:cols_recalibrated"
KR0100,처브라이프생명보험,생명보험,2025.4Q,B,2024,FILLED,text,본문,"31,32,33",2064,536,"본문 쪽 31,32,33; 비율≈A÷B 147/147 통과, 합계=Σ포트폴리오 32/32 통과; 구간플래그 p29:cols_recalibrated,p30:cols_recalibrated,p31:cols_recalibrated,p32:cols_recalibrated"
KR0104,농협생명보험,생명보험,2023.4Q,A,,ABSENT_IN_SOURCE,,,,,,"전 쪽 키워드 0건(예상손해율·실제손해율·위험보험료 대비 예상보험금), 본문 텍스트쪽 494/495 (앞 100쪽 중 100%); ①② 표는 2024.4Q 결산본부터 신설"
KR0104,농협생명보험,생명보험,2023.4Q,B,,ABSENT_IN_SOURCE,,,,,,"전 쪽 키워드 0건(예상손해율·실제손해율·위험보험료 대비 예상보험금), 본문 텍스트쪽 494/495 (앞 100쪽 중 100%); ①② 표는 2024.4Q 결산본부터 신설"
KR0104,농협생명보험,생명보험,2024.4Q,A,2024,FILLED,text,본문,29,1,1,본문 쪽 29; 예실차=A-B 검산 통과
KR0104,농협생명보험,생명보험,2024.4Q,A,2023,FILLED,text,본문,29,1,1,본문 쪽 29; 예실차=A-B 검산 통과
KR0104,농협생명보험,생명보험,2024.4Q,B,2024,FILLED,text,본문,"30,31,32,33,34",2064,480,"본문 쪽 30,31,32,33,34; 비율≈A÷B 160/160 통과, 합계=Σ포트폴리오 32/32 통과; 구간플래그 p30:cols_recalibrated,p31:cols_recalibrated,p32:cols_recalibrated,p33:cols_recalibrated"
KR0104,농협생명보험,생명보험,2024.4Q,B,2023,FILLED,text,본문,"35,36,37,38,39",2064,480,"본문 쪽 35,36,37,38,39; 비율≈A÷B 160/160 통과, 합계=Σ포트폴리오 32/32 통과; 구간플래그 p30:cols_recalibrated,p31:cols_recalibrated,p32:cols_recalibrated,p33:cols_recalibrated"
KR0104,농협생명보험,생명보험,2025.4Q,A,2025,FILLED,text,본문,30,1,1,본문 쪽 30; 예실차=A-B 검산 통과
KR0104,농협생명보험,생명보험,2025.4Q,A,2024,FILLED,text,본문,30,1,1,본문 쪽 30; 예실차=A-B 검산 통과
KR0104,농협생명보험,생명보험,2025.4Q,B,2025,FILLED,text,본문,"31,32,33,34,35",2064,480,"본문 쪽 31,32,33,34,35; 비율≈A÷B 160/160 통과, 합계=Σ포트폴리오 32/32 통과; 구간플래그 p31:cols_recalibrated,p31:gubun_lead_unknown,p32:cols_recalibrated,p33:cols_recalibrated"
KR0104,농협생명보험,생명보험,2025.4Q,B,2024,FILLED,text,본문,"36,37,38,39,40",2064,480,"본문 쪽 36,37,38,39,40; 비율≈A÷B 160/160 통과, 합계=Σ포트폴리오 32/32 통과; 구간플래그 p31:cols_recalibrated,p31:gubun_lead_unknown,p32:cols_recalibrated,p33:cols_recalibrated"
KR0150,서울보증보험,손해보험,2023.4Q,A,,ABSENT_IN_SOURCE,,,,,,"전 쪽 키워드 0건(예상손해율·실제손해율·위험보험료 대비 예상보험금), 본문 텍스트쪽 86/98 (앞 98쪽 중 88%); ①② 표는 2024.4Q 결산본부터 신설"
KR0150,서울보증보험,손해보험,2023.4Q,B,,ABSENT_IN_SOURCE,,,,,,"전 쪽 키워드 0건(예상손해율·실제손해율·위험보험료 대비 예상보험금), 본문 텍스트쪽 86/98 (앞 98쪽 중 88%); ①② 표는 2024.4Q 결산본부터 신설"
KR0150,서울보증보험,손해보험,2024.4Q,A,2024,ABSENT_IN_SOURCE,text,,,0,0,회사가 최적가정 절을 해당사항 없음으로 명시: p33: …사항없음4)최적가정□해당사항없음5)가정…
KR0150,서울보증보험,손해보험,2024.4Q,A,2023,ABSENT_IN_SOURCE,text,,,0,0,회사가 최적가정 절을 해당사항 없음으로 명시: p33: …사항없음4)최적가정□해당사항없음5)가정…
KR0150,서울보증보험,손해보험,2024.4Q,B,2024,ABSENT_IN_SOURCE,text,,,0,0,회사가 최적가정 절을 해당사항 없음으로 명시: p33: …사항없음4)최적가정□해당사항없음5)가정…
KR0150,서울보증보험,손해보험,2024.4Q,B,2023,ABSENT_IN_SOURCE,text,,,0,0,회사가 최적가정 절을 해당사항 없음으로 명시: p33: …사항없음4)최적가정□해당사항없음5)가정…
KR0150,서울보증보험,손해보험,2025.4Q,A,2025,ABSENT_IN_SOURCE,text,,,0,0,회사가 최적가정 절을 해당사항 없음으로 명시: p37: …사항없음4)최적가정:해당사항없음5)가정…
KR0150,서울보증보험,손해보험,2025.4Q,A,2024,ABSENT_IN_SOURCE,text,,,0,0,회사가 최적가정 절을 해당사항 없음으로 명시: p37: …사항없음4)최적가정:해당사항없음5)가정…
KR0150,서울보증보험,손해보험,2025.4Q,B,2025,ABSENT_IN_SOURCE,text,,,0,0,회사가 최적가정 절을 해당사항 없음으로 명시: p37: …사항없음4)최적가정:해당사항없음5)가정…
KR0150,서울보증보험,손해보험,2025.4Q,B,2024,ABSENT_IN_SOURCE,text,,,0,0,회사가 최적가정 절을 해당사항 없음으로 명시: p37: …사항없음4)최적가정:해당사항없음5)가정…
KR0150,서울보증보험,손해보험,2023.1Q,C,,NO_PDF,,,,,,"해당 (회사,분기) PDF 가 data/disclosure 에 없음(다운로더 소관)"
KR0150,서울보증보험,손해보험,2023.2Q,C,,NO_PDF,,,,,,"해당 (회사,분기) PDF 가 data/disclosure 에 없음(다운로더 소관)"
KR0150,서울보증보험,손해보험,2023.3Q,C,,NO_PDF,,,,,,"해당 (회사,분기) PDF 가 data/disclosure 에 없음(다운로더 소관)"
KR0150,서울보증보험,손해보험,2023.4Q,C,,FILLED,text,본문,60,21,21,쪽 60; 합산=손해율+사업비율 7/7 통과
KR0150,서울보증보험,손해보험,2024.1Q,C,,NO_PDF,,,,,,"해당 (회사,분기) PDF 가 data/disclosure 에 없음(다운로더 소관)"
KR0150,서울보증보험,손해보험,2024.2Q,C,,NO_PDF,,,,,,"해당 (회사,분기) PDF 가 data/disclosure 에 없음(다운로더 소관)"
KR0150,서울보증보험,손해보험,2024.3Q,C,,NO_PDF,,,,,,"해당 (회사,분기) PDF 가 data/disclosure 에 없음(다운로더 소관)"
KR0150,서울보증보험,손해보험,2024.4Q,C,,FILLED,text,본문,59,18,18,쪽 59; 합산=손해율+사업비율 6/6 통과
KR0150,서울보증보험,손해보험,2025.1Q,C,,ABSENT_IN_SOURCE,text,,,0,0,"1Q/3Q 분기공시(축약본): 전 쪽 '합산비율' 키워드 0건, 가격설정 절 쪽 없음; 본문 텍스트쪽 24/24 (앞 24쪽 중 100%)"
KR0150,서울보증보험,손해보험,2025.2Q,C,,NO_PDF,,,,,,"해당 (회사,분기) PDF 가 data/disclosure 에 없음(다운로더 소관)"
KR0150,서울보증보험,손해보험,2025.3Q,C,,NO_PDF,,,,,,"해당 (회사,분기) PDF 가 data/disclosure 에 없음(다운로더 소관)"
KR0150,서울보증보험,손해보험,2025.4Q,C,,FILLED,text,본문,63,18,18,쪽 63; 합산=손해율+사업비율 6/6 통과
KR0150,서울보증보험,손해보험,2026.1Q,C,,ABSENT_IN_SOURCE,text,,,0,0,"1Q/3Q 분기공시(축약본): 전 쪽 '합산비율' 키워드 0건, 가격설정 절 쪽 없음; 본문 텍스트쪽 27/27 (앞 27쪽 중 100%)"
KR0150,서울보증보험,손해보험,2026.2Q,C,,FILLED,text,본문,25,24,24,쪽 25; 합산=손해율+사업비율 8/8 통과
KR1000,코리안리재보험,손해보험,2023.4Q,A,,ABSENT_IN_SOURCE,,,,,,"전 쪽 키워드 0건(예상손해율·실제손해율·위험보험료 대비 예상보험금), 본문 텍스트쪽 45/45 (앞 45쪽 중 100%); ①② 표는 2024.4Q 결산본부터 신설"
KR1000,코리안리재보험,손해보험,2023.4Q,B,,ABSENT_IN_SOURCE,,,,,,"전 쪽 키워드 0건(예상손해율·실제손해율·위험보험료 대비 예상보험금), 본문 텍스트쪽 45/45 (앞 45쪽 중 100%); ①② 표는 2024.4Q 결산본부터 신설"
KR1000,코리안리재보험,손해보험,2024.4Q,A,2024|공동재보험,FILLED,text,본문,18,1,1,본문 쪽 18; 예실차=A-B 검산 통과
KR1000,코리안리재보험,손해보험,2024.4Q,A,2023|공동재보험,ABSENT_IN_SOURCE,text,,"14,18",0,0,표 A 는 읽혔으나(2024년 행) 2023년 행/블록 없음 - 공시본이 2024년만 인쇄
KR1000,코리안리재보험,손해보험,2024.4Q,A,2024|전통형재보험,FILLED,text,본문,14,1,1,본문 쪽 14; 예실차=A-B 검산 통과
KR1000,코리안리재보험,손해보험,2024.4Q,A,2023|전통형재보험,ABSENT_IN_SOURCE,text,,"14,18",0,0,표 A 는 읽혔으나(2024년 행) 2023년 행/블록 없음 - 공시본이 2024년만 인쇄
KR1000,코리안리재보험,손해보험,2024.4Q,B,2024|공동재보험,FILLED,text,본문,18,144,144,"본문 쪽 18; 비율≈A÷B 47/47 통과, 합계=Σ포트폴리오 31/31 통과; 구간플래그 p18:gubun_joint_mismatch:spans=1,names=2,p18:gubun_joint_mismatch:spans=1,names=2; 원문오기 등재 1칸 플래그(해당 칸의 비율 1건·합계 1건 검산 제외)"
KR1000,코리안리재보험,손해보험,2024.4Q,B,2023|공동재보험,ABSENT_IN_SOURCE,text,,18,0,0,쪽 18 텍스트에 <2023년> 캡션 없음 - 공시본은 2024년 블록만 인쇄
KR1000,코리안리재보험,손해보험,2024.4Q,B,2024|전통형재보험,FILLED,text,본문,"15,16",432,432,"본문 쪽 15,16; 비율≈A÷B 144/144 통과, 합계=Σ포트폴리오 64/64 통과"
KR1000,코리안리재보험,손해보험,2024.4Q,B,2023|전통형재보험,ABSENT_IN_SOURCE,text,,"15,16",0,0,"쪽 15,16 텍스트에 <2023년> 캡션 없음 - 공시본은 2024년 블록만 인쇄"
KR1000,코리안리재보험,손해보험,2025.4Q,A,2025|공동재보험,FILLED,text,본문,21,1,1,본문 쪽 21; 예실차=A-B 검산 통과
KR1000,코리안리재보험,손해보험,2025.4Q,A,2024|공동재보험,FILLED,text,본문,21,1,1,본문 쪽 21; 예실차=A-B 검산 통과
KR1000,코리안리재보험,손해보험,2025.4Q,A,2025|전통형재보험,FILLED,text,본문,16,1,1,본문 쪽 16; 예실차=A-B 검산 통과
KR1000,코리안리재보험,손해보험,2025.4Q,A,2024|전통형재보험,FILLED,text,본문,16,1,1,본문 쪽 16; 예실차=A-B 검산 통과
KR1000,코리안리재보험,손해보험,2025.4Q,B,2025|공동재보험,FILLED,text,본문,21,240,240,"본문 쪽 21; 비율≈A÷B 80/80 통과, 합계=Σ포트폴리오 64/64 통과; 구간플래그 p21:gubun_joint_mismatch:spans=1,names=2,p21:gubun_joint_mismatch:spans=1,names=2,p22:gubun_joint_mismatch:spans=1,names=2,p22:gubun_joint_mismatch:spans=1,names=2"
KR1000,코리안리재보험,손해보험,2025.4Q,B,2024|공동재보험,FILLED,text,본문,22,144,144,"본문 쪽 22; 비율≈A÷B 48/48 통과, 합계=Σ포트폴리오 32/32 통과; 구간플래그 p21:gubun_joint_mismatch:spans=1,names=2,p21:gubun_joint_mismatch:spans=1,names=2,p22:gubun_joint_mismatch:spans=1,names=2,p22:gubun_joint_mismatch:spans=1,names=2"
KR1000,코리안리재보험,손해보험,2025.4Q,B,2025|전통형재보험,FILLED,text,본문,17,432,432,"본문 쪽 17; 비율≈A÷B 144/144 통과, 합계=Σ포트폴리오 64/64 통과"
KR1000,코리안리재보험,손해보험,2025.4Q,B,2024|전통형재보험,FILLED,text,본문,18,432,432,"본문 쪽 18; 비율≈A÷B 144/144 통과, 합계=Σ포트폴리오 64/64 통과"
KR1000,코리안리재보험,손해보험,2023.1Q,C,,ABSENT_IN_SOURCE,text,,,0,0,"1Q/3Q 분기공시(축약본): 전 쪽 '합산비율' 키워드 0건, 가격설정 절 쪽 없음; 본문 텍스트쪽 15/15 (앞 15쪽 중 100%)"
KR1000,코리안리재보험,손해보험,2023.2Q,C,,FILLED,text,본문,16,15,15,쪽 16; 합산=손해율+사업비율 0/0 통과
KR1000,코리안리재보험,손해보험,2023.3Q,C,,ABSENT_IN_SOURCE,text,,,0,0,"1Q/3Q 분기공시(축약본): 전 쪽 '합산비율' 키워드 0건, 가격설정 절 쪽 없음; 본문 텍스트쪽 19/19 (앞 19쪽 중 100%)"
KR1000,코리안리재보험,손해보험,2023.4Q,C,,FILLED,text,본문,29,21,21,쪽 29; 합산=손해율+사업비율 0/0 통과
KR1000,코리안리재보험,손해보험,2024.1Q,C,,ABSENT_IN_SOURCE,text,,,0,0,"1Q/3Q 분기공시(축약본): 전 쪽 '합산비율' 키워드 0건, 가격설정 절 쪽 없음; 본문 텍스트쪽 17/17 (앞 17쪽 중 100%)"
KR1000,코리안리재보험,손해보험,2024.2Q,C,,FILLED,text,본문,16,15,15,쪽 16; 합산=손해율+사업비율 0/0 통과
KR1000,코리안리재보험,손해보험,2024.3Q,C,,ABSENT_IN_SOURCE,text,,,0,0,"1Q/3Q 분기공시(축약본): 전 쪽 '합산비율' 키워드 0건, 가격설정 절 쪽 없음; 본문 텍스트쪽 17/17 (앞 17쪽 중 100%)"
KR1000,코리안리재보험,손해보험,2024.4Q,C,,FILLED,text,본문,34,21,21,쪽 34; 합산=손해율+사업비율 0/0 통과
KR1000,코리안리재보험,손해보험,2025.1Q,C,,ABSENT_IN_SOURCE,text,,,0,0,"1Q/3Q 분기공시(축약본): 전 쪽 '합산비율' 키워드 0건, 가격설정 절 쪽 없음; 본문 텍스트쪽 20/20 (앞 20쪽 중 100%)"
KR1000,코리안리재보험,손해보험,2025.2Q,C,,FILLED,text,본문,18,15,15,쪽 18; 합산=손해율+사업비율 0/0 통과
KR1000,코리안리재보험,손해보험,2025.3Q,C,,ABSENT_IN_SOURCE,text,,,0,0,"1Q/3Q 분기공시(축약본): 전 쪽 '합산비율' 키워드 0건, 가격설정 절 쪽 없음; 본문 텍스트쪽 20/20 (앞 20쪽 중 100%)"
KR1000,코리안리재보험,손해보험,2025.4Q,C,,FILLED,text,본문,40,21,21,쪽 40; 합산=손해율+사업비율 0/0 통과
KR1000,코리안리재보험,손해보험,2026.1Q,C,,ABSENT_IN_SOURCE,text,,,0,0,"1Q/3Q 분기공시(축약본): 전 쪽 '합산비율' 키워드 0건, 가격설정 절 쪽 없음; 본문 텍스트쪽 19/19 (앞 19쪽 중 100%)"
KR1000,코리안리재보험,손해보험,2026.2Q,C,,FILLED,text,본문,18,15,15,쪽 18; 합산=손해율+사업비율 0/0 통과
KR1010,교보라이프플래닛생명보험,생명보험,2023.4Q,A,,ABSENT_IN_SOURCE,,,,,,"전 쪽 키워드 0건(예상손해율·실제손해율·위험보험료 대비 예상보험금), 본문 텍스트쪽 130/130 (앞 100쪽 중 100%); ①② 표는 2024.4Q 결산본부터 신설"
KR1010,교보라이프플래닛생명보험,생명보험,2023.4Q,B,,ABSENT_IN_SOURCE,,,,,,"전 쪽 키워드 0건(예상손해율·실제손해율·위험보험료 대비 예상보험금), 본문 텍스트쪽 130/130 (앞 100쪽 중 100%); ①② 표는 2024.4Q 결산본부터 신설"
KR1010,교보라이프플래닛생명보험,생명보험,2024.4Q,A,2024,FILLED,text,본문,27,1,1,본문 쪽 27; 예실차=A-B 검산 통과
KR1010,교보라이프플래닛생명보험,생명보험,2024.4Q,A,2023,FILLED,text,본문,27,1,1,본문 쪽 27; 예실차=A-B 검산 통과
KR1010,교보라이프플래닛생명보험,생명보험,2024.4Q,B,2024,FILLED,text,본문,"28,29,30",2064,246,"본문 쪽 28,29,30; 비율≈A÷B 80/80 통과, 합계=Σ포트폴리오 32/32 통과; 구간플래그 p28:cols_recalibrated,p29:cols_recalibrated,p30:cols_recalibrated,p31:cols_recalibrated"
KR1010,교보라이프플래닛생명보험,생명보험,2024.4Q,B,2023,FILLED,text,본문,"31,32,33",2049,249,"본문 쪽 31,32,33; 비율≈A÷B 83/83 통과, 합계=Σ포트폴리오 32/32 통과; 구간플래그 p28:cols_recalibrated,p29:cols_recalibrated,p30:cols_recalibrated,p31:cols_recalibrated"
KR1010,교보라이프플래닛생명보험,생명보험,2025.4Q,A,2025,FILLED,text,본문,27,1,1,본문 쪽 27; 예실차=A-B 검산 통과
KR1010,교보라이프플래닛생명보험,생명보험,2025.4Q,A,2024,FILLED,text,본문,27,1,1,본문 쪽 27; 예실차=A-B 검산 통과
KR1010,교보라이프플래닛생명보험,생명보험,2025.4Q,B,2025,FILLED,text,본문,"28,29,30",2064,240,"본문 쪽 28,29,30; 비율≈A÷B 65/65 통과, 합계=Σ포트폴리오 32/32 통과; 구간플래그 p28:cols_recalibrated,p29:cols_recalibrated,p30:cols_recalibrated,p31:cols_recalibrated"
KR1010,교보라이프플래닛생명보험,생명보험,2025.4Q,B,2024,FILLED,text,본문,"31,32,33",2064,246,"본문 쪽 31,32,33; 비율≈A÷B 80/80 통과, 합계=Σ포트폴리오 32/32 통과; 구간플래그 p28:cols_recalibrated,p29:cols_recalibrated,p30:cols_recalibrated,p31:cols_recalibrated"
KR1011,IBK연금보험,생명보험,2023.4Q,A,,ABSENT_IN_SOURCE,,,,,,"전 쪽 키워드 0건(예상손해율·실제손해율·위험보험료 대비 예상보험금), 본문 텍스트쪽 245/245 (앞 100쪽 중 100%); ①② 표는 2024.4Q 결산본부터 신설"
KR1011,IBK연금보험,생명보험,2023.4Q,B,,ABSENT_IN_SOURCE,,,,,,"전 쪽 키워드 0건(예상손해율·실제손해율·위험보험료 대비 예상보험금), 본문 텍스트쪽 245/245 (앞 100쪽 중 100%); ①② 표는 2024.4Q 결산본부터 신설"
KR1011,IBK연금보험,생명보험,2024.4Q,A,2024,ABSENT_IN_SOURCE,text,,,0,0,"회사가 표 미산출을 명시: p21: …023년> (단위 : 억원) 4) 최적가정 ① 보험금 예실차비율 당사는 연금보험 단종 보험사로 보험료에 위험보험료를 포함하고 있지 않아, <보험금 예실차비율>을 산출하지 않음 ② 위험보험료 대비 예상보험금 당사는 연…"
KR1011,IBK연금보험,생명보험,2024.4Q,A,2023,ABSENT_IN_SOURCE,text,,,0,0,"회사가 표 미산출을 명시: p21: …023년> (단위 : 억원) 4) 최적가정 ① 보험금 예실차비율 당사는 연금보험 단종 보험사로 보험료에 위험보험료를 포함하고 있지 않아, <보험금 예실차비율>을 산출하지 않음 ② 위험보험료 대비 예상보험금 당사는 연…"
KR1011,IBK연금보험,생명보험,2024.4Q,B,2024,ABSENT_IN_SOURCE,text,,21,0,0,"회사가 표 미산출을 명시: p21: …023년> (단위 : 억원) 4) 최적가정 ① 보험금 예실차비율 당사는 연금보험 단종 보험사로 보험료에 위험보험료를 포함하고 있지 않아, <보험금 예실차비율>을 산출하지 않음 ② 위험보험료 대비 예상보험금 당사는 연…"
KR1011,IBK연금보험,생명보험,2024.4Q,B,2023,ABSENT_IN_SOURCE,text,,21,0,0,"회사가 표 미산출을 명시: p21: …023년> (단위 : 억원) 4) 최적가정 ① 보험금 예실차비율 당사는 연금보험 단종 보험사로 보험료에 위험보험료를 포함하고 있지 않아, <보험금 예실차비율>을 산출하지 않음 ② 위험보험료 대비 예상보험금 당사는 연…"
KR1011,IBK연금보험,생명보험,2025.4Q,A,2025,ABSENT_IN_SOURCE,text,,,0,0,"회사가 표 미산출을 명시: p23: …4년> (단위 : 억원) 4) 최적가정 ① 보험금 예실차비율 - 회사는 연금보험 단종 보험사로 보험료에 위험보험료를 포함하고 있지 않아, <보험금 예실차비율>을 산출하지 않음 ② 위험보험료 대비 예상보험금 - 회사는…"
KR1011,IBK연금보험,생명보험,2025.4Q,A,2024,ABSENT_IN_SOURCE,text,,,0,0,"회사가 표 미산출을 명시: p23: …4년> (단위 : 억원) 4) 최적가정 ① 보험금 예실차비율 - 회사는 연금보험 단종 보험사로 보험료에 위험보험료를 포함하고 있지 않아, <보험금 예실차비율>을 산출하지 않음 ② 위험보험료 대비 예상보험금 - 회사는…"
KR1011,IBK연금보험,생명보험,2025.4Q,B,2025,ABSENT_IN_SOURCE,text,,23,0,0,"회사가 표 미산출을 명시: p23: …4년> (단위 : 억원) 4) 최적가정 ① 보험금 예실차비율 - 회사는 연금보험 단종 보험사로 보험료에 위험보험료를 포함하고 있지 않아, <보험금 예실차비율>을 산출하지 않음 ② 위험보험료 대비 예상보험금 - 회사는…"
KR1011,IBK연금보험,생명보험,2025.4Q,B,2024,ABSENT_IN_SOURCE,text,,23,0,0,"회사가 표 미산출을 명시: p23: …4년> (단위 : 억원) 4) 최적가정 ① 보험금 예실차비율 - 회사는 연금보험 단종 보험사로 보험료에 위험보험료를 포함하고 있지 않아, <보험금 예실차비율>을 산출하지 않음 ② 위험보험료 대비 예상보험금 - 회사는…"
KR1059,캐롯손해보험,손해보험,2023.4Q,A,,ABSENT_IN_SOURCE,,,,,,"전 쪽 키워드 0건(예상손해율·실제손해율·위험보험료 대비 예상보험금), 본문 텍스트쪽 74/74 (앞 74쪽 중 100%); ①② 표는 2024.4Q 결산본부터 신설"
KR1059,캐롯손해보험,손해보험,2023.4Q,B,,ABSENT_IN_SOURCE,,,,,,"전 쪽 키워드 0건(예상손해율·실제손해율·위험보험료 대비 예상보험금), 본문 텍스트쪽 74/74 (앞 74쪽 중 100%); ①② 표는 2024.4Q 결산본부터 신설"
KR1059,캐롯손해보험,손해보험,2024.4Q,A,2024,ABSENT_IN_SOURCE,text,,,0,0,회사가 최적가정 절을 해당사항 없음으로 명시: p20: …장기손해보험미영위로4-6-2)~4-6-6)해당사항없음…
KR1059,캐롯손해보험,손해보험,2024.4Q,A,2023,ABSENT_IN_SOURCE,text,,,0,0,회사가 최적가정 절을 해당사항 없음으로 명시: p20: …장기손해보험미영위로4-6-2)~4-6-6)해당사항없음…
KR1059,캐롯손해보험,손해보험,2024.4Q,B,2024,ABSENT_IN_SOURCE,text,,,0,0,회사가 최적가정 절을 해당사항 없음으로 명시: p20: …장기손해보험미영위로4-6-2)~4-6-6)해당사항없음…
KR1059,캐롯손해보험,손해보험,2024.4Q,B,2023,ABSENT_IN_SOURCE,text,,,0,0,회사가 최적가정 절을 해당사항 없음으로 명시: p20: …장기손해보험미영위로4-6-2)~4-6-6)해당사항없음…
KR1059,캐롯손해보험,손해보험,2025.4Q,A,,NO_PDF,,,,,,"해당 (회사,분기) PDF 가 data/disclosure 에 없음(다운로더 소관)"
KR1059,캐롯손해보험,손해보험,2025.4Q,B,,NO_PDF,,,,,,"해당 (회사,분기) PDF 가 data/disclosure 에 없음(다운로더 소관)"
KR1059,캐롯손해보험,손해보험,2023.1Q,C,,ABSENT_IN_SOURCE,text,,,0,0,"1Q/3Q 분기공시(축약본): 전 쪽 '합산비율' 키워드 0건, 가격설정 절 쪽 없음; 본문 텍스트쪽 41/41 (앞 41쪽 중 100%)"
KR1059,캐롯손해보험,손해보험,2023.2Q,C,,FILLED,text,본문,20,21,15,쪽 20; 합산=손해율+사업비율 0/0 통과
KR1059,캐롯손해보험,손해보험,2023.3Q,C,,ABSENT_IN_SOURCE,text,,,0,0,"1Q/3Q 분기공시(축약본): 전 쪽 '합산비율' 키워드 0건, 가격설정 절 쪽 없음; 본문 텍스트쪽 46/46 (앞 46쪽 중 100%)"
KR1059,캐롯손해보험,손해보험,2023.4Q,C,,FILLED,text,본문,41,12,12,쪽 41; 합산=손해율+사업비율 0/0 통과
KR1059,캐롯손해보험,손해보험,2024.1Q,C,,ABSENT_IN_SOURCE,text,,,0,0,"1Q/3Q 분기공시(축약본): 전 쪽 '합산비율' 키워드 0건, 가격설정 절 쪽 없음; 본문 텍스트쪽 34/34 (앞 34쪽 중 100%)"
KR1059,캐롯손해보험,손해보험,2024.2Q,C,,FILLED,text,본문,22,18,18,쪽 22; 합산=손해율+사업비율 0/0 통과
KR1059,캐롯손해보험,손해보험,2024.3Q,C,,ABSENT_IN_SOURCE,text,,,0,0,"1Q/3Q 분기공시(축약본): 전 쪽 '합산비율' 키워드 0건, 가격설정 절 쪽 없음; 본문 텍스트쪽 35/35 (앞 35쪽 중 100%)"
KR1059,캐롯손해보험,손해보험,2024.4Q,C,,FILLED,text,본문,45,21,21,쪽 45; 합산=손해율+사업비율 0/0 통과
KR1059,캐롯손해보험,손해보험,2025.1Q,C,,ABSENT_IN_SOURCE,text,,13,0,0,1Q/3Q 분기공시(축약본): 합산비율 키워드 쪽 13(가격설정 절 -)에 손해율·사업비율 행의 합산비율 표 없음 — 지급여력 총괄 표·서술문('회사합산비율 적용')의 언급뿐; 본문 텍스트쪽 39/39 (앞 39쪽 중 100%)
KR1059,캐롯손해보험,손해보험,2025.2Q,C,,NO_PDF,,,,,,"해당 (회사,분기) PDF 가 data/disclosure 에 없음(다운로더 소관)"
KR1059,캐롯손해보험,손해보험,2025.3Q,C,,NO_PDF,,,,,,"해당 (회사,분기) PDF 가 data/disclosure 에 없음(다운로더 소관)"
KR1059,캐롯손해보험,손해보험,2025.4Q,C,,NO_PDF,,,,,,"해당 (회사,분기) PDF 가 data/disclosure 에 없음(다운로더 소관)"
KR1059,캐롯손해보험,손해보험,2026.1Q,C,,NO_PDF,,,,,,"해당 (회사,분기) PDF 가 data/disclosure 에 없음(다운로더 소관)"
KR1059,캐롯손해보험,손해보험,2026.2Q,C,,NO_PDF,,,,,,"해당 (회사,분기) PDF 가 data/disclosure 에 없음(다운로더 소관)"
KR1098,카카오페이손해보험,손해보험,2023.4Q,A,,ABSENT_IN_SOURCE,,,,,,"전 쪽 키워드 0건(예상손해율·실제손해율·위험보험료 대비 예상보험금), 본문 텍스트쪽 50/50 (앞 50쪽 중 100%); ①② 표는 2024.4Q 결산본부터 신설"
KR1098,카카오페이손해보험,손해보험,2023.4Q,B,,ABSENT_IN_SOURCE,,,,,,"전 쪽 키워드 0건(예상손해율·실제손해율·위험보험료 대비 예상보험금), 본문 텍스트쪽 50/50 (앞 50쪽 중 100%); ①② 표는 2024.4Q 결산본부터 신설"
KR1098,카카오페이손해보험,손해보험,2024.4Q,A,2024,FILLED(vision),vision,본문(스캔),18,1,1,vision 판독 (원문 102 / 180 / (78)); 예실차=A-B 통과
KR1098,카카오페이손해보험,손해보험,2024.4Q,A,2023,ABSENT_IN_SOURCE,vision,본문(스캔),18,1,0,"vision 판독: 전 칸 '-'. Printed as integers (102/180/(78)); the 2025.4Q text filing re-states 2024 as 101.78/179.68/(77.90), consistent after rounding. Parenthesised = negative."
KR1098,카카오페이손해보험,손해보험,2024.4Q,B,2024,FILLED(vision),vision,본문(스캔),19,624,96,vision 판독 (칸결과표 vision_census_v2.csv)
KR1098,카카오페이손해보험,손해보험,2024.4Q,B,2023,ABSENT_IN_SOURCE,vision,본문(스캔),19,624,0,vision 판독: 전 칸 '-' (값 없음)
KR1098,카카오페이손해보험,손해보험,2025.4Q,A,2025,FILLED,text,본문,19,1,1,본문 쪽 19; 예실차=A-B 검산 통과
KR1098,카카오페이손해보험,손해보험,2025.4Q,A,2024,FILLED,text,본문,19,1,1,본문 쪽 19; 예실차=A-B 검산 통과
KR1098,카카오페이손해보험,손해보험,2025.4Q,B,2025,FILLED,text,본문,20,624,144,"본문 쪽 20; 비율≈A÷B 44/44 통과, 합계=Σ포트폴리오 32/32 통과; 구간플래그 p20:cols_recalibrated,p20:cols_recalibrated"
KR1098,카카오페이손해보험,손해보험,2025.4Q,B,2024,FILLED,text,본문,20,624,96,"본문 쪽 20; 비율≈A÷B 24/24 통과, 합계=Σ포트폴리오 32/32 통과; 구간플래그 p20:cols_recalibrated,p20:cols_recalibrated"
KR1098,카카오페이손해보험,손해보험,2023.1Q,C,,ABSENT_IN_SOURCE,text,,,0,0,"1Q/3Q 분기공시(축약본): 전 쪽 '합산비율' 키워드 0건, 가격설정 절 쪽 없음; 본문 텍스트쪽 20/20 (앞 20쪽 중 100%)"
KR1098,카카오페이손해보험,손해보험,2023.2Q,C,,ABSENT_IN_SOURCE,text,,,0,0,합산비율 키워드 쪽 -(가격설정 절 18)에 손해율·사업비율 행의 합산비율 표 없음 — 지급여력 총괄 표·서술문('회사합산비율 적용')의 언급뿐; 본문 텍스트쪽 34/34 (앞 34쪽 중 100%)
KR1098,카카오페이손해보험,손해보험,2023.3Q,C,,ABSENT_IN_SOURCE,text,,,0,0,"1Q/3Q 분기공시(축약본): 전 쪽 '합산비율' 키워드 0건, 가격설정 절 쪽 없음; 본문 텍스트쪽 22/22 (앞 22쪽 중 100%)"
KR1098,카카오페이손해보험,손해보험,2023.4Q,C,,FILLED,text,본문,31,3,2,쪽 31; 합산=손해율+사업비율 0/0 통과
KR1098,카카오페이손해보험,손해보험,2024.1Q,C,,ABSENT_IN_SOURCE,text,,,0,0,"1Q/3Q 분기공시(축약본): 전 쪽 '합산비율' 키워드 0건, 가격설정 절 쪽 없음; 본문 텍스트쪽 23/23 (앞 23쪽 중 100%)"
KR1098,카카오페이손해보험,손해보험,2024.2Q,C,,FILLED(vision),vision,본문(스캔),23,5,5,"vision 판독 (Section 3-3 가격설정(pricing)의 적정성 > 합산비율 시계열 현황 (p23); only 합산비율 shown. Header two-level: '2024 년' spans an unlabeled first sub-column (value 238% = year-to-date through 2Q, between 1Q 270% and 2Q 214%), then 1분기, 2분기.)"
KR1098,카카오페이손해보험,손해보험,2024.3Q,C,,ABSENT_IN_SOURCE,vision,본문(스캔),"2,14",0,0,"vision 판독: 3/4분기 분기공시 축약본이라 표 C(합산비율)가 없다. 파일 KR1098_카카오페이손해보험.pdf 19쪽, 텍스트층 0자(스캔). 목차(PDF p2)는 Ⅰ 주요 경영현황 요약 ~ Ⅷ 재무제표 장 제목만 있고 쪽 번호는 없다. 19쪽 전체를 70dpi 접촉시트 2장으로 렌더해 확인: Ⅵ 위험관리는 p14 한 쪽이며 6-1 비례성원칙 개요와 6-2 적용 내용('당분기 비례성원칙을 적용하고 있는 항목은 없습니다')뿐이고, 다음 쪽(p15)이 곧바로 Ⅶ 기타 일반현황이다. 가격설정(pricing)·합산비율·손해율·사업비율 표는 어느 쪽에도 없다. 같은 회사 홀수분기(2023.1Q·2023.3Q·2024.1Q·2025.1Q·2025.3Q·2026.1Q)도 census 에서 텍스트로 ABSENT, 합산비율 표는 20"
KR1098,카카오페이손해보험,손해보험,2024.4Q,C,,FILLED(vision),vision,본문(스캔),39,7,7,"vision 판독 (Section 6-3-3 합산비율 시계열 현황; only the 합산비율 is shown (no 손해율/사업비율 split). Header is two-level: '2024년' spans a first (annual) sub-column with empty sub-label, then 1~4분기. 2022년 = 328,235% as printed (start-up year, tiny premium base).)"
KR1098,카카오페이손해보험,손해보험,2025.1Q,C,,ABSENT_IN_SOURCE,text,,,0,0,"1Q/3Q 분기공시(축약본): 전 쪽 '합산비율' 키워드 0건, 가격설정 절 쪽 없음; 본문 텍스트쪽 23/23 (앞 23쪽 중 100%)"
KR1098,카카오페이손해보험,손해보험,2025.2Q,C,,FILLED,text,본문,25,5,5,쪽 25; 합산=손해율+사업비율 0/0 통과
KR1098,카카오페이손해보험,손해보험,2025.3Q,C,,ABSENT_IN_SOURCE,text,,,0,0,"1Q/3Q 분기공시(축약본): 전 쪽 '합산비율' 키워드 0건, 가격설정 절 쪽 없음; 본문 텍스트쪽 21/21 (앞 21쪽 중 100%)"
KR1098,카카오페이손해보험,손해보험,2025.4Q,C,,FILLED,text,본문,40,6,6,쪽 40; 합산=손해율+사업비율 0/0 통과
KR1098,카카오페이손해보험,손해보험,2026.1Q,C,,ABSENT_IN_SOURCE,text,,,0,0,"1Q/3Q 분기공시(축약본): 전 쪽 '합산비율' 키워드 0건, 가격설정 절 쪽 없음; 본문 텍스트쪽 23/23 (앞 23쪽 중 100%)"
KR1098,카카오페이손해보험,손해보험,2026.2Q,C,,FILLED,text,본문,24,5,5,쪽 24; 합산=손해율+사업비율 0/0 통과
