표,원보험사코드,원수사명,기준연도_또는_열,공시분기_a,공시분기_b,비교셀수,차이셀수,최대차이,판정,예시
A,KR0001,메리츠화재해상보험,2024,2024.4Q,2025.4Q,3,0,0.0,동일(반올림 허용),
A,KR0002,한화손해보험,2024,2024.4Q,2025.4Q,3,0,0.0,동일(반올림 허용),
A,KR0003,롯데손해보험,2024,2024.4Q,2025.4Q,3,0,0.0,동일(반올림 허용),
A,KR0005,흥국화재,2024,2024.4Q,2025.4Q,3,0,0.0,동일(반올림 허용),
A,KR0008,삼성화재해상보험,2024,2024.4Q,2025.4Q,3,0,0.0,동일(반올림 허용),
A,KR0009,현대해상,2024,2024.4Q,2025.4Q,3,0,0.04,동일(반올림 허용),
A,KR0010,KB손해보험,2024,2024.4Q,2025.4Q,3,0,0.0,동일(반올림 허용),
A,KR0011,DB손해보험,2024,2024.4Q,2025.4Q,3,0,0.0,동일(반올림 허용),
A,KR0029,AIG손해보험,2024,2024.4Q,2025.4Q,3,0,0.05,동일(반올림 허용),
A,KR0032,NH농협손해보험,2024,2024.4Q,2025.4Q,3,0,0.19,동일(반올림 허용),
A,KR0049,악사손해보험,2024,2024.4Q,2025.4Q,3,0,0.0,동일(반올림 허용),
A,KR0050,하나손해보험,2024,2024.4Q,2025.4Q,3,0,0.0,동일(반올림 허용),
A,KR0051,신한이지손해보험,2024,2024.4Q,2025.4Q,3,0,0.05,동일(반올림 허용),
A,KR0068,한화생명,2024,2024.4Q,2025.4Q,3,0,0.0,동일(반올림 허용),
A,KR0069,삼성생명보험,2024,2024.4Q,2025.4Q,3,0,0.0,동일(반올림 허용),
A,KR0070,에이비엘생명보험,2024,2024.4Q,2025.4Q,3,0,0.0,동일(반올림 허용),
A,KR0071,흥국생명보험,2024,2024.4Q,2025.4Q,3,0,0.4,동일(반올림 허용),
A,KR0072,케이디비생명보험,2024,2024.4Q,2025.4Q,3,0,0.0,동일(반올림 허용),
A,KR0073,교보생명보험,2024,2024.4Q,2025.4Q,3,0,0.0,동일(반올림 허용),
A,KR0074,라이나생명보험,2024,2024.4Q,2025.4Q,3,0,0.0,동일(반올림 허용),
A,KR0075,비엔피파리바카디프생명보험,2024,2024.4Q,2025.4Q,3,0,0.0,동일(반올림 허용),
A,KR0076,아이엠라이프생명보험,2024,2024.4Q,2025.4Q,3,1,1.0,값차이(재작성 의심),예실차비율: 14.0→15.0
A,KR0080,에이아이에이생명보험,2024,2024.4Q,2025.4Q,3,0,0.0,동일(반올림 허용),
A,KR0082,DB생명보험,2024,2024.4Q,2025.4Q,3,0,0.0,동일(반올림 허용),
A,KR0083,푸본현대생명보험,2024,2024.4Q,2025.4Q,3,0,0.0,동일(반올림 허용),
A,KR0087,동양생명,2024,2024.4Q,2025.4Q,3,0,0.0,동일(반올림 허용),
A,KR0094,신한라이프생명보험,2024,2024.4Q,2025.4Q,3,0,0.0,동일(반올림 허용),
A,KR0095,메트라이프생명보험,2024,2024.4Q,2025.4Q,3,0,0.0,동일(반올림 허용),
A,KR0097,하나생명보험,2024,2024.4Q,2025.4Q,3,0,0.0,동일(반올림 허용),
A,KR0099,KB라이프생명,2024,2024.4Q,2025.4Q,3,0,0.0,동일(반올림 허용),
A,KR0100,처브라이프생명보험,2024,2024.4Q,2025.4Q,3,0,0.0,동일(반올림 허용),
A,KR0104,농협생명보험,2024,2024.4Q,2025.4Q,2,0,0.0,동일(반올림 허용),
A,KR1000,코리안리재보험,2024|공동재보험,2024.4Q,2025.4Q,3,0,0.0,동일(반올림 허용),
A,KR1000,코리안리재보험,2024|전통형재보험,2024.4Q,2025.4Q,3,0,0.0,동일(반올림 허용),
A,KR1010,교보라이프플래닛생명보험,2024,2024.4Q,2025.4Q,3,0,0.0,동일(반올림 허용),
A,KR1098,카카오페이손해보험,2024,2024.4Q,2025.4Q,3,0,0.32,동일(반올림 허용),
B,KR0001,메리츠화재해상보험,2024,2024.4Q,2025.4Q,556,16,1.0,값차이(재작성 의심),None/Indirect-Par/무배당기타/11~15년/예상보험금: 1840.0→1839.0; None/Indirect-Par/무배당기타/1년/예상보험금: 2261.0→2262.0; None/Indirect-Par/무배당기타/26~30년/예상보험금: 278.0→279.0; None/Indirect-Par/무배당기타/30년 이후/예상보험금: 324.0→325.0; None/Indirect-Par/무배당기타/7년/위험보험료: 938.0→939.0
B,KR0002,한화손해보험,2024,2024.4Q,2025.4Q,556,0,0.0,동일,
B,KR0003,롯데손해보험,2024,2024.4Q,2025.4Q,640,104,0.0,값차이(재작성 의심),None/Indirect-Par/기타/10년/비율: 64.0→(칸없음); None/Indirect-Par/기타/10년/예상보험금: 170.0→(칸없음); None/Indirect-Par/기타/10년/위험보험료: 267.0→(칸없음); None/Indirect-Par/기타/11~15년/비율: 64.0→(칸없음); None/Indirect-Par/기타/11~15년/예상보험금: 565.0→(칸없음)
B,KR0005,흥국화재,2024,2024.4Q,2025.4Q,524,343,19887.0,값차이(재작성 의심),None/Indirect-Par/무배당기타/10년/예상보험금: 57→58.0; None/Indirect-Par/무배당기타/10년/위험보험료: 78→79.0; None/Indirect-Par/무배당기타/11~15년/예상보험금: 208→212.0; None/Indirect-Par/무배당기타/11~15년/위험보험료: 277→282.0; None/Indirect-Par/무배당기타/16~20년/비율: 79→78.0
B,KR0008,삼성화재해상보험,2024,2024.4Q,2025.4Q,374,0,0.0,동일,
B,KR0009,현대해상,2024,2024.4Q,2025.4Q,1327,0,0.0,동일,
B,KR0010,KB손해보험,2024,2024.4Q,2025.4Q,508,1,0.0,값차이(재작성 의심),None/Non-Par/유배당연금저축/1년/위험보험료: 1.0→None
B,KR0011,DB손해보험,2024,2024.4Q,2025.4Q,420,0,0.0,동일,
B,KR0029,AIG손해보험,2024,2024.4Q,2025.4Q,144,0,0.0,동일,
B,KR0049,악사손해보험,2024,2024.4Q,2025.4Q,192,0,0.0,동일,
B,KR0050,하나손해보험,2024,2024.4Q,2025.4Q,1776,56,84.0,값차이(재작성 의심),None/Indirect-Par/무배당기타/10년/위험보험료: 0.0→0.52; None/Indirect-Par/무배당기타/2년/비율: 43.4→44.0; None/Indirect-Par/무배당기타/2년/예상보험금: 1.0→0.49; None/Indirect-Par/무배당기타/3년/예상보험금: 1.0→0.41; None/Indirect-Par/무배당기타/7년/위험보험료: 0.0→0.72
B,KR0051,신한이지손해보험,2024,2024.4Q,2025.4Q,240,0,0.0,동일,
B,KR0068,한화생명,2024,2024.4Q,2025.4Q,624,0,0.0,동일,
B,KR0069,삼성생명보험,2024,2024.4Q,2025.4Q,636,1,10000.0,값차이(재작성 의심),None/Direct-Par/변액사망/11~15년/예상보험금: 6602.0→16602.0
B,KR0070,에이비엘생명보험,2024,2024.4Q,2025.4Q,672,0,0.0,동일,
B,KR0071,흥국생명보험,2024,2024.4Q,2025.4Q,672,0,0.0,동일,
B,KR0072,케이디비생명보험,2024,2024.4Q,2025.4Q,672,0,0.0,동일,
B,KR0073,교보생명보험,2024,2024.4Q,2025.4Q,2064,0,0.0,동일,
B,KR0074,라이나생명보험,2024,2024.4Q,2025.4Q,460,285,1483090.49,값차이(재작성 의심),None/Direct-Par/변액사망/10년/비율: 109.48→89.77; None/Direct-Par/변액사망/11~15년/비율: 114.24→89.8; None/Direct-Par/변액사망/11~15년/위험보험료: 5.0→7.0; None/Direct-Par/변액사망/16~20년/비율: 107.66→89.55; None/Direct-Par/변액사망/16~20년/위험보험료: 8.0→10.0
B,KR0075,비엔피파리바카디프생명보험,2024,2024.4Q,2025.4Q,288,0,0.0,동일,
B,KR0076,아이엠라이프생명보험,2024,2024.4Q,2025.4Q,624,453,31730.0,값차이(재작성 의심),None/Direct-Par/변액연금저축/10년/비율: 56.0→53.0; None/Direct-Par/변액연금저축/10년/예상보험금: 1.0→0.0; None/Direct-Par/변액연금저축/10년/위험보험료: 2.0→0.0; None/Direct-Par/변액연금저축/11~15년/비율: 56.0→57.0; None/Direct-Par/변액연금저축/11~15년/예상보험금: 1.0→0.0
B,KR0079,미래에셋생명보험,2024,2024.4Q,2025.4Q,252,0,0.0,동일,
B,KR0080,에이아이에이생명보험,2024,2024.4Q,2025.4Q,512,0,0.0,동일,
B,KR0082,DB생명보험,2024,2024.4Q,2025.4Q,591,0,0.0,동일,
B,KR0083,푸본현대생명보험,2024,2024.4Q,2025.4Q,576,0,0.0,동일,
B,KR0087,동양생명,2024,2024.4Q,2025.4Q,660,3,1.0,값차이(재작성 의심),None/Indirect-Par/무배당연금저축/6년/예상보험금: 32.0→33.0; None/Indirect-Par/유배당연금저축/6년/예상보험금: None→1.0; None/Non-Par/무배당연금저축/5년/예상보험금: None→1.0
B,KR0094,신한라이프생명보험,2024,2024.4Q,2025.4Q,1104,1,1.0,값차이(재작성 의심),None/Non-Par/무배당연금저축/9년/위험보험료: 0.0→1.0
B,KR0095,메트라이프생명보험,2024,2024.4Q,2025.4Q,2064,0,0.0,동일,
B,KR0099,KB라이프생명,2024,2024.4Q,2025.4Q,671,0,0.0,동일,
B,KR0100,처브라이프생명보험,2024,2024.4Q,2025.4Q,546,291,1031.0,값차이(재작성 의심),None/Direct-Par/변액연금저축/10년/비율: 63.0→60.0; None/Direct-Par/변액연금저축/10년/위험보험료: 5.0→6.0; None/Direct-Par/변액연금저축/11~15년/비율: 63.0→61.0; None/Direct-Par/변액연금저축/11~15년/위험보험료: 24.0→25.0; None/Direct-Par/변액연금저축/16~20년/비율: 64.0→61.0
B,KR0104,농협생명보험,2024,2024.4Q,2025.4Q,480,0,0.0,동일,
B,KR1000,코리안리재보험,2024|공동재보험,2024.4Q,2025.4Q,144,18,1.0,값차이(재작성 의심),생명/Indirect-Par/무배당사망/11~15년/예상보험금: 198.0→199.0; 생명/Indirect-Par/무배당사망/16~20년/위험보험료: 647.0→648.0; 생명/Indirect-Par/무배당사망/1년/위험보험료: 76.0→77.0; 생명/Indirect-Par/무배당사망/2년/예상보험금: 26.0→27.0; 생명/Indirect-Par/무배당사망/3년/예상보험금: 27.0→28.0
B,KR1000,코리안리재보험,2024|전통형재보험,2024.4Q,2025.4Q,480,97,1.0,값차이(재작성 의심),생명/Non-Par/무배당기타/10년/비율: 87.0→88.0; 장기손해/Non-Par/무배당기타/10년/비율: (칸없음)→95.0; 장기손해/Non-Par/무배당기타/10년/예상보험금: (칸없음)→277.0; 장기손해/Non-Par/무배당기타/10년/위험보험료: (칸없음)→293.0; 장기손해/Non-Par/무배당기타/11~15년/비율: (칸없음)→95.0
B,KR1010,교보라이프플래닛생명보험,2024,2024.4Q,2025.4Q,246,0,0.0,동일,
B,KR1098,카카오페이손해보험,2024,2024.4Q,2025.4Q,96,0,0.0,동일,
B,KR0010,KB손해보험,2024 vs 2025,2024.4Q,2025.4Q,508,0,,다른기준연도_값전부동일,2024.4Q <2024년> 블록 vs 2025.4Q <2025년> 블록: 값 있는 칸 508개 중 508개 동일
B,KR0010,KB손해보험,2024 vs 2025,2025.4Q,2025.4Q,508,1,,다른기준연도_값거의동일(>=99%),2025.4Q <2024년> 블록 vs 2025.4Q <2025년> 블록: 값 있는 칸 508개 중 507개 동일
C,KR0001,메리츠화재해상보험,일반/합산비율/2025년 연간,2025.4Q,2026.2Q,1,1,5.8,값차이(재작성 의심),94.37→88.57
C,KR0001,메리츠화재해상보험,자동차/합산비율/2025년 연간,2025.4Q,2026.2Q,1,1,4.9,값차이(재작성 의심),108.07→103.17
C,KR0001,메리츠화재해상보험,합계/합산비율/2025년 연간,2025.4Q,2026.2Q,1,1,5.09,값차이(재작성 의심),101.63→96.54
C,KR0008,삼성화재해상보험,자동차/손해율/2025년 연간,2025.4Q,2026.2Q,1,1,4.2,값차이(재작성 의심),76.1→80.3
C,KR0008,삼성화재해상보험,자동차/합산비율/2025년 연간,2025.4Q,2026.2Q,1,1,4.2,값차이(재작성 의심),99.1→103.3
C,KR0010,KB손해보험,일반/사업비율/2023년 1분기,2023.2Q,2023.4Q,1,1,6.94,값차이(재작성 의심),31.62→24.68
C,KR0010,KB손해보험,일반/사업비율/2023년 2분기,2023.2Q,2023.4Q,1,1,4.17,값차이(재작성 의심),27.51→23.34
C,KR0010,KB손해보험,일반/합산비율/2023년 1분기,2023.2Q,2023.4Q,1,1,6.93,값차이(재작성 의심),109.69→102.76
C,KR0010,KB손해보험,일반/합산비율/2023년 2분기,2023.2Q,2023.4Q,1,1,4.17,값차이(재작성 의심),112.33→108.16
C,KR0010,KB손해보험,자동차/사업비율/2021년 연간,2023.2Q,2023.4Q,1,1,0.61,값차이(재작성 의심),17.76→17.15
C,KR0010,KB손해보험,자동차/사업비율/2021년 연간,2023.2Q,2024.2Q,1,1,0.61,값차이(재작성 의심),17.76→17.15
C,KR0010,KB손해보험,자동차/사업비율/2022년 연간,2023.2Q,2023.4Q,1,1,0.54,값차이(재작성 의심),16.91→17.45
C,KR0010,KB손해보험,자동차/사업비율/2022년 연간,2023.2Q,2024.2Q,1,1,0.54,값차이(재작성 의심),16.91→17.45
C,KR0010,KB손해보험,자동차/사업비율/2022년 연간,2023.2Q,2024.4Q,1,1,0.54,값차이(재작성 의심),16.91→17.45
C,KR0010,KB손해보험,자동차/사업비율/2022년 연간,2023.2Q,2025.2Q,1,1,0.54,값차이(재작성 의심),16.91→17.45
C,KR0010,KB손해보험,자동차/사업비율/2022년 연간,2023.2Q,2025.4Q,1,1,0.54,값차이(재작성 의심),16.91→17.45
C,KR0010,KB손해보험,자동차/사업비율/2023년 1분기,2023.2Q,2023.4Q,1,1,0.92,값차이(재작성 의심),17.46→16.54
C,KR0010,KB손해보험,자동차/사업비율/2023년 2분기,2023.2Q,2023.4Q,1,1,0.66,값차이(재작성 의심),17.34→16.68
C,KR0010,KB손해보험,자동차/손해율/2021년 연간,2023.2Q,2023.4Q,1,1,0.78,값차이(재작성 의심),82.23→81.45
C,KR0010,KB손해보험,자동차/손해율/2021년 연간,2023.2Q,2024.2Q,1,1,0.78,값차이(재작성 의심),82.23→81.45
C,KR0010,KB손해보험,자동차/손해율/2022년 연간,2023.2Q,2023.4Q,1,1,0.17,값차이(재작성 의심),80.4→80.23
C,KR0010,KB손해보험,자동차/손해율/2022년 연간,2023.2Q,2024.2Q,1,1,0.17,값차이(재작성 의심),80.4→80.23
C,KR0010,KB손해보험,자동차/손해율/2022년 연간,2023.2Q,2024.4Q,1,1,0.17,값차이(재작성 의심),80.4→80.23
C,KR0010,KB손해보험,자동차/손해율/2022년 연간,2023.2Q,2025.2Q,1,1,0.17,값차이(재작성 의심),80.4→80.23
C,KR0010,KB손해보험,자동차/손해율/2022년 연간,2023.2Q,2025.4Q,1,1,0.17,값차이(재작성 의심),80.4→80.23
C,KR0010,KB손해보험,자동차/손해율/2023년 1분기,2023.2Q,2023.4Q,1,1,3.54,값차이(재작성 의심),80.33→76.79
C,KR0010,KB손해보험,자동차/손해율/2023년 2분기,2023.2Q,2023.4Q,1,1,3.43,값차이(재작성 의심),80.58→77.15
C,KR0010,KB손해보험,자동차/합산비율/2021년 연간,2023.2Q,2023.4Q,1,1,1.39,값차이(재작성 의심),99.99→98.6
C,KR0010,KB손해보험,자동차/합산비율/2021년 연간,2023.2Q,2024.2Q,1,1,1.39,값차이(재작성 의심),99.99→98.6
C,KR0010,KB손해보험,자동차/합산비율/2022년 연간,2023.2Q,2023.4Q,1,1,0.38,값차이(재작성 의심),97.31→97.69
C,KR0010,KB손해보험,자동차/합산비율/2022년 연간,2023.2Q,2024.2Q,1,1,0.38,값차이(재작성 의심),97.31→97.69
C,KR0010,KB손해보험,자동차/합산비율/2022년 연간,2023.2Q,2024.4Q,1,1,0.38,값차이(재작성 의심),97.31→97.69
C,KR0010,KB손해보험,자동차/합산비율/2022년 연간,2023.2Q,2025.2Q,1,1,0.38,값차이(재작성 의심),97.31→97.69
C,KR0010,KB손해보험,자동차/합산비율/2022년 연간,2023.2Q,2025.4Q,1,1,0.38,값차이(재작성 의심),97.31→97.69
C,KR0010,KB손해보험,자동차/합산비율/2023년 1분기,2023.2Q,2023.4Q,1,1,4.46,값차이(재작성 의심),97.79→93.33
C,KR0010,KB손해보험,자동차/합산비율/2023년 2분기,2023.2Q,2023.4Q,1,1,4.09,값차이(재작성 의심),97.92→93.83
C,KR0011,DB손해보험,일반/사업비율/2021년 연간,2023.2Q,2023.4Q,1,1,2.13,값차이(재작성 의심),28.67→26.54
C,KR0011,DB손해보험,일반/사업비율/2022년 연간,2023.2Q,2023.4Q,1,1,0.27,값차이(재작성 의심),28.94→28.67
C,KR0011,DB손해보험,일반/사업비율/2022년 연간,2023.2Q,2024.2Q,1,1,0.27,값차이(재작성 의심),28.94→28.67
C,KR0011,DB손해보험,일반/사업비율/2022년 연간,2023.2Q,2024.4Q,1,1,0.27,값차이(재작성 의심),28.94→28.67
C,KR0011,DB손해보험,일반/사업비율/2023년 연간,2023.4Q,2024.2Q,1,1,1.47,값차이(재작성 의심),28.94→30.41
C,KR0011,DB손해보험,일반/사업비율/2023년 연간,2023.4Q,2024.4Q,1,1,1.47,값차이(재작성 의심),28.94→30.41
C,KR0011,DB손해보험,일반/사업비율/2023년 연간,2023.4Q,2025.2Q,1,1,1.47,값차이(재작성 의심),28.94→30.41
C,KR0011,DB손해보험,일반/사업비율/2023년 연간,2023.4Q,2025.4Q,1,1,1.47,값차이(재작성 의심),28.94→30.41
C,KR0011,DB손해보험,일반/손해율/2021년 연간,2023.2Q,2023.4Q,1,1,4.6,값차이(재작성 의심),72.97→68.37
C,KR0011,DB손해보험,일반/손해율/2022년 연간,2023.2Q,2023.4Q,1,1,0.27,값차이(재작성 의심),73.24→72.97
C,KR0011,DB손해보험,일반/손해율/2022년 연간,2023.2Q,2024.2Q,1,1,0.27,값차이(재작성 의심),73.24→72.97
C,KR0011,DB손해보험,일반/손해율/2022년 연간,2023.2Q,2024.4Q,1,1,0.27,값차이(재작성 의심),73.24→72.97
C,KR0011,DB손해보험,일반/손해율/2023년 연간,2023.4Q,2024.2Q,1,1,13.8,값차이(재작성 의심),73.24→87.04
C,KR0011,DB손해보험,일반/손해율/2023년 연간,2023.4Q,2024.4Q,1,1,13.8,값차이(재작성 의심),73.24→87.04
C,KR0011,DB손해보험,일반/손해율/2023년 연간,2023.4Q,2025.2Q,1,1,13.8,값차이(재작성 의심),73.24→87.04
C,KR0011,DB손해보험,일반/손해율/2023년 연간,2023.4Q,2025.4Q,1,1,13.8,값차이(재작성 의심),73.24→87.04
C,KR0011,DB손해보험,일반/합산비율/2021년 연간,2023.2Q,2023.4Q,1,1,6.73,값차이(재작성 의심),101.64→94.91
C,KR0011,DB손해보험,일반/합산비율/2022년 연간,2023.2Q,2023.4Q,1,1,0.54,값차이(재작성 의심),102.18→101.64
C,KR0011,DB손해보험,일반/합산비율/2022년 연간,2023.2Q,2024.2Q,1,1,0.54,값차이(재작성 의심),102.18→101.64
C,KR0011,DB손해보험,일반/합산비율/2022년 연간,2023.2Q,2024.4Q,1,1,0.54,값차이(재작성 의심),102.18→101.64
C,KR0011,DB손해보험,일반/합산비율/2023년 연간,2023.4Q,2024.2Q,1,1,15.27,값차이(재작성 의심),102.18→117.45
C,KR0011,DB손해보험,일반/합산비율/2023년 연간,2023.4Q,2024.4Q,1,1,15.27,값차이(재작성 의심),102.18→117.45
C,KR0011,DB손해보험,일반/합산비율/2023년 연간,2023.4Q,2025.2Q,1,1,15.27,값차이(재작성 의심),102.18→117.45
C,KR0011,DB손해보험,일반/합산비율/2023년 연간,2023.4Q,2025.4Q,1,1,15.27,값차이(재작성 의심),102.18→117.45
C,KR0011,DB손해보험,자동차/사업비율/2021년 연간,2023.2Q,2023.4Q,1,1,0.03,값차이(재작성 의심),15.0→15.03
C,KR0011,DB손해보험,자동차/사업비율/2022년 연간,2023.2Q,2023.4Q,1,1,0.74,값차이(재작성 의심),15.74→15.0
C,KR0011,DB손해보험,자동차/사업비율/2022년 연간,2023.2Q,2024.2Q,1,1,0.74,값차이(재작성 의심),15.74→15.0
C,KR0011,DB손해보험,자동차/사업비율/2022년 연간,2023.2Q,2024.4Q,1,1,0.74,값차이(재작성 의심),15.74→15.0
C,KR0011,DB손해보험,자동차/사업비율/2023년 연간,2023.4Q,2024.2Q,1,1,0.44,값차이(재작성 의심),15.74→15.3
C,KR0011,DB손해보험,자동차/사업비율/2023년 연간,2023.4Q,2024.4Q,1,1,0.44,값차이(재작성 의심),15.74→15.3
C,KR0011,DB손해보험,자동차/사업비율/2023년 연간,2023.4Q,2025.2Q,1,1,0.44,값차이(재작성 의심),15.74→15.3
C,KR0011,DB손해보험,자동차/사업비율/2023년 연간,2023.4Q,2025.4Q,1,1,0.44,값차이(재작성 의심),15.74→15.3
C,KR0011,DB손해보험,자동차/손해율/2021년 연간,2023.2Q,2023.4Q,1,1,0.15,값차이(재작성 의심),79.36→79.51
C,KR0011,DB손해보험,자동차/손해율/2022년 연간,2023.2Q,2023.4Q,1,1,3.52,값차이(재작성 의심),75.84→79.36
C,KR0011,DB손해보험,자동차/손해율/2022년 연간,2023.2Q,2024.2Q,1,1,3.52,값차이(재작성 의심),75.84→79.36
C,KR0011,DB손해보험,자동차/손해율/2022년 연간,2023.2Q,2024.4Q,1,1,3.52,값차이(재작성 의심),75.84→79.36
C,KR0011,DB손해보험,자동차/손해율/2023년 연간,2023.4Q,2024.2Q,1,1,2.51,값차이(재작성 의심),75.84→78.35
C,KR0011,DB손해보험,자동차/손해율/2023년 연간,2023.4Q,2024.4Q,1,1,2.51,값차이(재작성 의심),75.84→78.35
C,KR0011,DB손해보험,자동차/손해율/2023년 연간,2023.4Q,2025.2Q,1,1,2.51,값차이(재작성 의심),75.84→78.35
C,KR0011,DB손해보험,자동차/손해율/2023년 연간,2023.4Q,2025.4Q,1,1,2.51,값차이(재작성 의심),75.84→78.35
C,KR0011,DB손해보험,자동차/합산비율/2021년 연간,2023.2Q,2023.4Q,1,1,0.18,값차이(재작성 의심),94.35→94.53
C,KR0011,DB손해보험,자동차/합산비율/2022년 연간,2023.2Q,2023.4Q,1,1,2.77,값차이(재작성 의심),91.58→94.35
C,KR0011,DB손해보험,자동차/합산비율/2022년 연간,2023.2Q,2024.2Q,1,1,2.77,값차이(재작성 의심),91.58→94.35
C,KR0011,DB손해보험,자동차/합산비율/2022년 연간,2023.2Q,2024.4Q,1,1,2.77,값차이(재작성 의심),91.58→94.35
C,KR0011,DB손해보험,자동차/합산비율/2023년 연간,2023.4Q,2024.2Q,1,1,2.07,값차이(재작성 의심),91.58→93.65
C,KR0011,DB손해보험,자동차/합산비율/2023년 연간,2023.4Q,2024.4Q,1,1,2.07,값차이(재작성 의심),91.58→93.65
C,KR0011,DB손해보험,자동차/합산비율/2023년 연간,2023.4Q,2025.2Q,1,1,2.07,값차이(재작성 의심),91.58→93.65
C,KR0011,DB손해보험,자동차/합산비율/2023년 연간,2023.4Q,2025.4Q,1,1,2.07,값차이(재작성 의심),91.58→93.65
C,KR0029,AIG손해보험,일반/합산비율/2024년 연간,2024.4Q,2025.2Q,1,1,22.14,값차이(재작성 의심),69.35→91.49
C,KR0029,AIG손해보험,일반/합산비율/2024년 연간,2024.4Q,2025.4Q,1,1,22.14,값차이(재작성 의심),69.35→91.49
C,KR0029,AIG손해보험,일반/합산비율/2024년 연간,2024.4Q,2026.2Q,1,1,22.14,값차이(재작성 의심),69.35→91.49
C,KR0029,AIG손해보험,일반/합산비율/2025년 2분기,2025.2Q,2025.4Q,1,1,19.45,값차이(재작성 의심),101.36→81.91
C,KR0050,하나손해보험,일반/합산비율/2024년 연간,2024.4Q,2026.2Q,1,1,7.6,값차이(재작성 의심),116.73→124.33
C,KR0050,하나손해보험,일반/합산비율/2024년 연간,2025.2Q,2026.2Q,1,1,7.6,값차이(재작성 의심),116.73→124.33
C,KR0050,하나손해보험,일반/합산비율/2024년 연간,2025.4Q,2026.2Q,1,1,7.6,값차이(재작성 의심),116.73→124.33
C,KR0050,하나손해보험,자동차/합산비율/2024년 연간,2024.4Q,2026.2Q,1,1,0.08,값차이(재작성 의심),111.81→111.73
C,KR0050,하나손해보험,자동차/합산비율/2024년 연간,2025.2Q,2026.2Q,1,1,0.08,값차이(재작성 의심),111.81→111.73
C,KR0050,하나손해보험,자동차/합산비율/2024년 연간,2025.4Q,2026.2Q,1,1,0.08,값차이(재작성 의심),111.81→111.73
C,KR0051,신한이지손해보험,합계/합산비율/2023년 1분기,2023.2Q,2023.4Q,1,1,0.33,값차이(재작성 의심),166.25→166.58
C,KR0051,신한이지손해보험,합계/합산비율/2023년 2분기,2023.2Q,2023.4Q,1,1,0.42,값차이(재작성 의심),171.46→171.88
C,KR0051,신한이지손해보험,합계/합산비율/2025년 1분기,2025.2Q,2025.4Q,1,1,0.11,값차이(재작성 의심),126.07→126.18
C,KR0051,신한이지손해보험,합계/합산비율/2025년 1분기,2025.4Q,2026.2Q,1,1,0.11,값차이(재작성 의심),126.18→126.07
C,KR0051,신한이지손해보험,합계/합산비율/2025년 2분기,2025.2Q,2025.4Q,1,1,20.54,값차이(재작성 의심),167.01→146.47
C,KR0051,신한이지손해보험,합계/합산비율/2025년 2분기,2025.4Q,2026.2Q,1,1,20.54,값차이(재작성 의심),146.47→167.01
C,KR1000,코리안리재보험,일반/합산비율/2022년 연간,2023.2Q,2023.4Q,1,1,8.36,값차이(재작성 의심),103.98→95.62
C,KR1000,코리안리재보험,일반/합산비율/2022년 연간,2023.2Q,2024.2Q,1,1,8.36,값차이(재작성 의심),103.98→95.62
C,KR1000,코리안리재보험,일반/합산비율/2022년 연간,2023.2Q,2024.4Q,1,1,8.36,값차이(재작성 의심),103.98→95.62
