원보험사코드,원수사명,생손보여부,kics39사,공시분기,상태,채택원천,마스터행수,값있는행수,플래그,결측사유,비고
KR0001,메리츠화재해상보험,손해보험,O,2023.4Q,결측,,0,0,,2023.4Q 결산본엔 표 없음 + 공시본이 당기 블록만 인쇄(해당 연도 블록 미인쇄),"2023.4Q PDF <-년> ABSENT_IN_SOURCE: 전 쪽 키워드 0건(예상손해율·실제손해율·위험보험료 대비 예상보험금), 본문 텍스트쪽 102/102 (앞 100쪽 중 100%); ①② 표는 2024.4Q 결산본부터 신설 | 2024.4Q PDF <2023년> ABSENT_IN_SOURCE [셀 0·값 있는 셀 0]: 쪽 33,34,35,36 텍스트에 <2023년> 캡션 없음 - 공시본은 2024년 블록만 인쇄"
KR0001,메리츠화재해상보험,손해보험,O,2024.4Q,채택,data/disclosure/FY2025_Q4/raw/KR0001_메리츠화재해상보험.pdf <2024년> p39-42,208,185,"RESTATED(차이 16/550칸(금액), 최대차 1억원)",,
KR0001,메리츠화재해상보험,손해보험,O,2025.4Q,채택,data/disclosure/FY2025_Q4/raw/KR0001_메리츠화재해상보험.pdf <2025년> p35-38,208,181,,,
KR0002,한화손해보험,손해보험,O,2023.4Q,채택,data/disclosure/FY2024_Q4/raw/KR0002_한화손해보험.pdf <2023년> p33-34,192,192,FROM_NEXT_YEAR_PRIOR_BLOCK,,
KR0002,한화손해보험,손해보험,O,2024.4Q,채택,data/disclosure/FY2024_Q4/raw/KR0002_한화손해보험.pdf <2024년> p32-33,192,192,,,
KR0002,한화손해보험,손해보험,O,2025.4Q,채택,data/disclosure/FY2025_Q4/raw/KR0002_한화손해보험.pdf <2025년> p32-33,192,192,,,
KR0003,롯데손해보험,손해보험,O,2023.4Q,채택,data/disclosure/FY2024_Q4/raw/KR0003_롯데손해보험.pdf <2023년> p38-40,592,208,FROM_NEXT_YEAR_PRIOR_BLOCK,,
KR0003,롯데손해보험,손해보험,O,2024.4Q,채택,data/disclosure/FY2024_Q4/raw/KR0003_롯데손해보험.pdf <2024년> p35-37,592,208,,,
KR0003,롯데손해보험,손해보험,O,2025.4Q,채택,data/disclosure/FY2025_Q4/raw/KR0003_롯데손해보험.pdf <2025년> p45-48,336,169,,,
KR0004,예별손해보험,손해보험,O,2023.4Q,결측,,0,0,,2023.4Q 결산본엔 표 없음 + 공시본이 당기 블록만 인쇄(해당 연도 블록 미인쇄),"2023.4Q PDF <-년> ABSENT_IN_SOURCE: 전 쪽 키워드 0건(예상손해율·실제손해율·위험보험료 대비 예상보험금), 본문 텍스트쪽 87/87 (앞 87쪽 중 100%); ①② 표는 2024.4Q 결산본부터 신설 | 2024.4Q PDF <2023년> ABSENT_IN_SOURCE [셀 0·값 있는 셀 0]: 쪽 29,30 텍스트에 <2023년> 캡션 없음 - 공시본은 2024년 블록만 인쇄"
KR0004,예별손해보험,손해보험,O,2024.4Q,채택,data/disclosure/FY2024_Q4/raw/KR0004_예별손해보험.pdf <2024년> p29-30,176,176,정정미확인(후속 공시에 전기 블록 없음),,
KR0004,예별손해보험,손해보험,O,2025.4Q,채택,data/disclosure/FY2025_Q4/raw/KR0004_예별손해보험.pdf <2025년> p24-25,176,176,,,
KR0005,흥국화재,손해보험,O,2023.4Q,결측,,0,0,,2023.4Q 결산본엔 표 없음 + 공시본이 당기 블록만 인쇄(해당 연도 블록 미인쇄),"2023.4Q PDF <-년> ABSENT_IN_SOURCE: 전 쪽 키워드 0건(예상손해율·실제손해율·위험보험료 대비 예상보험금), 본문 텍스트쪽 289/292 (앞 100쪽 중 97%); ①② 표는 2024.4Q 결산본부터 신설 | 2024.4Q PDF <2023년> ABSENT_IN_SOURCE [셀 0·값 있는 셀 0]: vision 판독: 표 B prints only the <2024년> block in this filing: p25 header '<2024년>' with the single 16-column table that continues on p26 and ends with "
KR0005,흥국화재,손해보험,O,2024.4Q,채택,data/disclosure/FY2025_Q4/raw/KR0005_흥국화재.pdf <2024년> p29-30,176,147,"RESTATED(차이 201/388칸(금액), 최대차 19887억원, 비율칸 차이 142)",,
KR0005,흥국화재,손해보험,O,2025.4Q,채택,data/disclosure/FY2025_Q4/raw/KR0005_흥국화재.pdf <2025년> p26-27,176,145,,,
KR0008,삼성화재해상보험,손해보험,O,2023.4Q,결측,,0,0,,2023.4Q 결산본엔 표 없음 + 공시본이 당기 블록만 인쇄(해당 연도 블록 미인쇄),"2023.4Q PDF <-년> ABSENT_IN_SOURCE: 전 쪽 키워드 0건(예상손해율·실제손해율·위험보험료 대비 예상보험금), 본문 텍스트쪽 118/118 (앞 100쪽 중 100%); ①② 표는 2024.4Q 결산본부터 신설 | 2024.4Q PDF <2023년> ABSENT_IN_SOURCE [셀 0·값 있는 셀 0]: 쪽 41,42 텍스트에 <2023년> 캡션 없음 - 공시본은 2024년 블록만 인쇄"
KR0008,삼성화재해상보험,손해보험,O,2024.4Q,채택,data/disclosure/FY2024_Q4/raw/KR0008_삼성화재해상보험.pdf <2024년> p41-42,140,126,,,
KR0008,삼성화재해상보험,손해보험,O,2025.4Q,채택,data/disclosure/FY2025_Q4/raw/KR0008_삼성화재해상보험.pdf <2025년> p43-44,144,137,,,
KR0009,현대해상,손해보험,O,2023.4Q,채택,data/disclosure/FY2024_Q4/raw/KR0009_현대해상.pdf <2023년> p39-41,592,592,FROM_NEXT_YEAR_PRIOR_BLOCK,,
KR0009,현대해상,손해보험,O,2024.4Q,채택,data/disclosure/FY2024_Q4/raw/KR0009_현대해상.pdf <2024년> p35-38,592,592,,,
KR0009,현대해상,손해보험,O,2025.4Q,채택,data/disclosure/FY2025_Q4/raw/KR0009_현대해상.pdf <2025년> p38-40,592,334,,,
KR0010,KB손해보험,손해보험,O,2023.4Q,결측,,0,0,,2023.4Q 결산본엔 표 없음 + 공시본이 당기 블록만 인쇄(해당 연도 블록 미인쇄),"2023.4Q PDF <-년> ABSENT_IN_SOURCE: 전 쪽 키워드 0건(예상손해율·실제손해율·위험보험료 대비 예상보험금), 본문 텍스트쪽 99/106 (앞 100쪽 중 93%); ①② 표는 2024.4Q 결산본부터 신설 | 2024.4Q PDF <2023년> ABSENT_IN_SOURCE [셀 0·값 있는 셀 0]: 쪽 38,39 텍스트에 <2023년> 캡션 없음 - 공시본은 2024년 블록만 인쇄"
KR0010,KB손해보험,손해보험,O,2024.4Q,채택,data/disclosure/FY2025_Q4/raw/KR0010_KB손해보험.pdf <2024년> p46-48,192,158,"RESTATED(차이 1/495칸(금액), 한쪽 null 1칸); 추출확인필요",,
KR0010,KB손해보험,손해보험,O,2025.4Q,채택,data/disclosure/FY2025_Q4/raw/KR0010_KB손해보험.pdf <2025년> p45-46,192,159,SAME_AS_PRIOR_YEAR(507/508칸 동일),,
KR0011,DB손해보험,손해보험,O,2023.4Q,결측,,0,0,,2023.4Q 결산본엔 표 없음 + 공시본이 당기 블록만 인쇄(해당 연도 블록 미인쇄),"2023.4Q PDF <-년> ABSENT_IN_SOURCE: 전 쪽 키워드 0건(예상손해율·실제손해율·위험보험료 대비 예상보험금), 본문 텍스트쪽 106/106 (앞 100쪽 중 100%); ①② 표는 2024.4Q 결산본부터 신설 | 2024.4Q PDF <2023년> ABSENT_IN_SOURCE [셀 0·값 있는 셀 0]: 쪽 30 텍스트에 <2023년> 캡션 없음 - 공시본은 2024년 블록만 인쇄"
KR0011,DB손해보험,손해보험,O,2024.4Q,채택,data/disclosure/FY2024_Q4/raw/KR0011_DB손해보험.pdf <2024년> p30,160,140,,,
KR0011,DB손해보험,손해보험,O,2025.4Q,채택,data/disclosure/FY2025_Q4/raw/KR0011_DB손해보험.pdf <2025년> p33-34,160,140,,,
KR0029,AIG손해보험,손해보험,O,2023.4Q,결측,,0,0,,2023.4Q 결산본엔 표 없음 + 공시본이 당기 블록만 인쇄(해당 연도 블록 미인쇄),"2023.4Q PDF <-년> ABSENT_IN_SOURCE: 전 쪽 키워드 0건(예상손해율·실제손해율·위험보험료 대비 예상보험금), 본문 텍스트쪽 74/75 (앞 75쪽 중 99%); ①② 표는 2024.4Q 결산본부터 신설 | 2024.4Q PDF <2023년> ABSENT_IN_SOURCE [셀 0·값 있는 셀 0]: 쪽 25,26,27 텍스트에 <2023년> 캡션 없음 - 공시본은 2024년 블록만 인쇄"
KR0029,AIG손해보험,손해보험,O,2024.4Q,채택,data/disclosure/FY2024_Q4/raw/KR0029_AIG손해보험.pdf <2024년> p25,48,48,,,
KR0029,AIG손해보험,손해보험,O,2025.4Q,채택,data/disclosure/FY2025_Q4/raw/KR0029_AIG손해보험.pdf <2025년> p28-30,592,592,,,
KR0032,NH농협손해보험,손해보험,O,2023.4Q,결측,,0,0,,2023.4Q 결산본엔 표 없음 + 공시본이 당기 블록만 인쇄(해당 연도 블록 미인쇄),"2023.4Q PDF <-년> ABSENT_IN_SOURCE: 전 쪽 키워드 0건(예상손해율·실제손해율·위험보험료 대비 예상보험금), 본문 텍스트쪽 99/99 (앞 99쪽 중 100%); ①② 표는 2024.4Q 결산본부터 신설 | 2024.4Q PDF <2023년> ABSENT_IN_SOURCE [셀 0·값 있는 셀 0]: 쪽 27,28,29,30 텍스트에 <2023년> 캡션 없음 - 공시본은 2024년 블록만 인쇄"
KR0032,NH농협손해보험,손해보험,O,2024.4Q,채택,data/disclosure/FY2024_Q4/raw/KR0032_NH농협손해보험.pdf <2024년> p27-29,176,156,정정미확인(후속 공시에 전기 블록 없음),,
KR0032,NH농협손해보험,손해보험,O,2025.4Q,채택,data/disclosure/FY2025_Q4/raw/KR0032_NH농협손해보험.pdf <2025년> p29-31,176,176,,,
KR0049,악사손해보험,손해보험,O,2023.4Q,결측,,0,0,,2023.4Q 결산본엔 표 없음 + 공시본이 당기 블록만 인쇄(해당 연도 블록 미인쇄),"2023.4Q PDF <-년> ABSENT_IN_SOURCE: 전 쪽 키워드 0건(예상손해율·실제손해율·위험보험료 대비 예상보험금), 본문 텍스트쪽 115/115 (앞 100쪽 중 100%); ①② 표는 2024.4Q 결산본부터 신설 | 2024.4Q PDF <2023년> ABSENT_IN_SOURCE [셀 0·값 있는 셀 0]: 쪽 23 텍스트에 <2023년> 캡션 없음 - 공시본은 2024년 블록만 인쇄"
KR0049,악사손해보험,손해보험,O,2024.4Q,채택,data/disclosure/FY2024_Q4/raw/KR0049_악사손해보험.pdf <2024년> p23,64,64,,,
KR0049,악사손해보험,손해보험,O,2025.4Q,채택,data/disclosure/FY2025_Q4/raw/KR0049_악사손해보험.pdf <2025년> p28,64,64,,,
KR0050,하나손해보험,손해보험,O,2023.4Q,채택,data/disclosure/FY2024_Q4/raw/KR0050_하나손해보험.pdf <2023년> p32-34,592,592,FROM_NEXT_YEAR_PRIOR_BLOCK,,
KR0050,하나손해보험,손해보험,O,2024.4Q,채택,data/disclosure/FY2025_Q4/raw/KR0050_하나손해보험.pdf <2024년> p33-35,592,592,"RESTATED(차이 10/404칸(금액), 최대차 0.72억원, 비율칸 차이 46)",,
KR0050,하나손해보험,손해보험,O,2025.4Q,채택,data/disclosure/FY2025_Q4/raw/KR0050_하나손해보험.pdf <2025년> p30-32,592,592,,,
KR0051,신한이지손해보험,손해보험,O,2023.4Q,결측,,0,0,,2023.4Q 결산본엔 표 없음 + 공시본이 당기 블록만 인쇄(해당 연도 블록 미인쇄),"2023.4Q PDF <-년> ABSENT_IN_SOURCE: 전 쪽 키워드 0건(예상손해율·실제손해율·위험보험료 대비 예상보험금), 본문 텍스트쪽 67/68 (앞 68쪽 중 99%); ①② 표는 2024.4Q 결산본부터 신설 | 2024.4Q PDF <2023년> ABSENT_IN_SOURCE [셀 0·값 있는 셀 0]: 쪽 21 텍스트에 <2023년> 캡션 없음 - 공시본은 2024년 블록만 인쇄"
KR0051,신한이지손해보험,손해보험,O,2024.4Q,채택,data/disclosure/FY2024_Q4/raw/KR0051_신한이지손해보험.pdf <2024년> p21,96,80,,,
KR0051,신한이지손해보험,손해보험,O,2025.4Q,채택,data/disclosure/FY2025_Q4/raw/KR0051_신한이지손해보험.pdf <2025년> p21,96,80,,,
KR0068,한화생명,생명보험,O,2023.4Q,채택,data/disclosure/FY2024_Q4/raw/KR0068_한화생명.pdf <2023년> p35-37,688,208,FROM_NEXT_YEAR_PRIOR_BLOCK,,
KR0068,한화생명,생명보험,O,2024.4Q,채택,data/disclosure/FY2024_Q4/raw/KR0068_한화생명.pdf <2024년> p31-34,688,208,,,
KR0068,한화생명,생명보험,O,2025.4Q,채택,data/disclosure/FY2025_Q4/raw/KR0068_한화생명.pdf <2025년> p31-32,224,208,,,
KR0069,삼성생명보험,생명보험,O,2023.4Q,결측,,0,0,,2023.4Q 결산본엔 표 없음 + 공시본이 당기 블록만 인쇄(해당 연도 블록 미인쇄),"2023.4Q PDF <-년> ABSENT_IN_SOURCE: 전 쪽 키워드 0건(예상손해율·실제손해율·위험보험료 대비 예상보험금), 본문 텍스트쪽 593/604 (앞 100쪽 중 89%); ①② 표는 2024.4Q 결산본부터 신설 | 2024.4Q PDF <2023년> ABSENT_IN_SOURCE [셀 0·값 있는 셀 0]: 쪽 36,314,545 텍스트에 <2023년> 캡션 없음 - 공시본은 2024년 블록만 인쇄"
KR0069,삼성생명보험,생명보험,O,2024.4Q,채택,data/disclosure/FY2025_Q4/raw/KR0069_삼성생명.pdf <2024년> p38,224,212,"RESTATED(차이 1/606칸(금액), 최대차 10000억원)",,
KR0069,삼성생명보험,생명보험,O,2025.4Q,채택,data/disclosure/FY2025_Q4/raw/KR0069_삼성생명.pdf <2025년> p37,224,211,,,
KR0070,에이비엘생명보험,생명보험,O,2023.4Q,결측,,0,0,,2023.4Q 결산본엔 표 없음 + 공시본이 당기 블록만 인쇄(해당 연도 블록 미인쇄),"2023.4Q PDF <-년> ABSENT_IN_SOURCE: 전 쪽 키워드 0건(예상손해율·실제손해율·위험보험료 대비 예상보험금), 본문 텍스트쪽 523/526 (앞 100쪽 중 100%); ①② 표는 2024.4Q 결산본부터 신설 | 2024.4Q PDF <2023년> ABSENT_IN_SOURCE [셀 0·값 있는 셀 0]: 쪽 37,38,39,40,241,421 텍스트에 <2023년> 캡션 없음 - 공시본은 2024년 블록만 인쇄"
KR0070,에이비엘생명보험,생명보험,O,2024.4Q,채택,data/disclosure/FY2024_Q4/raw/KR0070_에이비엘생명보험.pdf <2024년> p37-40,688,224,,,
KR0070,에이비엘생명보험,생명보험,O,2025.4Q,채택,data/disclosure/FY2025_Q4/raw/KR0070_에이비엘생명보험.pdf <2025년> p32-33,224,224,,,
KR0071,흥국생명보험,생명보험,O,2023.4Q,결측,,0,0,,2023.4Q 결산본엔 표 없음 + 공시본이 당기 블록만 인쇄(해당 연도 블록 미인쇄),"2023.4Q PDF <-년> ABSENT_IN_SOURCE: 전 쪽 키워드 0건(예상손해율·실제손해율·위험보험료 대비 예상보험금), 본문 텍스트쪽 450/461 (앞 100쪽 중 89%); ①② 표는 2024.4Q 결산본부터 신설 | 2024.4Q PDF <2023년> ABSENT_IN_SOURCE [셀 0·값 있는 셀 0]: 쪽 214,215,386,387 텍스트에 <2023년> 캡션 없음 - 공시본은 2024년 블록만 인쇄"
KR0071,흥국생명보험,생명보험,O,2024.4Q,채택,data/disclosure/FY2024_Q4/raw/KR0071_흥국생명보험.pdf <2024년> p214-215,224,224,,,
KR0071,흥국생명보험,생명보험,O,2025.4Q,채택,data/disclosure/FY2025_Q4/raw/KR0071_흥국생명보험.pdf <2025년> p29-31,688,224,,,
KR0072,케이디비생명보험,생명보험,O,2023.4Q,결측,,0,0,,2023.4Q 결산본엔 표 없음 + 공시본이 당기 블록만 인쇄(해당 연도 블록 미인쇄),"2023.4Q PDF <-년> ABSENT_IN_SOURCE: 전 쪽 키워드 0건(예상손해율·실제손해율·위험보험료 대비 예상보험금), 본문 텍스트쪽 495/499 (앞 100쪽 중 99%); ①② 표는 2024.4Q 결산본부터 신설 | 2024.4Q PDF <2023년> ABSENT_IN_SOURCE [셀 0·값 있는 셀 0]: 쪽 30,31,32,33,34,247 텍스트에 <2023년> 캡션 없음 - 공시본은 2024년 블록만 인쇄"
KR0072,케이디비생명보험,생명보험,O,2024.4Q,채택,data/disclosure/FY2024_Q4/raw/KR0072_케이디비생명보험.pdf <2024년> p30-34,688,224,,,
KR0072,케이디비생명보험,생명보험,O,2025.4Q,채택,data/disclosure/FY2025_Q4/raw/KR0072_케이디비생명보험.pdf <2025년> p31-35,688,224,,,
KR0073,교보생명보험,생명보험,O,2023.4Q,결측,,0,0,,2023.4Q 결산본엔 표 없음 + 공시본이 당기 블록만 인쇄(해당 연도 블록 미인쇄),"2023.4Q PDF <-년> ABSENT_IN_SOURCE: 전 쪽 키워드 0건(예상손해율·실제손해율·위험보험료 대비 예상보험금), 본문 텍스트쪽 532/545 (앞 100쪽 중 88%); ①② 표는 2024.4Q 결산본부터 신설 | 2024.4Q PDF <2023년> ABSENT_IN_SOURCE [셀 0·값 있는 셀 0]: 쪽 25,26,27,28,279,280,505,506 텍스트에 <2023년> 캡션 없음 - 공시본은 2024년 블록만 인쇄"
KR0073,교보생명보험,생명보험,O,2024.4Q,채택,data/disclosure/FY2024_Q4/raw/KR0073_교보생명보험.pdf <2024년> p25-28,688,688,,,
KR0073,교보생명보험,생명보험,O,2025.4Q,채택,data/disclosure/FY2025_Q4/raw/KR0073_교보생명보험.pdf <2025년> p27-30,688,688,,,
KR0074,라이나생명보험,생명보험,O,2023.4Q,결측,,0,0,,2023.4Q 결산본엔 표 없음 + 공시본이 당기 블록만 인쇄(해당 연도 블록 미인쇄),"2023.4Q PDF <-년> ABSENT_IN_SOURCE: 전 쪽 키워드 0건(예상손해율·실제손해율·위험보험료 대비 예상보험금), 본문 텍스트쪽 172/189 (앞 100쪽 중 83%); ①② 표는 2024.4Q 결산본부터 신설 | 2024.4Q PDF <2023년> ABSENT_IN_SOURCE [셀 0·값 있는 셀 0]: 쪽 25,26,27,215,216 텍스트에 <2023년> 캡션 없음 - 공시본은 2024년 블록만 인쇄"
KR0074,라이나생명보험,생명보험,O,2024.4Q,채택,data/disclosure/FY2025_Q4/raw/KR0074_라이나생명보험.pdf <2024년> p28-30,176,143,"RESTATED(차이 125/444칸(금액), 최대차 50264억원, 한쪽 null 18칸, 비율칸 차이 160)",,
KR0074,라이나생명보험,생명보험,O,2025.4Q,채택,data/disclosure/FY2025_Q4/raw/KR0074_라이나생명보험.pdf <2025년> p25-27,176,143,,,
KR0075,비엔피파리바카디프생명보험,생명보험,O,2023.4Q,결측,,0,0,,표는 인쇄됐으나 전 칸 대시(값 없음),"2023.4Q PDF <-년> ABSENT_IN_SOURCE: 전 쪽 키워드 0건(예상손해율·실제손해율·위험보험료 대비 예상보험금), 본문 텍스트쪽 85/97 (앞 97쪽 중 88%); ①② 표는 2024.4Q 결산본부터 신설 | 2024.4Q PDF <2023년> FILLED [셀 2064·값 있는 셀 0]: 본문 쪽 28,29,30,31; 비율≈A÷B 0/0 통과, 합계=Σ포트폴리오 0/0 통과; 구간플래그 p25:cols_recalibrated,p26:cols_recalibrated,p27:cols_recalibrated,p28:cols_recalibrated | NO_USABLE_BLOCK(전 칸 대시)"
KR0075,비엔피파리바카디프생명보험,생명보험,O,2024.4Q,채택,data/disclosure/FY2024_Q4/raw/KR0075_비엔피파리바카디프생명보험.pdf <2024년> p25-28,688,96,,,
KR0075,비엔피파리바카디프생명보험,생명보험,O,2025.4Q,채택,data/disclosure/FY2025_Q4/raw/KR0075_비엔피파리바카디프생명보험.pdf <2025년> p25-28,688,91,,,
KR0076,아이엠라이프생명보험,생명보험,O,2023.4Q,결측,,0,0,,2023.4Q 결산본엔 표 없음 + 공시본이 당기 블록만 인쇄(해당 연도 블록 미인쇄),"2023.4Q PDF <-년> ABSENT_IN_SOURCE: 전 쪽 키워드 0건(예상손해율·실제손해율·위험보험료 대비 예상보험금), 본문 텍스트쪽 236/252 (앞 100쪽 중 84%); ①② 표는 2024.4Q 결산본부터 신설 | 2024.4Q PDF <2023년> ABSENT_IN_SOURCE [셀 0·값 있는 셀 0]: 쪽 26,27,28,29,207,208 텍스트에 <2023년> 캡션 없음 - 공시본은 2024년 블록만 인쇄"
KR0076,아이엠라이프생명보험,생명보험,O,2024.4Q,채택,data/disclosure/FY2025_Q4/raw/KR0076_아이엠라이프생명보험.pdf <2024년> p32-34,688,208,"RESTATED(차이 296/544칸(금액), 최대차 31730억원, 비율칸 차이 157)",,
KR0076,아이엠라이프생명보험,생명보험,O,2025.4Q,채택,data/disclosure/FY2025_Q4/raw/KR0076_아이엠라이프생명보험.pdf <2025년> p29-31,688,208,,,
KR0079,미래에셋생명보험,생명보험,O,2023.4Q,채택,data/disclosure/FY2024_Q4/raw/KR0079_미래에셋생명.pdf <2023년> p316-317,84,84,FROM_NEXT_YEAR_PRIOR_BLOCK,,
KR0079,미래에셋생명보험,생명보험,O,2024.4Q,채택,data/disclosure/FY2024_Q4/raw/KR0079_미래에셋생명.pdf <2024년> p316,84,84,,,
KR0079,미래에셋생명보험,생명보험,O,2025.4Q,채택,data/disclosure/FY2025_Q4/raw/KR0079_미래에셋생명.pdf <2025년> p321,84,84,,,
KR0080,에이아이에이생명보험,생명보험,O,2023.4Q,결측,,0,0,,2023.4Q 결산본엔 표 없음 + 공시본이 당기 블록만 인쇄(해당 연도 블록 미인쇄),"2023.4Q PDF <-년> ABSENT_IN_SOURCE: 전 쪽 키워드 0건(예상손해율·실제손해율·위험보험료 대비 예상보험금), 본문 텍스트쪽 390/402 (앞 100쪽 중 99%); ①② 표는 2024.4Q 결산본부터 신설 | 2024.4Q PDF <2023년> ABSENT_IN_SOURCE [셀 0·값 있는 셀 0]: vision 판독: 표 B <2023년> 전년 블록은 이 공시에 인쇄돼 있지 않다(스캔 렌더 판독, p35 110·240dpi). p35 하단: ②표 <2024 년> 블록이 '주 1·주 2' 각주로 끝난 뒤 '<2023 년>' 캡션이 있고, 그 아래 한 줄 '*해당 내"
KR0080,에이아이에이생명보험,생명보험,O,2024.4Q,채택,data/disclosure/FY2024_Q4/raw/KR0080_에이아이에이생명보험.pdf <2024년> p31-35,688,168,,,
KR0080,에이아이에이생명보험,생명보험,O,2025.4Q,채택,data/disclosure/FY2025_Q4/raw/KR0080_에이아이에이생명보험.pdf <2025년> p34-37,688,176,,,
KR0082,DB생명보험,생명보험,O,2023.4Q,결측,,0,0,,2023.4Q 결산본엔 표 없음 + 회사가 전기 비교공시 산출 불가 명시,"2023.4Q PDF <-년> ABSENT_IN_SOURCE: 전 쪽 키워드 0건(예상손해율·실제손해율·위험보험료 대비 예상보험금), 본문 텍스트쪽 433/445 (앞 100쪽 중 99%); ①② 표는 2024.4Q 결산본부터 신설 | 2024.4Q PDF <2023년> ABSENT_IN_SOURCE [셀 0·값 있는 셀 0]: 회사가 2023년 비교공시 산출 불가를 명시: p28: …91.53 97.93 △6.41 2023년 비교 공시 산출 불가 구분 포트폴리오…"
KR0082,DB생명보험,생명보험,O,2024.4Q,채택,data/disclosure/FY2024_Q4/raw/KR0082_DB생명보험.pdf <2024년> p28-30,688,197,,,
KR0082,DB생명보험,생명보험,O,2025.4Q,채택,data/disclosure/FY2025_Q4/raw/KR0082_DB생명보험.pdf <2025년> p28-30,688,196,,,
KR0083,푸본현대생명보험,생명보험,O,2023.4Q,결측,,0,0,,2023.4Q 결산본엔 표 없음 + 공시본이 당기 블록만 인쇄(해당 연도 블록 미인쇄),"2023.4Q PDF <-년> ABSENT_IN_SOURCE: 전 쪽 키워드 0건(예상손해율·실제손해율·위험보험료 대비 예상보험금), 본문 텍스트쪽 411/412 (앞 100쪽 중 100%); ①② 표는 2024.4Q 결산본부터 신설 | 2024.4Q PDF <2023년> ABSENT_IN_SOURCE [셀 0·값 있는 셀 0]: 쪽 28,29,30,31,254,255,417,418 텍스트에 <2023년> 캡션 없음 - 공시본은 2024년 블록만 인쇄"
KR0083,푸본현대생명보험,생명보험,O,2024.4Q,채택,data/disclosure/FY2024_Q4/raw/KR0083_푸본현대생명보험.pdf <2024년> p28-30,192,192,,,
KR0083,푸본현대생명보험,생명보험,O,2025.4Q,채택,data/disclosure/FY2025_Q4/raw/KR0083_푸본현대생명보험.pdf <2025년> p29-32,688,192,,,
KR0087,동양생명,생명보험,O,2023.4Q,채택,data/disclosure/FY2024_Q4/raw/KR0087_동양생명.pdf <2023년> p38-45,688,196,FROM_NEXT_YEAR_PRIOR_BLOCK,,
KR0087,동양생명,생명보험,O,2024.4Q,채택,data/disclosure/FY2025_Q4/raw/KR0087_동양생명.pdf <2024년> p37-38,224,220,"RESTATED(차이 3/603칸(금액), 최대차 1억원, 한쪽 null 2칸)",,
KR0087,동양생명,생명보험,O,2025.4Q,채택,data/disclosure/FY2025_Q4/raw/KR0087_동양생명.pdf <2025년> p34-35,224,220,,,
KR0094,신한라이프생명보험,생명보험,O,2023.4Q,채택,data/disclosure/FY2024_Q4/raw/KR0094_신한라이프생명보험.pdf <2023년> p40-42,688,208,FROM_NEXT_YEAR_PRIOR_BLOCK,,
KR0094,신한라이프생명보험,생명보험,O,2024.4Q,채택,data/disclosure/FY2025_Q4/raw/KR0094_신한라이프생명보험.pdf <2024년> p38-40,688,208,"RESTATED(차이 1/617칸(금액), 최대차 1억원)",,
KR0094,신한라이프생명보험,생명보험,O,2025.4Q,채택,data/disclosure/FY2025_Q4/raw/KR0094_신한라이프생명보험.pdf <2025년> p35-37,688,208,,,
KR0095,메트라이프생명보험,생명보험,O,2023.4Q,결측,,0,0,,2023.4Q 결산본엔 표 없음 + 공시본이 당기 블록만 인쇄(해당 연도 블록 미인쇄),"2023.4Q PDF <-년> ABSENT_IN_SOURCE: 전 쪽 키워드 0건(예상손해율·실제손해율·위험보험료 대비 예상보험금), 본문 텍스트쪽 467/467 (앞 100쪽 중 100%); ①② 표는 2024.4Q 결산본부터 신설 | 2024.4Q PDF <2023년> ABSENT_IN_SOURCE [셀 0·값 있는 셀 0]: 쪽 30,31,32,33,34,36,37,38,39 텍스트에 <2023년> 캡션 없음 - 공시본은 2024년 블록만 인쇄"
KR0095,메트라이프생명보험,생명보험,O,2024.4Q,채택,data/disclosure/FY2024_Q4/raw/KR0095_메트라이프생명보험.pdf <2024년> p30-34,688,688,,,
KR0095,메트라이프생명보험,생명보험,O,2025.4Q,채택,data/disclosure/FY2025_Q4/raw/KR0095_메트라이프생명보험.pdf <2025년> p32-35,688,688,,,
KR0097,하나생명보험,생명보험,O,2023.4Q,결측,,0,0,,2023.4Q 결산본엔 표 없음 + 공시본이 당기 블록만 인쇄(해당 연도 블록 미인쇄),"2023.4Q PDF <-년> ABSENT_IN_SOURCE: 전 쪽 키워드 0건(예상손해율·실제손해율·위험보험료 대비 예상보험금), 본문 텍스트쪽 78/85 (앞 85쪽 중 92%); ①② 표는 2024.4Q 결산본부터 신설 | 2024.4Q PDF <2023년> ABSENT_IN_SOURCE [셀 0·값 있는 셀 0]: 쪽 264 텍스트에 <2023년> 캡션 없음 - 공시본은 연도 미상년 블록만 인쇄"
KR0097,하나생명보험,생명보험,O,2024.4Q,채택,data/disclosure/FY2025_Q4/raw/KR0097_하나생명보험.pdf <2024년> p30-32,688,128,FROM_NEXT_YEAR_PRIOR_BLOCK,,
KR0097,하나생명보험,생명보험,O,2025.4Q,채택,data/disclosure/FY2025_Q4/raw/KR0097_하나생명보험.pdf <2025년> p27-30,688,128,,,
KR0099,KB라이프생명,생명보험,O,2023.4Q,결측,,0,0,,2023.4Q 결산본엔 표 없음 + 공시본이 당기 블록만 인쇄(해당 연도 블록 미인쇄),"2023.4Q PDF <-년> ABSENT_IN_SOURCE: 전 쪽 키워드 0건(예상손해율·실제손해율·위험보험료 대비 예상보험금), 본문 텍스트쪽 507/518 (앞 100쪽 중 99%); ①② 표는 2024.4Q 결산본부터 신설 | 2024.4Q PDF <2023년> ABSENT_IN_SOURCE [셀 0·값 있는 셀 0]: 쪽 34,35,36,37,38 텍스트에 <2023년> 캡션 없음 - 공시본은 2024년 블록만 인쇄"
KR0099,KB라이프생명,생명보험,O,2024.4Q,채택,data/disclosure/FY2024_Q4/raw/KR0099_케이비라이프생명보험.pdf <2024년> p34-38,688,224,,,
KR0099,KB라이프생명,생명보험,O,2025.4Q,채택,data/disclosure/FY2025_Q4/raw/KR0099_케이비라이프생명보험.pdf <2025년> p34-38,688,181,,,
KR0100,처브라이프생명보험,생명보험,O,2023.4Q,결측,,0,0,,2023.4Q 결산본엔 표 없음 + 공시본이 당기 블록만 인쇄(해당 연도 블록 미인쇄),"2023.4Q PDF <-년> ABSENT_IN_SOURCE: 전 쪽 키워드 0건(예상손해율·실제손해율·위험보험료 대비 예상보험금), 본문 텍스트쪽 238/239 (앞 100쪽 중 99%); ①② 표는 2024.4Q 결산본부터 신설 | 2024.4Q PDF <2023년> ABSENT_IN_SOURCE [셀 0·값 있는 셀 0]: 쪽 29,30,31,32 텍스트에 <2023년> 캡션 없음 - 공시본은 2024년 블록만 인쇄"
KR0100,처브라이프생명보험,생명보험,O,2024.4Q,채택,data/disclosure/FY2025_Q4/raw/KR0100_처브라이프생명보험.pdf <2024년> p31-33,688,182,"RESTATED(차이 126/488칸(금액), 최대차 1031억원, 비율칸 차이 165)",,
KR0100,처브라이프생명보험,생명보험,O,2025.4Q,채택,data/disclosure/FY2025_Q4/raw/KR0100_처브라이프생명보험.pdf <2025년> p28-31,688,182,,,
KR0104,농협생명보험,생명보험,O,2023.4Q,채택,data/disclosure/FY2024_Q4/raw/KR0104_농협생명보험.pdf <2023년> p35-39,688,160,FROM_NEXT_YEAR_PRIOR_BLOCK,,
KR0104,농협생명보험,생명보험,O,2024.4Q,채택,data/disclosure/FY2024_Q4/raw/KR0104_농협생명보험.pdf <2024년> p30-34,688,160,,,
KR0104,농협생명보험,생명보험,O,2025.4Q,채택,data/disclosure/FY2025_Q4/raw/KR0104_농협생명보험.pdf <2025년> p31-35,688,160,,,
KR0150,서울보증보험,손해보험,O,2023.4Q,결측,,0,0,,2023.4Q 결산본엔 표 없음 + 회사가 최적가정 절을 해당사항 없음으로 명시(장기보험 미영위 등),"2023.4Q PDF <-년> ABSENT_IN_SOURCE: 전 쪽 키워드 0건(예상손해율·실제손해율·위험보험료 대비 예상보험금), 본문 텍스트쪽 86/98 (앞 98쪽 중 88%); ①② 표는 2024.4Q 결산본부터 신설 | 2024.4Q PDF <2023년> ABSENT_IN_SOURCE [셀 0·값 있는 셀 0]: 회사가 최적가정 절을 해당사항 없음으로 명시: p33: …사항없음4)최적가정□해당사항없음5)가정…"
KR0150,서울보증보험,손해보험,O,2024.4Q,결측,,0,0,,회사가 최적가정 절을 해당사항 없음으로 명시(장기보험 미영위 등),2024.4Q PDF <2024년> ABSENT_IN_SOURCE [셀 0·값 있는 셀 0]: 회사가 최적가정 절을 해당사항 없음으로 명시: p33: …사항없음4)최적가정□해당사항없음5)가정… | 2025.4Q PDF <2024년> ABSENT_IN_SOURCE [셀 0·값 있는 셀 0]: 회사가 최적가정 절을 해당사항 없음으로 명시: p37: …사항없음4)최적가정:해당사항없음5)가정…
KR0150,서울보증보험,손해보험,O,2025.4Q,결측,,0,0,,회사가 최적가정 절을 해당사항 없음으로 명시(장기보험 미영위 등),2025.4Q PDF <2025년> ABSENT_IN_SOURCE [셀 0·값 있는 셀 0]: 회사가 최적가정 절을 해당사항 없음으로 명시: p37: …사항없음4)최적가정:해당사항없음5)가정… | 2026.4Q PDF <2025년>: census 칸 없음
KR1000,코리안리재보험,손해보험,O,2023.4Q,결측,,0,0,,2023.4Q 결산본엔 표 없음 + 공시본이 당기 블록만 인쇄(해당 연도 블록 미인쇄),"2023.4Q PDF <-년> ABSENT_IN_SOURCE: 전 쪽 키워드 0건(예상손해율·실제손해율·위험보험료 대비 예상보험금), 본문 텍스트쪽 45/45 (앞 45쪽 중 100%); ①② 표는 2024.4Q 결산본부터 신설 | 2024.4Q PDF <2023년> ABSENT_IN_SOURCE [셀 0·값 있는 셀 0]: [공동재보험] ABSENT_IN_SOURCE: 쪽 18 텍스트에 <2023년> 캡션 없음 - 공시본은 2024년 블록만 인쇄 || [전통형재보험] ABSENT_IN_SOURCE: 쪽 15,16 텍스트에 <2023년> 캡션 없음 - 공시본은 2024년 블록만 인쇄"
KR1000,코리안리재보험,손해보험,O,2024.4Q,채택,data/disclosure/FY2025_Q4/raw/KR1000_코리안리.pdf <2024년> p18-22,192,192,"RESTATED(차이 18/528칸(금액), 최대차 1억원, 비율칸 차이 1)",,
KR1000,코리안리재보험,손해보험,O,2025.4Q,채택,data/disclosure/FY2025_Q4/raw/KR1000_코리안리.pdf <2025년> p17-21,224,224,,,
KR1010,교보라이프플래닛생명보험,생명보험,O,2023.4Q,채택,data/disclosure/FY2024_Q4/raw/KR1010_교보라이프플래닛생명보험.pdf <2023년> p31-33,688,83,FROM_NEXT_YEAR_PRIOR_BLOCK,,
KR1010,교보라이프플래닛생명보험,생명보험,O,2024.4Q,채택,data/disclosure/FY2024_Q4/raw/KR1010_교보라이프플래닛생명보험.pdf <2024년> p28-30,688,82,,,
KR1010,교보라이프플래닛생명보험,생명보험,O,2025.4Q,채택,data/disclosure/FY2025_Q4/raw/KR1010_교보라이프플래닛생명보험.pdf <2025년> p28-30,688,80,,,
KR1011,IBK연금보험,생명보험,O,2023.4Q,결측,,0,0,,2023.4Q 결산본엔 표 없음 + 회사가 표 미산출 명시(연금보험 단종 등),"2023.4Q PDF <-년> ABSENT_IN_SOURCE: 전 쪽 키워드 0건(예상손해율·실제손해율·위험보험료 대비 예상보험금), 본문 텍스트쪽 245/245 (앞 100쪽 중 100%); ①② 표는 2024.4Q 결산본부터 신설 | 2024.4Q PDF <2023년> ABSENT_IN_SOURCE [셀 0·값 있는 셀 0]: 회사가 표 미산출을 명시: p21: …023년> (단위 : 억원) 4) 최적가정 ① 보험금 예실차비율 당사는 연금보험 단종 보험사로 보험료에 위험보험료를 포함하고 있지 않아, <보험금 예실차비율>을 산출하지 않음 ② 위험보험료 대비 예상보험금 당사는 연…"
KR1011,IBK연금보험,생명보험,O,2024.4Q,결측,,0,0,,회사가 표 미산출 명시(연금보험 단종 등),"2024.4Q PDF <2024년> ABSENT_IN_SOURCE [셀 0·값 있는 셀 0]: 회사가 표 미산출을 명시: p21: …023년> (단위 : 억원) 4) 최적가정 ① 보험금 예실차비율 당사는 연금보험 단종 보험사로 보험료에 위험보험료를 포함하고 있지 않아, <보험금 예실차비율>을 산출하지 않음 ② 위험보험료 대비 예상보험금 당사는 연… | 2025.4Q PDF <2024년> ABSENT_IN_SOURCE [셀 0·값 있는 셀 0]: 회사가 표 미산출을 명시: p23: …4년> (단위 : 억원) 4) 최적가정 ① 보험금 예실차비율 - 회사는 연금보험 단종 보험사로 보험료에 위험보험료를 포함하고 있지 않아, <보험금 예실차비율>을 산출하지 않음 ② 위험보험료 대비 예상보험금 - 회사는…"
KR1011,IBK연금보험,생명보험,O,2025.4Q,결측,,0,0,,회사가 표 미산출 명시(연금보험 단종 등),"2025.4Q PDF <2025년> ABSENT_IN_SOURCE [셀 0·값 있는 셀 0]: 회사가 표 미산출을 명시: p23: …4년> (단위 : 억원) 4) 최적가정 ① 보험금 예실차비율 - 회사는 연금보험 단종 보험사로 보험료에 위험보험료를 포함하고 있지 않아, <보험금 예실차비율>을 산출하지 않음 ② 위험보험료 대비 예상보험금 - 회사는… | 2026.4Q PDF <2025년>: census 칸 없음"
KR1059,캐롯손해보험,손해보험,X,2023.4Q,결측,,0,0,,2023.4Q 결산본엔 표 없음 + 회사가 최적가정 절을 해당사항 없음으로 명시(장기보험 미영위 등),"2023.4Q PDF <-년> ABSENT_IN_SOURCE: 전 쪽 키워드 0건(예상손해율·실제손해율·위험보험료 대비 예상보험금), 본문 텍스트쪽 74/74 (앞 74쪽 중 100%); ①② 표는 2024.4Q 결산본부터 신설 | 2024.4Q PDF <2023년> ABSENT_IN_SOURCE [셀 0·값 있는 셀 0]: 회사가 최적가정 절을 해당사항 없음으로 명시: p20: …장기손해보험미영위로4-6-2)~4-6-6)해당사항없음…"
KR1059,캐롯손해보험,손해보험,X,2024.4Q,결측,,0,0,,회사가 최적가정 절을 해당사항 없음으로 명시(장기보험 미영위 등) (후속 공시: 원본 PDF 없음(다운로더 소관)),"2024.4Q PDF <2024년> ABSENT_IN_SOURCE [셀 0·값 있는 셀 0]: 회사가 최적가정 절을 해당사항 없음으로 명시: p20: …장기손해보험미영위로4-6-2)~4-6-6)해당사항없음… | 2025.4Q PDF <-년> NO_PDF: 해당 (회사,분기) PDF 가 data/disclosure 에 없음(다운로더 소관)"
KR1059,캐롯손해보험,손해보험,X,2025.4Q,결측,,0,0,,원본 PDF 없음(다운로더 소관),"2025.4Q PDF <-년> NO_PDF: 해당 (회사,분기) PDF 가 data/disclosure 에 없음(다운로더 소관) | 2026.4Q PDF <2025년>: census 칸 없음"
KR1098,카카오페이손해보험,손해보험,O,2023.4Q,결측,,0,0,,표는 인쇄됐으나 전 칸 대시(값 없음),"2023.4Q PDF <-년> ABSENT_IN_SOURCE: 전 쪽 키워드 0건(예상손해율·실제손해율·위험보험료 대비 예상보험금), 본문 텍스트쪽 50/50 (앞 50쪽 중 100%); ①② 표는 2024.4Q 결산본부터 신설 | 2024.4Q PDF <2023년> ABSENT_IN_SOURCE [셀 624·값 있는 셀 0]: vision 판독: 전 칸 '-' (값 없음) | NO_USABLE_BLOCK(전 칸 대시)"
KR1098,카카오페이손해보험,손해보험,O,2024.4Q,채택,data/disclosure/FY2024_Q4/raw/KR1098_카카오페이손해보험.pdf <2024년> p19,208,32,,,
KR1098,카카오페이손해보험,손해보험,O,2025.4Q,채택,data/disclosure/FY2025_Q4/raw/KR1098_카카오페이손해보험.pdf <2025년> p20,208,48,,,
