공시분기,원보험사코드,원수사명,파일,쪽수,텍스트쪽수,텍스트쪽비율,앞100쪽_텍스트비율,A_예상실제손해율쪽,A_예실차머리쪽,B_머리쪽,B_라벨쪽수,B_예정유지비쪽,C_합산비율쪽,C_가격설정쪽,산출하지않음쪽,최적가정쪽,원문위치주의
2023.1Q,KR0001,메리츠화재해상보험,data/disclosure/FY2023_Q1/raw/KR0001_메리츠화재해상보험.pdf,14,14,1.0,1.0,,,,0,,,,,,
2023.1Q,KR0002,한화손해보험,data/disclosure/FY2023_Q1/raw/KR0002_한화손해보험.pdf,264,264,1.0,1.0,,,,0,,,,,,
2023.1Q,KR0003,롯데손해보험,data/disclosure/FY2023_Q1/raw/KR0003_롯데손해보험.pdf,23,22,0.957,0.957,,,,0,,,,,,
2023.1Q,KR0004,예별손해보험,data/disclosure/FY2023_Q1/raw/KR0004_예별손해보험.pdf,31,31,1.0,1.0,,,,0,,,,,,
2023.1Q,KR0005,흥국화재,data/disclosure/FY2023_Q1/raw/KR0005_흥국화재_amended.pdf,125,125,1.0,1.0,,,,0,,,,,,
2023.1Q,KR0008,삼성화재해상보험,data/disclosure/FY2023_Q1/raw/KR0008_삼성화재해상보험_amended.pdf,18,18,1.0,1.0,,,,0,,,,,,
2023.1Q,KR0009,현대해상,data/disclosure/FY2023_Q1/raw/KR0009_현대해상.pdf,14,14,1.0,1.0,,,,0,,,,,,
2023.1Q,KR0010,KB손해보험,data/disclosure/FY2023_Q1/raw/KR0010_KB손해보험.pdf,24,24,1.0,1.0,,,,0,,,,,,
2023.1Q,KR0011,DB손해보험,data/disclosure/FY2023_Q1/raw/KR0011_DB손해보험.pdf,17,16,0.941,0.941,,,,0,,,,,,
2023.1Q,KR0029,AIG손해보험,data/disclosure/FY2023_Q1/raw/KR0029_AIG손해보험.pdf,21,21,1.0,1.0,,,,0,,,,,,
2023.1Q,KR0032,NH농협손해보험,data/disclosure/FY2023_Q1/raw/KR0032_NH농협손해보험_amended.pdf,30,30,1.0,1.0,,,,0,,,,,,
2023.1Q,KR0049,악사손해보험,data/disclosure/FY2023_Q1/raw/KR0049_악사손해보험.pdf,22,22,1.0,1.0,,,,0,,,,,,
2023.1Q,KR0050,하나손해보험,data/disclosure/FY2023_Q1/raw/KR0050_하나손해보험_amended.pdf,15,15,1.0,1.0,,,,0,,,,,,
2023.1Q,KR0051,신한이지손해보험,data/disclosure/FY2023_Q1/raw/KR0051_신한이지손해보험.pdf,18,18,1.0,1.0,,,,0,,,,,,
2023.1Q,KR0068,한화생명,data/disclosure/FY2023_Q1/raw/KR0068_한화생명.pdf,33,33,1.0,1.0,,,,0,,,,,,
2023.1Q,KR0069,삼성생명보험,data/disclosure/FY2023_Q1/raw/KR0069_삼성생명.pdf,45,45,1.0,1.0,,,,0,,,,,,
2023.1Q,KR0070,에이비엘생명보험,data/disclosure/FY2023_Q1/raw/KR0070_에이비엘생명보험_amended.pdf,29,29,1.0,1.0,,,,0,,,,,,
2023.1Q,KR0071,흥국생명보험,data/disclosure/FY2023_Q1/raw/KR0071_흥국생명보험_amended.pdf,29,28,0.966,0.966,,,,0,,,,,,
2023.1Q,KR0072,케이디비생명보험,data/disclosure/FY2023_Q1/raw/KR0072_케이디비생명보험.pdf,32,32,1.0,1.0,,,,0,,,,,,
2023.1Q,KR0073,교보생명보험,data/disclosure/FY2023_Q1/raw/KR0073_교보생명보험.pdf,21,21,1.0,1.0,,,,0,,,,,,
2023.1Q,KR0074,라이나생명보험,data/disclosure/FY2023_Q1/raw/KR0074_라이나생명보험_amended.pdf,85,83,0.976,0.976,,,,0,,,,,,
2023.1Q,KR0075,비엔피파리바카디프생명보험,data/disclosure/FY2023_Q1/raw/KR0075_비엔피파리바카디프생명보험.pdf,28,28,1.0,1.0,,,,0,,,,,,
2023.1Q,KR0076,아이엠라이프생명보험,data/disclosure/FY2023_Q1/raw/KR0076_아이엠라이프생명보험.pdf,26,24,0.923,0.923,,,,0,,,,,,
2023.1Q,KR0079,미래에셋생명보험,data/disclosure/FY2023_Q1/raw/KR0079_미래에셋생명_amended.pdf,39,39,1.0,1.0,,,,0,,,,,,
2023.1Q,KR0080,에이아이에이생명보험,data/disclosure/FY2023_Q1/raw/KR0080_에이아이에이생명보험.pdf,17,17,1.0,1.0,,,,0,,,,,,
2023.1Q,KR0082,DB생명보험,data/disclosure/FY2023_Q1/raw/KR0082_DB생명보험_amended.pdf,39,39,1.0,1.0,,,,0,,,,,,
2023.1Q,KR0083,푸본현대생명보험,data/disclosure/FY2023_Q1/raw/KR0083_푸본현대생명보험.pdf,27,27,1.0,1.0,,,,0,,,,,,
2023.1Q,KR0087,동양생명,data/disclosure/FY2023_Q1/raw/KR0087_동양생명.pdf,47,47,1.0,1.0,,,,0,,,,,,
2023.1Q,KR0094,신한라이프생명보험,data/disclosure/FY2023_Q1/raw/KR0094_신한라이프생명보험.pdf,23,23,1.0,1.0,,,,0,,,,,,
2023.1Q,KR0095,메트라이프생명보험,data/disclosure/FY2023_Q1/raw/KR0095_메트라이프생명보험.pdf,23,23,1.0,1.0,,,,0,,,,,,
2023.1Q,KR0097,하나생명보험,data/disclosure/FY2023_Q1/raw/KR0097_하나생명보험_amended.pdf,24,23,0.958,0.958,,,,0,,,,,,
2023.1Q,KR0099,KB라이프생명,data/disclosure/FY2023_Q1/raw/KR0099_케이비라이프생명보험.pdf,23,23,1.0,1.0,,,,0,,,,,,
2023.1Q,KR0100,처브라이프생명보험,data/disclosure/FY2023_Q1/raw/KR0100_처브라이프생명보험.pdf,13,13,1.0,1.0,,,,0,,,,,,
2023.1Q,KR0104,농협생명보험,data/disclosure/FY2023_Q1/raw/KR0104_농협생명보험.pdf,30,30,1.0,1.0,,,,0,,,,,,
2023.1Q,KR1000,코리안리재보험,data/disclosure/FY2023_Q1/raw/KR1000_코리안리.pdf,15,15,1.0,1.0,,,,0,,,,,,
2023.1Q,KR1010,교보라이프플래닛생명보험,data/disclosure/FY2023_Q1/raw/KR1010_교보라이프플래닛생명보험.pdf,26,26,1.0,1.0,,,,0,,,,16,,
2023.1Q,KR1011,IBK연금보험,data/disclosure/FY2023_Q1/raw/KR1011_IBK연금보험.pdf,23,23,1.0,1.0,,,,0,,,,,,
2023.1Q,KR1059,캐롯손해보험,data/disclosure/FY2023_Q1/raw/KR1059_캐롯손해보험.pdf,41,41,1.0,1.0,,,,0,,,,,,
2023.1Q,KR1098,카카오페이손해보험,data/disclosure/FY2023_Q1/raw/KR1098_카카오페이손해보험_amended2.pdf,20,20,1.0,1.0,,,,0,,,,,,
2023.2Q,KR0001,메리츠화재해상보험,data/disclosure/FY2023_Q2/raw/KR0001_메리츠화재해상보험_amended.pdf,54,54,1.0,1.0,,,,0,,25,24,,,
2023.2Q,KR0002,한화손해보험,data/disclosure/FY2023_Q2/raw/KR0002_한화손해보험.pdf,302,302,1.0,1.0,,,,0,,23,23,,,
2023.2Q,KR0003,롯데손해보험,data/disclosure/FY2023_Q2/raw/KR0003_롯데손해보험.pdf,64,64,1.0,1.0,,,,0,,24,24,,,
2023.2Q,KR0004,예별손해보험,data/disclosure/FY2023_Q2/raw/KR0004_예별손해보험.pdf,66,66,1.0,1.0,,,,0,,25,25,,,
2023.2Q,KR0005,흥국화재,data/disclosure/FY2023_Q2/raw/KR0005_흥국화재_amended.pdf,164,164,1.0,1.0,,,,0,,21,21,,,
2023.2Q,KR0008,삼성화재해상보험,data/disclosure/FY2023_Q2/raw/KR0008_삼성화재해상보험_amended.pdf,55,55,1.0,1.0,,,,0,,,22,,,
2023.2Q,KR0009,현대해상,data/disclosure/FY2023_Q2/raw/KR0009_현대해상.pdf,56,56,1.0,1.0,,,,0,,"24,25",25,,,
2023.2Q,KR0010,KB손해보험,data/disclosure/FY2023_Q2/raw/KR0010_KB손해보험_amended.pdf,54,54,1.0,1.0,,,,0,,"22,23",22,,,
2023.2Q,KR0011,DB손해보험,data/disclosure/FY2023_Q2/raw/KR0011_DB손해보험.pdf,58,58,1.0,1.0,,,,0,,25,25,,,
2023.2Q,KR0029,AIG손해보험,data/disclosure/FY2023_Q2/raw/KR0029_AIG손해보험.pdf,51,51,1.0,1.0,,,,0,,20,20,,,
2023.2Q,KR0032,NH농협손해보험,data/disclosure/FY2023_Q2/raw/KR0032_NH농협손해보험_amended.pdf,60,60,1.0,1.0,,,,0,,24,24,,,
2023.2Q,KR0049,악사손해보험,data/disclosure/FY2023_Q2/raw/KR0049_악사손해보험.pdf,60,60,1.0,1.0,,,,0,,25,25,,,
2023.2Q,KR0050,하나손해보험,data/disclosure/FY2023_Q2/raw/KR0050_하나손해보험_amended.pdf,51,51,1.0,1.0,,,,0,,22,"21,22",,,
2023.2Q,KR0051,신한이지손해보험,data/disclosure/FY2023_Q2/raw/KR0051_신한이지손해보험.pdf,43,43,1.0,1.0,,,,0,,19,19,,,
2023.2Q,KR0068,한화생명,data/disclosure/FY2023_Q2/raw/KR0068_한화생명.pdf,71,71,1.0,1.0,,,,0,,25,25,19,19,
2023.2Q,KR0069,삼성생명보험,data/disclosure/FY2023_Q2/raw/KR0069_삼성생명.pdf,78,78,1.0,1.0,,,,0,,,,,,
2023.2Q,KR0070,에이비엘생명보험,data/disclosure/FY2023_Q2/raw/KR0070_에이비엘생명보험_amended.pdf,60,60,1.0,1.0,,,,0,,,,,23,
2023.2Q,KR0071,흥국생명보험,data/disclosure/FY2023_Q2/raw/KR0071_흥국생명보험.pdf,64,64,1.0,1.0,,,,0,,,,,,
2023.2Q,KR0072,케이디비생명보험,data/disclosure/FY2023_Q2/raw/KR0072_케이디비생명보험.pdf,69,68,0.986,0.986,,,,0,,,,,,
2023.2Q,KR0073,교보생명보험,data/disclosure/FY2023_Q2/raw/KR0073_교보생명보험.pdf,38,38,1.0,1.0,,,,0,,,,,,
2023.2Q,KR0074,라이나생명보험,data/disclosure/FY2023_Q2/raw/KR0074_라이나생명보험_amended.pdf,113,111,0.982,0.98,,,,0,,,,,,
2023.2Q,KR0075,비엔피파리바카디프생명보험,data/disclosure/FY2023_Q2/raw/KR0075_비엔피파리바카디프생명보험_amended.pdf,49,49,1.0,1.0,,,,0,,,,,,
2023.2Q,KR0076,아이엠라이프생명보험,data/disclosure/FY2023_Q2/raw/KR0076_아이엠라이프생명보험_amended.pdf,51,49,0.961,0.961,,,,0,,,,,,
2023.2Q,KR0079,미래에셋생명보험,data/disclosure/FY2023_Q2/raw/KR0079_미래에셋생명.pdf,58,58,1.0,1.0,,,,0,,,,,,
2023.2Q,KR0080,에이아이에이생명보험,data/disclosure/FY2023_Q2/raw/KR0080_에이아이에이생명보험.pdf,35,35,1.0,1.0,,,,0,,,,,,
2023.2Q,KR0082,DB생명보험,data/disclosure/FY2023_Q2/raw/KR0082_DB생명보험_amended.pdf,63,63,1.0,1.0,,,,0,,,,,,
2023.2Q,KR0083,푸본현대생명보험,data/disclosure/FY2023_Q2/raw/KR0083_푸본현대생명보험.pdf,54,54,1.0,1.0,,,,0,,,,,,
2023.2Q,KR0087,동양생명,data/disclosure/FY2023_Q2/raw/KR0087_동양생명.pdf,74,74,1.0,1.0,,,,0,,,,,,
2023.2Q,KR0094,신한라이프생명보험,data/disclosure/FY2023_Q2/raw/KR0094_신한라이프생명보험.pdf,51,51,1.0,1.0,,,,0,,,,,,
2023.2Q,KR0095,메트라이프생명보험,data/disclosure/FY2023_Q2/raw/KR0095_메트라이프생명보험.pdf,47,47,1.0,1.0,,,,0,,,,,,
2023.2Q,KR0097,하나생명보험,data/disclosure/FY2023_Q2/raw/KR0097_하나생명보험_amended.pdf,53,51,0.962,0.962,,,,0,,,,,,
2023.2Q,KR0099,KB라이프생명,data/disclosure/FY2023_Q2/raw/KR0099_케이비라이프생명보험.pdf,60,60,1.0,1.0,,,,0,,,,,,
2023.2Q,KR0100,처브라이프생명보험,data/disclosure/FY2023_Q2/raw/KR0100_처브라이프생명보험.pdf,51,51,1.0,1.0,,,,0,,,,,,
2023.2Q,KR0104,농협생명보험,data/disclosure/FY2023_Q2/raw/KR0104_농협생명보험_amended.pdf,59,59,1.0,1.0,,,,0,,,,,,
2023.2Q,KR1000,코리안리재보험,data/disclosure/FY2023_Q2/raw/KR1000_코리안리.pdf,31,31,1.0,1.0,,,,0,,16,16,,,
2023.2Q,KR1010,교보라이프플래닛생명보험,data/disclosure/FY2023_Q2/raw/KR1010_교보라이프플래닛생명보험.pdf,58,56,0.966,0.966,,,,0,,,,,,
2023.2Q,KR1011,IBK연금보험,data/disclosure/FY2023_Q2/raw/KR1011_IBK연금보험.pdf,40,40,1.0,1.0,,,,0,,,,,,
2023.2Q,KR1059,캐롯손해보험,data/disclosure/FY2023_Q2/raw/KR1059_캐롯손해보험.pdf,66,66,1.0,1.0,,,,0,,"19,20",19,,,
2023.2Q,KR1098,카카오페이손해보험,data/disclosure/FY2023_Q2/raw/KR1098_카카오페이손해보험_amended.pdf,34,34,1.0,1.0,,,,0,,,18,,,
2023.3Q,KR0001,메리츠화재해상보험,data/disclosure/FY2023_Q3/raw/KR0001_메리츠화재해상보험_amended_amended2.pdf,22,22,1.0,1.0,,,,0,,,,,,
2023.3Q,KR0002,한화손해보험,data/disclosure/FY2023_Q3/raw/KR0002_한화손해보험.pdf,128,128,1.0,1.0,,,,0,,,,,,
2023.3Q,KR0003,롯데손해보험,data/disclosure/FY2023_Q3/raw/KR0003_롯데손해보험_amended.pdf,26,26,1.0,1.0,,,,0,,,,,,
2023.3Q,KR0004,예별손해보험,data/disclosure/FY2023_Q3/raw/KR0004_예별손해보험.pdf,35,35,1.0,1.0,,,,0,,,,,,
2023.3Q,KR0005,흥국화재,data/disclosure/FY2023_Q3/raw/KR0005_흥국화재_amended.pdf,136,136,1.0,1.0,,,,0,,,,,,
2023.3Q,KR0008,삼성화재해상보험,data/disclosure/FY2023_Q3/raw/KR0008_삼성화재해상보험_amended.pdf,21,21,1.0,1.0,,,,0,,,,,,
2023.3Q,KR0009,현대해상,data/disclosure/FY2023_Q3/raw/KR0009_현대해상_amended.pdf,23,23,1.0,1.0,,,,0,,,,,,
2023.3Q,KR0010,KB손해보험,data/disclosure/FY2023_Q3/raw/KR0010_KB손해보험_amended.pdf,29,29,1.0,1.0,,,,0,,,,,,
2023.3Q,KR0011,DB손해보험,data/disclosure/FY2023_Q3/raw/KR0011_DB손해보험_amended2.pdf,23,23,1.0,1.0,,,,0,,,,,,
2023.3Q,KR0029,AIG손해보험,data/disclosure/FY2023_Q3/raw/KR0029_AIG손해보험.pdf,26,26,1.0,1.0,,,,0,,,,,,
2023.3Q,KR0032,NH농협손해보험,data/disclosure/FY2023_Q3/raw/KR0032_NH농협손해보험_amended.pdf,33,33,1.0,1.0,,,,0,,,,,,
2023.3Q,KR0049,악사손해보험,data/disclosure/FY2023_Q3/raw/KR0049_악사손해보험.pdf,25,25,1.0,1.0,,,,0,,,,,,
2023.3Q,KR0050,하나손해보험,data/disclosure/FY2023_Q3/raw/KR0050_하나손해보험_amended.pdf,24,24,1.0,1.0,,,,0,,,,,,
2023.3Q,KR0051,신한이지손해보험,data/disclosure/FY2023_Q3/raw/KR0051_신한이지손해보험.pdf,18,18,1.0,1.0,,,,0,,,,12,,
2023.3Q,KR0068,한화생명,data/disclosure/FY2023_Q3/raw/KR0068_한화생명.pdf,44,44,1.0,1.0,,,,0,,,,,,
2023.3Q,KR0069,삼성생명보험,data/disclosure/FY2023_Q3/raw/KR0069_삼성생명.pdf,49,49,1.0,1.0,,,,0,,,,,,
2023.3Q,KR0070,에이비엘생명보험,data/disclosure/FY2023_Q3/raw/KR0070_에이비엘생명보험_amended.pdf,29,29,1.0,1.0,,,,0,,,,,,
2023.3Q,KR0071,흥국생명보험,data/disclosure/FY2023_Q3/raw/KR0071_흥국생명보험.pdf,41,41,1.0,1.0,,,,0,,,,,,
2023.3Q,KR0072,케이디비생명보험,data/disclosure/FY2023_Q3/raw/KR0072_케이디비생명보험.pdf,49,49,1.0,1.0,,,,0,,,,,,
2023.3Q,KR0073,교보생명보험,data/disclosure/FY2023_Q3/raw/KR0073_교보생명보험.pdf,27,27,1.0,1.0,,,,0,,,,,,
2023.3Q,KR0074,라이나생명보험,data/disclosure/FY2023_Q3/raw/KR0074_라이나생명보험_amended.pdf,94,89,0.947,0.947,,,,0,,,,,,
2023.3Q,KR0075,비엔피파리바카디프생명보험,data/disclosure/FY2023_Q3/raw/KR0075_비엔피파리바카디프생명보험_amended.pdf,30,30,1.0,1.0,,,,0,,,,,,
2023.3Q,KR0076,아이엠라이프생명보험,data/disclosure/FY2023_Q3/raw/KR0076_아이엠라이프생명보험.pdf,28,27,0.964,0.964,,,,0,,,,,,
2023.3Q,KR0079,미래에셋생명보험,data/disclosure/FY2023_Q3/raw/KR0079_미래에셋생명.pdf,37,37,1.0,1.0,,,,0,,,,,,
2023.3Q,KR0080,에이아이에이생명보험,data/disclosure/FY2023_Q3/raw/KR0080_에이아이에이생명보험.pdf,22,22,1.0,1.0,,,,0,,,,,,
2023.3Q,KR0082,DB생명보험,data/disclosure/FY2023_Q3/raw/KR0082_DB생명보험_amended.pdf,42,42,1.0,1.0,,,,0,,,,,,
2023.3Q,KR0083,푸본현대생명보험,data/disclosure/FY2023_Q3/raw/KR0083_푸본현대생명보험.pdf,31,31,1.0,1.0,,,,0,,,,,,
2023.3Q,KR0087,동양생명,data/disclosure/FY2023_Q3/raw/KR0087_동양생명.pdf,67,67,1.0,1.0,,,,0,,,,,,
2023.3Q,KR0094,신한라이프생명보험,data/disclosure/FY2023_Q3/raw/KR0094_신한라이프생명보험.pdf,34,34,1.0,1.0,,,,0,,,,,,
2023.3Q,KR0095,메트라이프생명보험,data/disclosure/FY2023_Q3/raw/KR0095_메트라이프생명보험.pdf,25,25,1.0,1.0,,,,0,,,,,,
2023.3Q,KR0097,하나생명보험,data/disclosure/FY2023_Q3/raw/KR0097_하나생명보험_amended.pdf,27,25,0.926,0.926,,,,0,,,,,,
2023.3Q,KR0099,KB라이프생명,data/disclosure/FY2023_Q3/raw/KR0099_케이비라이프생명보험.pdf,30,30,1.0,1.0,,,,0,,,,,,
2023.3Q,KR0100,처브라이프생명보험,data/disclosure/FY2023_Q3/raw/KR0100_처브라이프생명보험.pdf,14,14,1.0,1.0,,,,0,,,,,,
2023.3Q,KR0104,농협생명보험,data/disclosure/FY2023_Q3/raw/KR0104_농협생명보험.pdf,38,38,1.0,1.0,,,,0,,,,,,
2023.3Q,KR1000,코리안리재보험,data/disclosure/FY2023_Q3/raw/KR1000_코리안리.pdf,19,19,1.0,1.0,,,,0,,,,,,
2023.3Q,KR1010,교보라이프플래닛생명보험,data/disclosure/FY2023_Q3/raw/KR1010_교보라이프플래닛생명보험.pdf,29,29,1.0,1.0,,,,0,,,,19,,
2023.3Q,KR1011,IBK연금보험,data/disclosure/FY2023_Q3/raw/KR1011_IBK연금보험.pdf,23,23,1.0,1.0,,,,0,,,,,,
2023.3Q,KR1059,캐롯손해보험,data/disclosure/FY2023_Q3/raw/KR1059_캐롯손해보험.pdf,46,46,1.0,1.0,,,,0,,,,,,
2023.3Q,KR1098,카카오페이손해보험,data/disclosure/FY2023_Q3/raw/KR1098_카카오페이손해보험_amended.pdf,22,22,1.0,1.0,,,,0,,,,,,
2023.4Q,KR0001,메리츠화재해상보험,data/disclosure/FY2023_Q4/raw/KR0001_메리츠화재해상보험_amended_amended3.pdf,102,102,1.0,1.0,,,,0,17,55,54,,,
2023.4Q,KR0002,한화손해보험,data/disclosure/FY2023_Q4/raw/KR0002_한화손해보험.pdf,486,474,0.975,1.0,,,,0,,54,54,,"34,69",
2023.4Q,KR0003,롯데손해보험,data/disclosure/FY2023_Q4/raw/KR0003_롯데손해보험_amended.pdf,116,104,0.897,0.9,,,,0,,65,65,,,
2023.4Q,KR0004,예별손해보험,data/disclosure/FY2023_Q4/raw/KR0004_예별손해보험.pdf,87,87,1.0,1.0,,,,0,12,,49,,,
2023.4Q,KR0005,흥국화재,data/disclosure/FY2023_Q4/raw/KR0005_흥국화재_amended.pdf,292,289,0.99,0.97,,,,0,,57,57,,"49,148,158",
2023.4Q,KR0008,삼성화재해상보험,data/disclosure/FY2023_Q4/raw/KR0008_삼성화재해상보험_amended.pdf,118,118,1.0,1.0,,,,0,25,,68,,,
2023.4Q,KR0009,현대해상,data/disclosure/FY2023_Q4/raw/KR0009_현대해상_amended.pdf,109,109,1.0,1.0,,,,0,,"62,63",63,,,
2023.4Q,KR0010,KB손해보험,data/disclosure/FY2023_Q4/raw/KR0010_KB손해보험.pdf,106,99,0.934,0.93,,,,0,,"62,63",63,,5,
2023.4Q,KR0011,DB손해보험,data/disclosure/FY2023_Q4/raw/KR0011_DB손해보험.pdf,106,106,1.0,1.0,,,,0,16,56,56,,,
2023.4Q,KR0029,AIG손해보험,data/disclosure/FY2023_Q4/raw/KR0029_AIG손해보험.pdf,75,74,0.987,0.987,,,,0,,38,38,,,
2023.4Q,KR0032,NH농협손해보험,data/disclosure/FY2023_Q4/raw/KR0032_NH농협손해보험_amended.pdf,99,99,1.0,1.0,,,,0,,49,49,,,
2023.4Q,KR0049,악사손해보험,data/disclosure/FY2023_Q4/raw/KR0049_악사손해보험.pdf,115,115,1.0,1.0,,,,0,,49,49,,,
2023.4Q,KR0050,하나손해보험,data/disclosure/FY2023_Q4/raw/KR0050_하나손해보험_amended.pdf,80,80,1.0,1.0,,,,0,,49,"48,49",,,
2023.4Q,KR0051,신한이지손해보험,data/disclosure/FY2023_Q4/raw/KR0051_신한이지손해보험.pdf,68,67,0.985,0.985,,,,0,,38,38,,,
2023.4Q,KR0068,한화생명,data/disclosure/FY2023_Q4/raw/KR0068_한화생명.pdf,547,546,0.998,0.99,,,,0,,62,62,56,56,
2023.4Q,KR0069,삼성생명보험,data/disclosure/FY2023_Q4/raw/KR0069_삼성생명.pdf,604,593,0.982,0.89,,,,0,,,,,"330,567",
2023.4Q,KR0070,에이비엘생명보험,data/disclosure/FY2023_Q4/raw/KR0070_에이비엘생명보험_amended.pdf,526,523,0.994,1.0,,,,0,,,"185,365",,49,
2023.4Q,KR0071,흥국생명보험,data/disclosure/FY2023_Q4/raw/KR0071_흥국생명보험.pdf,461,450,0.976,0.89,,,,0,,,,,,
2023.4Q,KR0072,케이디비생명보험,data/disclosure/FY2023_Q4/raw/KR0072_케이디비생명보험.pdf,499,495,0.992,0.99,,,,0,,,,,,
2023.4Q,KR0073,교보생명보험,data/disclosure/FY2023_Q4/raw/KR0073_교보생명보험.pdf,545,532,0.976,0.88,,,,0,,,,,,
2023.4Q,KR0074,라이나생명보험,data/disclosure/FY2023_Q4/raw/KR0074_라이나생명보험.pdf,189,172,0.91,0.83,,,,0,,,,,,
2023.4Q,KR0075,비엔피파리바카디프생명보험,data/disclosure/FY2023_Q4/raw/KR0075_비엔피파리바카디프생명보험_amended.pdf,97,85,0.876,0.876,,,,0,,,,,,
2023.4Q,KR0076,아이엠라이프생명보험,data/disclosure/FY2023_Q4/raw/KR0076_아이엠라이프생명보험.pdf,252,236,0.937,0.84,,,,0,,,,,"31,227",
2023.4Q,KR0079,미래에셋생명보험,data/disclosure/FY2023_Q4/raw/KR0079_미래에셋생명_amended.pdf,510,398,0.78,0.14,,,,0,,,"179,367",402,,본문 스캔(텍스트 비율 낮음)
2023.4Q,KR0080,에이아이에이생명보험,data/disclosure/FY2023_Q4/raw/KR0080_에이아이에이생명보험.pdf,402,390,0.97,0.99,,,,0,,,,,"149,301",
2023.4Q,KR0082,DB생명보험,data/disclosure/FY2023_Q4/raw/KR0082_DB생명보험.pdf,445,433,0.973,0.99,,,,0,,,,,"243,417",
2023.4Q,KR0083,푸본현대생명보험,data/disclosure/FY2023_Q4/raw/KR0083_푸본현대생명보험.pdf,412,411,0.998,1.0,,,,0,,,,,,
2023.4Q,KR0087,동양생명,data/disclosure/FY2023_Q4/raw/KR0087_동양생명.pdf,161,156,0.969,0.95,,,,0,,,,,,
2023.4Q,KR0094,신한라이프생명보험,data/disclosure/FY2023_Q4/raw/KR0094_신한라이프생명보험.pdf,560,557,0.995,0.97,,,,0,,,,323,"330,559",
2023.4Q,KR0095,메트라이프생명보험,data/disclosure/FY2023_Q4/raw/KR0095_메트라이프생명보험.pdf,467,467,1.0,1.0,,,,0,,,,,,
2023.4Q,KR0097,하나생명보험,data/disclosure/FY2023_Q4/raw/KR0097_하나생명보험_amended.pdf,85,78,0.918,0.918,,,,0,,,,,,
2023.4Q,KR0099,KB라이프생명,data/disclosure/FY2023_Q4/raw/KR0099_케이비라이프생명보험_amended.pdf,518,507,0.979,0.99,,,,0,,,,,,
2023.4Q,KR0100,처브라이프생명보험,data/disclosure/FY2023_Q4/raw/KR0100_처브라이프생명보험.pdf,239,238,0.996,0.99,,,,0,,,,,"115,119",
2023.4Q,KR0104,농협생명보험,data/disclosure/FY2023_Q4/raw/KR0104_농협생명보험.pdf,495,494,0.998,1.0,,,,0,,,,,,
2023.4Q,KR0150,서울보증보험,data/disclosure/FY2023_Q4/raw/KR0150_서울보증보험.pdf,98,86,0.878,0.878,,,,0,,60,60,,,
2023.4Q,KR1000,코리안리재보험,data/disclosure/FY2023_Q4/raw/KR1000_코리안리.pdf,45,45,1.0,1.0,,,,0,,29,29,,,
2023.4Q,KR1010,교보라이프플래닛생명보험,data/disclosure/FY2023_Q4/raw/KR1010_교보라이프플래닛생명보험_amended.pdf,130,130,1.0,1.0,,,,0,,,,42,,
2023.4Q,KR1011,IBK연금보험,data/disclosure/FY2023_Q4/raw/KR1011_IBK연금보험.pdf,245,245,1.0,1.0,,,,0,,,,,,
2023.4Q,KR1059,캐롯손해보험,data/disclosure/FY2023_Q4/raw/KR1059_캐롯손해보험_amended.pdf,74,74,1.0,1.0,,,,0,,"40,41",40,,,
2023.4Q,KR1098,카카오페이손해보험,data/disclosure/FY2023_Q4/raw/KR1098_카카오페이손해보험.pdf,50,50,1.0,1.0,,,,0,,31,31,,,
2024.1Q,KR0001,메리츠화재해상보험,data/disclosure/FY2024_Q1/raw/KR0001_메리츠화재해상보험_amended.pdf,20,20,1.0,1.0,,,,0,,,,,,
2024.1Q,KR0002,한화손해보험,data/disclosure/FY2024_Q1/raw/KR0002_한화손해보험.pdf,249,249,1.0,1.0,,,,0,,,,,,
2024.1Q,KR0003,롯데손해보험,data/disclosure/FY2024_Q1/raw/KR0003_롯데손해보험.pdf,22,22,1.0,1.0,,,,0,,,,,,
2024.1Q,KR0004,예별손해보험,data/disclosure/FY2024_Q1/raw/KR0004_예별손해보험.pdf,28,28,1.0,1.0,,,,0,,,,,,
2024.1Q,KR0005,흥국화재,data/disclosure/FY2024_Q1/raw/KR0005_흥국화재_amended.pdf,125,124,0.992,0.99,,,,0,,,,,,
2024.1Q,KR0008,삼성화재해상보험,data/disclosure/FY2024_Q1/raw/KR0008_삼성화재해상보험_amended.pdf,23,23,1.0,1.0,,,,0,,,,,,
2024.1Q,KR0009,현대해상,data/disclosure/FY2024_Q1/raw/KR0009_현대해상_amended.pdf,24,24,1.0,1.0,,,,0,,,,,,
2024.1Q,KR0010,KB손해보험,data/disclosure/FY2024_Q1/raw/KR0010_KB손해보험_amended.pdf,25,2,0.08,0.08,,,,0,,,,,,본문 스캔(텍스트 비율 낮음)
2024.1Q,KR0011,DB손해보험,data/disclosure/FY2024_Q1/raw/KR0011_DB손해보험_amended2.pdf,21,21,1.0,1.0,,,,0,,,,,,
2024.1Q,KR0029,AIG손해보험,data/disclosure/FY2024_Q1/raw/KR0029_AIG손해보험.pdf,24,24,1.0,1.0,,,,0,,,,,,
2024.1Q,KR0032,NH농협손해보험,data/disclosure/FY2024_Q1/raw/KR0032_NH농협손해보험_amended.pdf,24,24,1.0,1.0,,,,0,,,,,,
2024.1Q,KR0049,악사손해보험,data/disclosure/FY2024_Q1/raw/KR0049_악사손해보험.pdf,26,26,1.0,1.0,,,,0,,,,,,
2024.1Q,KR0050,하나손해보험,data/disclosure/FY2024_Q1/raw/KR0050_하나손해보험_amended.pdf,25,25,1.0,1.0,,,,0,,,,,,
2024.1Q,KR0051,신한이지손해보험,data/disclosure/FY2024_Q1/raw/KR0051_신한이지손해보험.pdf,21,21,1.0,1.0,,,,0,,,,,,
2024.1Q,KR0068,한화생명,data/disclosure/FY2024_Q1/raw/KR0068_한화생명.pdf,41,41,1.0,1.0,,,,0,,,,,,
2024.1Q,KR0069,삼성생명보험,data/disclosure/FY2024_Q1/raw/KR0069_삼성생명.pdf,34,34,1.0,1.0,,,,0,,,,,,
2024.1Q,KR0070,에이비엘생명보험,data/disclosure/FY2024_Q1/raw/KR0070_에이비엘생명보험_amended.pdf,31,31,1.0,1.0,,,,0,,,,,,
2024.1Q,KR0071,흥국생명보험,data/disclosure/FY2024_Q1/raw/KR0071_흥국생명보험.pdf,30,30,1.0,1.0,,,,0,,,,,3,
2024.1Q,KR0072,케이디비생명보험,data/disclosure/FY2024_Q1/raw/KR0072_케이디비생명보험.pdf,33,33,1.0,1.0,,,,0,,,,,,
2024.1Q,KR0073,교보생명보험,data/disclosure/FY2024_Q1/raw/KR0073_교보생명보험.pdf,23,23,1.0,1.0,,,,0,,,,,,
2024.1Q,KR0074,라이나생명보험,data/disclosure/FY2024_Q1/raw/KR0074_라이나생명보험_amended.pdf,83,82,0.988,0.988,,,,0,,,,,,
2024.1Q,KR0075,비엔피파리바카디프생명보험,data/disclosure/FY2024_Q1/raw/KR0075_비엔피파리바카디프생명보험_amended.pdf,28,28,1.0,1.0,,,,0,,,,,,
2024.1Q,KR0076,아이엠라이프생명보험,data/disclosure/FY2024_Q1/raw/KR0076_아이엠라이프생명보험.pdf,27,25,0.926,0.926,,,,0,,,,,,
2024.1Q,KR0079,미래에셋생명보험,data/disclosure/FY2024_Q1/raw/KR0079_미래에셋생명_amended.pdf,29,11,0.379,0.379,,,,0,,,,,,본문 스캔(텍스트 비율 낮음)
2024.1Q,KR0080,에이아이에이생명보험,data/disclosure/FY2024_Q1/raw/KR0080_에이아이에이생명보험.pdf,29,29,1.0,1.0,,,,0,,,,,,
2024.1Q,KR0082,DB생명보험,data/disclosure/FY2024_Q1/raw/KR0082_DB생명보험_amended.pdf,34,34,1.0,1.0,,,,0,,,,,,
2024.1Q,KR0083,푸본현대생명보험,data/disclosure/FY2024_Q1/raw/KR0083_푸본현대생명보험_amended.pdf,33,33,1.0,1.0,,,,0,,,,,,
2024.1Q,KR0087,동양생명,data/disclosure/FY2024_Q1/raw/KR0087_동양생명.pdf,26,26,1.0,1.0,,,,0,,,,,,
2024.1Q,KR0094,신한라이프생명보험,data/disclosure/FY2024_Q1/raw/KR0094_신한라이프생명보험.pdf,28,28,1.0,1.0,,,,0,,,,,,
2024.1Q,KR0095,메트라이프생명보험,data/disclosure/FY2024_Q1/raw/KR0095_메트라이프생명보험.pdf,28,28,1.0,1.0,,,,0,,,,,,
2024.1Q,KR0097,하나생명보험,data/disclosure/FY2024_Q1/raw/KR0097_하나생명보험_amended.pdf,29,27,0.931,0.931,,,,0,,,,,,
2024.1Q,KR0099,KB라이프생명,data/disclosure/FY2024_Q1/raw/KR0099_케이비라이프생명보험_amended.pdf,30,30,1.0,1.0,,,,0,,,,,,
2024.1Q,KR0100,처브라이프생명보험,data/disclosure/FY2024_Q1/raw/KR0100_처브라이프생명보험_amended.pdf,22,22,1.0,1.0,,,,0,,,,,,
2024.1Q,KR0104,농협생명보험,data/disclosure/FY2024_Q1/raw/KR0104_농협생명보험_amended.pdf,122,122,1.0,1.0,,,,0,,,,,,
2024.1Q,KR1000,코리안리재보험,data/disclosure/FY2024_Q1/raw/KR1000_코리안리.pdf,17,17,1.0,1.0,,,,0,,,,,,
2024.1Q,KR1010,교보라이프플래닛생명보험,data/disclosure/FY2024_Q1/raw/KR1010_교보라이프플래닛생명보험_amended.pdf,30,30,1.0,1.0,,,,0,,,,20,,
2024.1Q,KR1011,IBK연금보험,data/disclosure/FY2024_Q1/raw/KR1011_IBK연금보험.pdf,26,26,1.0,1.0,,,,0,,,,,,
2024.1Q,KR1059,캐롯손해보험,data/disclosure/FY2024_Q1/raw/KR1059_캐롯손해보험.pdf,34,34,1.0,1.0,,,,0,,,,,,
2024.1Q,KR1098,카카오페이손해보험,data/disclosure/FY2024_Q1/raw/KR1098_카카오페이손해보험.pdf,23,23,1.0,1.0,,,,0,,,,,,
2024.2Q,KR0001,메리츠화재해상보험,data/disclosure/FY2024_Q2/raw/KR0001_메리츠화재해상보험_amended_amended2.pdf,57,57,1.0,1.0,,,,0,,25,24,,,
2024.2Q,KR0002,한화손해보험,data/disclosure/FY2024_Q2/raw/KR0002_한화손해보험.pdf,293,292,0.997,0.99,,,,0,,27,27,,42,
2024.2Q,KR0003,롯데손해보험,data/disclosure/FY2024_Q2/raw/KR0003_롯데손해보험_amended.pdf,64,64,1.0,1.0,,,,0,,27,27,,,
2024.2Q,KR0004,예별손해보험,data/disclosure/FY2024_Q2/raw/KR0004_예별손해보험.pdf,60,60,1.0,1.0,,,,0,,,24,,,
2024.2Q,KR0005,흥국화재,data/disclosure/FY2024_Q2/raw/KR0005_흥국화재_amended.pdf,166,165,0.994,0.99,,,,0,,24,24,,,
2024.2Q,KR0008,삼성화재해상보험,data/disclosure/FY2024_Q2/raw/KR0008_삼성화재해상보험_amended.pdf,64,64,1.0,1.0,,,,0,,,27,,,
2024.2Q,KR0009,현대해상,data/disclosure/FY2024_Q2/raw/KR0009_현대해상_amended.pdf,66,66,1.0,1.0,,,,0,,"28,29",29,,,
2024.2Q,KR0010,KB손해보험,data/disclosure/FY2024_Q2/raw/KR0010_KB손해보험_amended.pdf,61,55,0.902,0.902,,,,0,,"28,29",29,,,
2024.2Q,KR0011,DB손해보험,data/disclosure/FY2024_Q2/raw/KR0011_DB손해보험.pdf,63,63,1.0,1.0,,,,0,,26,26,,,
2024.2Q,KR0029,AIG손해보험,data/disclosure/FY2024_Q2/raw/KR0029_AIG손해보험.pdf,49,49,1.0,1.0,,,,0,,21,21,,,
2024.2Q,KR0032,NH농협손해보험,data/disclosure/FY2024_Q2/raw/KR0032_NH농협손해보험_amended.pdf,57,57,1.0,1.0,,,,0,,25,25,,,
2024.2Q,KR0049,악사손해보험,data/disclosure/FY2024_Q2/raw/KR0049_악사손해보험.pdf,68,68,1.0,1.0,,,,0,,28,28,,,
2024.2Q,KR0050,하나손해보험,data/disclosure/FY2024_Q2/raw/KR0050_하나손해보험_amended.pdf,55,55,1.0,1.0,,,,0,,28,28,,,
2024.2Q,KR0051,신한이지손해보험,data/disclosure/FY2024_Q2/raw/KR0051_신한이지손해보험.pdf,48,48,1.0,1.0,,,,0,,22,22,,,
2024.2Q,KR0068,한화생명,data/disclosure/FY2024_Q2/raw/KR0068_한화생명.pdf,73,73,1.0,1.0,,,,0,,26,26,19,19,
2024.2Q,KR0069,삼성생명보험,data/disclosure/FY2024_Q2/raw/KR0069_삼성생명.pdf,67,67,1.0,1.0,,,,0,,,,,,
2024.2Q,KR0070,에이비엘생명보험,data/disclosure/FY2024_Q2/raw/KR0070_에이비엘생명보험_amended.pdf,60,60,1.0,1.0,,,,0,,,,,25,
2024.2Q,KR0071,흥국생명보험,data/disclosure/FY2024_Q2/raw/KR0071_흥국생명보험.pdf,62,62,1.0,1.0,,,,0,,,,,,
2024.2Q,KR0072,케이디비생명보험,data/disclosure/FY2024_Q2/raw/KR0072_케이디비생명보험.pdf,63,63,1.0,1.0,,,,0,,,,,,
2024.2Q,KR0073,교보생명보험,data/disclosure/FY2024_Q2/raw/KR0073_교보생명보험.pdf,41,41,1.0,1.0,,,,0,,,,,,
2024.2Q,KR0074,라이나생명보험,data/disclosure/FY2024_Q2/raw/KR0074_라이나생명보험_amended.pdf,108,107,0.991,0.99,,,,0,,,,,,
2024.2Q,KR0075,비엔피파리바카디프생명보험,data/disclosure/FY2024_Q2/raw/KR0075_비엔피파리바카디프생명보험_amended.pdf,33,33,1.0,1.0,,,,0,,,,,,
2024.2Q,KR0076,아이엠라이프생명보험,data/disclosure/FY2024_Q2/raw/KR0076_아이엠라이프생명보험.pdf,58,58,1.0,1.0,,,,0,,,,,,
2024.2Q,KR0079,미래에셋생명보험,data/disclosure/FY2024_Q2/raw/KR0079_미래에셋생명_amended.pdf,55,32,0.582,0.582,,,,0,,,,,,본문 스캔(텍스트 비율 낮음)
2024.2Q,KR0080,에이아이에이생명보험,data/disclosure/FY2024_Q2/raw/KR0080_에이아이에이생명보험.pdf,58,58,1.0,1.0,,,,0,,,,,,
2024.2Q,KR0082,DB생명보험,data/disclosure/FY2024_Q2/raw/KR0082_DB생명보험_amended.pdf,61,61,1.0,1.0,,,,0,,,,,,
2024.2Q,KR0083,푸본현대생명보험,data/disclosure/FY2024_Q2/raw/KR0083_푸본현대생명보험.pdf,61,61,1.0,1.0,,,,0,,,,,,
2024.2Q,KR0087,동양생명,data/disclosure/FY2024_Q2/raw/KR0087_동양생명.pdf,65,64,0.985,0.985,,,,0,,,,,,
2024.2Q,KR0094,신한라이프생명보험,data/disclosure/FY2024_Q2/raw/KR0094_신한라이프생명보험.pdf,51,51,1.0,1.0,,,,0,,,,,,
2024.2Q,KR0095,메트라이프생명보험,data/disclosure/FY2024_Q2/raw/KR0095_메트라이프생명보험.pdf,55,55,1.0,1.0,,,,0,,,,,,
2024.2Q,KR0097,하나생명보험,data/disclosure/FY2024_Q2/raw/KR0097_하나생명보험_amended.pdf,56,0,0.0,0.0,,,,0,,,,,,본문 스캔(텍스트 비율 낮음)
2024.2Q,KR0099,KB라이프생명,data/disclosure/FY2024_Q2/raw/KR0099_케이비라이프생명보험.pdf,62,62,1.0,1.0,,,,0,,,,,,
2024.2Q,KR0100,처브라이프생명보험,data/disclosure/FY2024_Q2/raw/KR0100_처브라이프생명보험.pdf,71,71,1.0,1.0,,,,0,,,,,,
2024.2Q,KR0104,농협생명보험,data/disclosure/FY2024_Q2/raw/KR0104_농협생명보험.pdf,52,52,1.0,1.0,,,,0,,,,,,
2024.2Q,KR1000,코리안리재보험,data/disclosure/FY2024_Q2/raw/KR1000_코리안리.pdf,31,31,1.0,1.0,,,,0,,16,16,,,
2024.2Q,KR1010,교보라이프플래닛생명보험,data/disclosure/FY2024_Q2/raw/KR1010_교보라이프플래닛생명보험_amended.pdf,57,57,1.0,1.0,,,,0,,,,21,,
2024.2Q,KR1011,IBK연금보험,data/disclosure/FY2024_Q2/raw/KR1011_IBK연금보험.pdf,45,45,1.0,1.0,,,,0,,,,,,
2024.2Q,KR1059,캐롯손해보험,data/disclosure/FY2024_Q2/raw/KR1059_캐롯손해보험.pdf,57,57,1.0,1.0,,,,0,,"21,22",22,,,
2024.2Q,KR1098,카카오페이손해보험,data/disclosure/FY2024_Q2/raw/KR1098_카카오페이손해보험_amended2.pdf,45,3,0.067,0.067,,,,0,,,,,,본문 스캔(텍스트 비율 낮음)
2024.3Q,KR0001,메리츠화재해상보험,data/disclosure/FY2024_Q3/raw/KR0001_메리츠화재해상보험_amended_amended3.pdf,20,20,1.0,1.0,,,,0,,,,,,
2024.3Q,KR0002,한화손해보험,data/disclosure/FY2024_Q3/raw/KR0002_한화손해보험.pdf,240,238,0.992,0.99,,,,0,,,,,,
2024.3Q,KR0003,롯데손해보험,data/disclosure/FY2024_Q3/raw/KR0003_롯데손해보험_amended.pdf,22,22,1.0,1.0,,,,0,,,,,,
2024.3Q,KR0004,예별손해보험,data/disclosure/FY2024_Q3/raw/KR0004_예별손해보험.pdf,29,29,1.0,1.0,,,,0,,,,,,
2024.3Q,KR0005,흥국화재,data/disclosure/FY2024_Q3/raw/KR0005_흥국화재.pdf,136,135,0.993,0.99,,,,0,,,,,,
2024.3Q,KR0008,삼성화재해상보험,data/disclosure/FY2024_Q3/raw/KR0008_삼성화재해상보험_amended.pdf,23,23,1.0,1.0,,,,0,,,,,,
2024.3Q,KR0009,현대해상,data/disclosure/FY2024_Q3/raw/KR0009_현대해상_amended.pdf,24,24,1.0,1.0,,,,0,,,,,,
2024.3Q,KR0010,KB손해보험,data/disclosure/FY2024_Q3/raw/KR0010_KB손해보험_amended.pdf,23,1,0.043,0.043,,,,0,,,,,,본문 스캔(텍스트 비율 낮음)
2024.3Q,KR0011,DB손해보험,data/disclosure/FY2024_Q3/raw/KR0011_DB손해보험_amended2.pdf,21,21,1.0,1.0,,,,0,,,,,,
2024.3Q,KR0029,AIG손해보험,data/disclosure/FY2024_Q3/raw/KR0029_AIG손해보험.pdf,24,24,1.0,1.0,,,,0,,,,,,
2024.3Q,KR0032,NH농협손해보험,data/disclosure/FY2024_Q3/raw/KR0032_NH농협손해보험_amended.pdf,25,25,1.0,1.0,,,,0,,,,,,
2024.3Q,KR0049,악사손해보험,data/disclosure/FY2024_Q3/raw/KR0049_악사손해보험.pdf,19,15,0.789,0.789,,,,0,,,,,,
2024.3Q,KR0050,하나손해보험,data/disclosure/FY2024_Q3/raw/KR0050_하나손해보험_amended.pdf,25,25,1.0,1.0,,,,0,,,,,,
2024.3Q,KR0051,신한이지손해보험,data/disclosure/FY2024_Q3/raw/KR0051_신한이지손해보험.pdf,22,22,1.0,1.0,,,,0,,,,,,
2024.3Q,KR0068,한화생명,data/disclosure/FY2024_Q3/raw/KR0068_한화생명.pdf,38,38,1.0,1.0,,,,0,,,,,,
2024.3Q,KR0069,삼성생명보험,data/disclosure/FY2024_Q3/raw/KR0069_삼성생명.pdf,34,34,1.0,1.0,,,,0,,,,,,
2024.3Q,KR0070,에이비엘생명보험,data/disclosure/FY2024_Q3/raw/KR0070_에이비엘생명보험.pdf,30,30,1.0,1.0,,,,0,,,,,,
2024.3Q,KR0071,흥국생명보험,data/disclosure/FY2024_Q3/raw/KR0071_흥국생명보험.pdf,30,30,1.0,1.0,,,,0,,,,,,
2024.3Q,KR0072,케이디비생명보험,data/disclosure/FY2024_Q3/raw/KR0072_케이디비생명보험.pdf,32,32,1.0,1.0,,,,0,,,,,,
2024.3Q,KR0073,교보생명보험,data/disclosure/FY2024_Q3/raw/KR0073_교보생명보험.pdf,24,23,0.958,0.958,,,,0,,,,,,
2024.3Q,KR0074,라이나생명보험,data/disclosure/FY2024_Q3/raw/KR0074_라이나생명보험.pdf,84,83,0.988,0.988,,,,0,,,,,"10,12,13,15",
2024.3Q,KR0075,비엔피파리바카디프생명보험,data/disclosure/FY2024_Q3/raw/KR0075_비엔피파리바카디프생명보험_amended.pdf,32,32,1.0,1.0,,,,0,,,,,,
2024.3Q,KR0076,아이엠라이프생명보험,data/disclosure/FY2024_Q3/raw/KR0076_아이엠라이프생명보험.pdf,27,25,0.926,0.926,,,,0,,,,,,
2024.3Q,KR0079,미래에셋생명보험,data/disclosure/FY2024_Q3/raw/KR0079_미래에셋생명_amended.pdf,27,12,0.444,0.444,,,,0,,,,,,본문 스캔(텍스트 비율 낮음)
2024.3Q,KR0080,에이아이에이생명보험,data/disclosure/FY2024_Q3/raw/KR0080_에이아이에이생명보험.pdf,30,30,1.0,1.0,,,,0,,,,,,
2024.3Q,KR0082,DB생명보험,data/disclosure/FY2024_Q3/raw/KR0082_DB생명보험_amended.pdf,31,31,1.0,1.0,,,,0,,,,,,
2024.3Q,KR0083,푸본현대생명보험,data/disclosure/FY2024_Q3/raw/KR0083_푸본현대생명보험_amended.pdf,33,33,1.0,1.0,,,,0,,,,,,
2024.3Q,KR0087,동양생명,data/disclosure/FY2024_Q3/raw/KR0087_동양생명.pdf,26,26,1.0,1.0,,,,0,,,,,,
2024.3Q,KR0094,신한라이프생명보험,data/disclosure/FY2024_Q3/raw/KR0094_신한라이프생명보험.pdf,27,27,1.0,1.0,,,,0,,,,,,
2024.3Q,KR0095,메트라이프생명보험,data/disclosure/FY2024_Q3/raw/KR0095_메트라이프생명보험.pdf,28,28,1.0,1.0,,,,0,,,,,,
2024.3Q,KR0097,하나생명보험,data/disclosure/FY2024_Q3/raw/KR0097_하나생명보험_amended.pdf,28,26,0.929,0.929,,,,0,,,,,,
2024.3Q,KR0099,KB라이프생명,data/disclosure/FY2024_Q3/raw/KR0099_케이비라이프생명보험_amended.pdf,31,31,1.0,1.0,,,,0,,,,,,
2024.3Q,KR0100,처브라이프생명보험,data/disclosure/FY2024_Q3/raw/KR0100_처브라이프생명보험_amended.pdf,39,39,1.0,1.0,,,,0,,,,,,
2024.3Q,KR0104,농협생명보험,data/disclosure/FY2024_Q3/raw/KR0104_농협생명보험_amended.pdf,15,15,1.0,1.0,,,,0,,,,,,
2024.3Q,KR1000,코리안리재보험,data/disclosure/FY2024_Q3/raw/KR1000_코리안리.pdf,17,17,1.0,1.0,,,,0,,,,,,
2024.3Q,KR1010,교보라이프플래닛생명보험,data/disclosure/FY2024_Q3/raw/KR1010_교보라이프플래닛생명보험.pdf,30,30,1.0,1.0,,,,0,,,,20,,
2024.3Q,KR1011,IBK연금보험,data/disclosure/FY2024_Q3/raw/KR1011_IBK연금보험.pdf,26,26,1.0,1.0,,,,0,,,,,,
2024.3Q,KR1059,캐롯손해보험,data/disclosure/FY2024_Q3/raw/KR1059_캐롯손해보험.pdf,35,35,1.0,1.0,,,,0,,,,,,
2024.3Q,KR1098,카카오페이손해보험,data/disclosure/FY2024_Q3/raw/KR1098_카카오페이손해보험.pdf,19,0,0.0,0.0,,,,0,,,,,,본문 스캔(텍스트 비율 낮음)
2024.4Q,KR0001,메리츠화재해상보험,data/disclosure/FY2024_Q4/raw/KR0001_메리츠화재해상보험.pdf,119,119,1.0,1.0,32,32,33,5,"17,37,38,39,40",70,69,,32,
2024.4Q,KR0002,한화손해보험,data/disclosure/FY2024_Q4/raw/KR0002_한화손해보험.pdf,573,477,0.832,1.0,"32,304,493","32,304,493","32,302,491",9,"35,36,303,304,492,493",68,68,,"32,83",
2024.4Q,KR0003,롯데손해보험,data/disclosure/FY2024_Q4/raw/KR0003_롯데손해보험.pdf,135,123,0.911,0.91,35,35,35,6,"40,41,42,43,44,45,46",82,82,64,35,
2024.4Q,KR0004,예별손해보험,data/disclosure/FY2024_Q4/raw/KR0004_예별손해보험.pdf,98,98,1.0,1.0,28,28,29,3,"12,31,32",,60,,28,
2024.4Q,KR0005,흥국화재,data/disclosure/FY2024_Q4/raw/KR0005_흥국화재.pdf,96,4,0.042,0.042,,,,0,,,,,,본문 스캔(텍스트 비율 낮음)
2024.4Q,KR0008,삼성화재해상보험,data/disclosure/FY2024_Q4/raw/KR0008_삼성화재해상보험.pdf,131,131,1.0,1.0,40,40,41,3,"26,43,44",,78,,40,
2024.4Q,KR0009,현대해상,data/disclosure/FY2024_Q4/raw/KR0009_현대해상.pdf,133,133,1.0,1.0,35,35,35,7,"42,43,44,45,46,47","82,83",83,,35,
2024.4Q,KR0010,KB손해보험,data/disclosure/FY2024_Q4/raw/KR0010_KB손해보험.pdf,120,112,0.933,0.92,38,38,38,2,"39,40","71,72",72,,38,
2024.4Q,KR0011,DB손해보험,data/disclosure/FY2024_Q4/raw/KR0011_DB손해보험.pdf,114,114,1.0,1.0,29,29,30,2,"16,31",63,63,,29,
2024.4Q,KR0029,AIG손해보험,data/disclosure/FY2024_Q4/raw/KR0029_AIG손해보험.pdf,90,89,0.989,0.989,24,24,25,4,"28,29,30",51,51,,24,
2024.4Q,KR0032,NH농협손해보험,data/disclosure/FY2024_Q4/raw/KR0032_NH농협손해보험.pdf,109,109,1.0,1.0,27,27,27,4,"30,31,32,33",62,62,,27,
2024.4Q,KR0049,악사손해보험,data/disclosure/FY2024_Q4/raw/KR0049_악사손해보험.pdf,104,101,0.971,0.97,22,22,23,2,24,57,57,,22,
2024.4Q,KR0050,하나손해보험,data/disclosure/FY2024_Q4/raw/KR0050_하나손해보험.pdf,106,106,1.0,1.0,29,29,29,6,"35,36,37,38,39,40","71,72",71,,29,
2024.4Q,KR0051,신한이지손해보험,data/disclosure/FY2024_Q4/raw/KR0051_신한이지손해보험.pdf,73,71,0.973,0.973,21,21,21,1,22,44,44,,21,
2024.4Q,KR0068,한화생명,data/disclosure/FY2024_Q4/raw/KR0068_한화생명.pdf,740,739,0.999,0.99,"31,415,652","31,415,652","31,416,653",14,"37,38,39,40,41,42,43,420,421,423,424,657…",76,76,69,"31,69,257,258",
2024.4Q,KR0069,삼성생명보험,data/disclosure/FY2024_Q4/raw/KR0069_삼성생명.pdf,655,653,0.997,0.98,"35,313,544","35,313,544","36,314,545",6,"37,316,547",,,,"35,36,37,388,622",
2024.4Q,KR0070,에이비엘생명보험,data/disclosure/FY2024_Q4/raw/KR0070_에이비엘생명보험.pdf,598,597,0.998,1.0,"37,240,420","37,240,420","37,241,421",8,"40,41,42,43,242,422",,"191,370",,"37,71",
2024.4Q,KR0071,흥국생명보험,data/disclosure/FY2024_Q4/raw/KR0071_흥국생명보험.pdf,538,338,0.628,0.0,"214,385","214,385","214,386",5,"216,217,387,388",,,,"214,385",본문 스캔(텍스트 비율 낮음)
2024.4Q,KR0072,케이디비생명보험,data/disclosure/FY2024_Q4/raw/KR0072_케이디비생명보험.pdf,658,656,0.997,0.99,29,29,"30,247",7,"35,36,37,38,39,248","432,433",,379,"29,247,381,388,397,404,407,431,433,441,457",
2024.4Q,KR0073,교보생명보험,data/disclosure/FY2024_Q4/raw/KR0073_교보생명보험.pdf,586,509,0.869,0.99,"25,278,504","25,278,504","25,279,505",10,"29,30,31,32,280,281,506,507",,,,"25,278,504",
2024.4Q,KR0074,라이나생명보험,data/disclosure/FY2024_Q4/raw/KR0074_라이나생명보험.pdf,266,249,0.936,0.9,24,24,"25,215",6,"28,29,30",,,,24,
2024.4Q,KR0075,비엔피파리바카디프생명보험,data/disclosure/FY2024_Q4/raw/KR0075_비엔피파리바카디프생명보험.pdf,282,214,0.759,0.91,"25,273","25,273","25,274",9,"31,32,33,34,35,36,275",,,,"25,273",
2024.4Q,KR0076,아이엠라이프생명보험,data/disclosure/FY2024_Q4/raw/KR0076_아이엠라이프생명보험.pdf,328,262,0.799,0.97,"26,207","26,207","26,207,208",6,"29,30,31,32,209",,,,"3,26,245",
2024.4Q,KR0079,미래에셋생명보험,data/disclosure/FY2024_Q4/raw/KR0079_미래에셋생명.pdf,559,388,0.694,0.17,"315,502","315,502","316,503",6,"317,318,319,504,505,506",,"236,418",450,"33,315,502",본문 스캔(텍스트 비율 낮음)
2024.4Q,KR0080,에이아이에이생명보험,data/disclosure/FY2024_Q4/raw/KR0080_에이아이에이생명보험.pdf,475,347,0.731,0.36,,,,0,,,,,"174,333",본문 스캔(텍스트 비율 낮음)
2024.4Q,KR0082,DB생명보험,data/disclosure/FY2024_Q4/raw/KR0082_DB생명보험.pdf,555,554,0.998,0.99,"28,268,457","28,268,457","28,269,458",9,"31,32,33,270,271,460,461",,,,"28,268,457,552,553,554",
2024.4Q,KR0083,푸본현대생명보험,data/disclosure/FY2024_Q4/raw/KR0083_푸본현대생명보험.pdf,512,441,0.861,0.99,"28,253,416","28,253,416","28,254,417",8,"31,32,33,256,257,419,420",,,,"28,253,416",
2024.4Q,KR0087,동양생명,data/disclosure/FY2024_Q4/raw/KR0087_동양생명.pdf,642,641,0.998,0.99,"31,260,491","31,260,491","32,260,492",33,"46,47,48,49,50,51,52,53,54,55,56,57…",,,,"31,637,638,639",
2024.4Q,KR0094,신한라이프생명보험,data/disclosure/FY2024_Q4/raw/KR0094_신한라이프생명보험.pdf,667,667,1.0,1.0,"36,347,579","36,347,579","37,38,39,40,41,42",15,"43,44,45,46,47,48,348,349,350,580,581,582",,,430,"36,37,38,39,40,41,42,43,44,45,46,47…",
2024.4Q,KR0095,메트라이프생명보험,data/disclosure/FY2024_Q4/raw/KR0095_메트라이프생명보험.pdf,533,531,0.996,1.0,29,29,30,11,35,,,,29,
2024.4Q,KR0097,하나생명보험,data/disclosure/FY2024_Q4/raw/KR0097_하나생명보험.pdf,347,259,0.746,0.28,262,262,263,3,"30,116,265,266",,,213,"262,263,265,292,330",본문 스캔(텍스트 비율 낮음)
2024.4Q,KR0099,KB라이프생명,data/disclosure/FY2024_Q4/raw/KR0099_케이비라이프생명보험.pdf,538,537,0.998,1.0,34,34,34,5,"39,40,41,42,43",,,,"34,536,537,538",
2024.4Q,KR0100,처브라이프생명보험,data/disclosure/FY2024_Q4/raw/KR0100_처브라이프생명보험.pdf,283,222,0.784,0.99,29,29,29,4,"32,33,34",,,,"29,129,133",
2024.4Q,KR0104,농협생명보험,data/disclosure/FY2024_Q4/raw/KR0104_농협생명보험.pdf,384,383,0.997,1.0,"29,228","29,228","30,229",14,"40,41,42,43,44,45,46,47,48,49,231,232",,,,"29,378,379,380",
2024.4Q,KR0150,서울보증보험,data/disclosure/FY2024_Q4/raw/KR0150_서울보증보험.pdf,102,93,0.912,0.91,,,,0,,59,59,,33,
2024.4Q,KR1000,코리안리재보험,data/disclosure/FY2024_Q4/raw/KR1000_코리안리.pdf,49,49,1.0,1.0,"14,18","14,18","15,18",4,"17,18",34,34,,14,
2024.4Q,KR1010,교보라이프플래닛생명보험,data/disclosure/FY2024_Q4/raw/KR1010_교보라이프플래닛생명보험.pdf,192,192,1.0,1.0,27,27,28,7,"34,35,36,37,38,39",,,"61,187",27,
2024.4Q,KR1011,IBK연금보험,data/disclosure/FY2024_Q4/raw/KR1011_IBK연금보험.pdf,336,336,1.0,1.0,,21,21,1,"22,194,195",,,21,"21,334",
2024.4Q,KR1059,캐롯손해보험,data/disclosure/FY2024_Q4/raw/KR1059_캐롯손해보험.pdf,78,78,1.0,1.0,,,,0,,"5,44,45",44,,20,
2024.4Q,KR1098,카카오페이손해보험,data/disclosure/FY2024_Q4/raw/KR1098_카카오페이손해보험.pdf,61,1,0.016,0.016,,,,0,,,,,,본문 스캔(텍스트 비율 낮음)
2025.1Q,KR0001,메리츠화재해상보험,data/disclosure/FY2025_Q1/raw/KR0001_메리츠화재해상보험.pdf,24,24,1.0,1.0,,,,0,,,,,,
2025.1Q,KR0002,한화손해보험,data/disclosure/FY2025_Q1/raw/KR0002_한화손해보험.pdf,253,253,1.0,1.0,,,,0,,,,,,
2025.1Q,KR0003,롯데손해보험,data/disclosure/FY2025_Q1/raw/KR0003_롯데손해보험.pdf,29,29,1.0,1.0,,,,0,,,,14,,
2025.1Q,KR0004,예별손해보험,data/disclosure/FY2025_Q1/raw/KR0004_예별손해보험.pdf,32,32,1.0,1.0,,,,0,,,,,,
2025.1Q,KR0005,흥국화재,data/disclosure/FY2025_Q1/raw/KR0005_흥국화재.pdf,135,135,1.0,1.0,,,,0,,,,,,
2025.1Q,KR0008,삼성화재해상보험,data/disclosure/FY2025_Q1/raw/KR0008_삼성화재해상보험.pdf,25,25,1.0,1.0,,,,0,,,,,,
2025.1Q,KR0009,현대해상,data/disclosure/FY2025_Q1/raw/KR0009_현대해상.pdf,25,25,1.0,1.0,,,,0,,,,,,
2025.1Q,KR0010,KB손해보험,data/disclosure/FY2025_Q1/raw/KR0010_KB손해보험.pdf,26,2,0.077,0.077,,,,0,,,,,,본문 스캔(텍스트 비율 낮음)
2025.1Q,KR0011,DB손해보험,data/disclosure/FY2025_Q1/raw/KR0011_DB손해보험_amended2.pdf,24,24,1.0,1.0,,,,0,,,,,,
2025.1Q,KR0029,AIG손해보험,data/disclosure/FY2025_Q1/raw/KR0029_AIG손해보험.pdf,27,27,1.0,1.0,,,,0,,,,,,
2025.1Q,KR0032,NH농협손해보험,data/disclosure/FY2025_Q1/raw/KR0032_NH농협손해보험.pdf,26,26,1.0,1.0,,,,0,,,,,,
2025.1Q,KR0049,악사손해보험,data/disclosure/FY2025_Q1/raw/KR0049_악사손해보험.pdf,30,27,0.9,0.9,,,,0,,,,,,
2025.1Q,KR0050,하나손해보험,data/disclosure/FY2025_Q1/raw/KR0050_하나손해보험.pdf,29,29,1.0,1.0,,,,0,,,,,,
2025.1Q,KR0051,신한이지손해보험,data/disclosure/FY2025_Q1/raw/KR0051_신한이지손해보험.pdf,23,23,1.0,1.0,,,,0,,,,,,
2025.1Q,KR0068,한화생명,data/disclosure/FY2025_Q1/raw/KR0068_한화생명.pdf,35,35,1.0,1.0,,,,0,,,,,,
2025.1Q,KR0069,삼성생명보험,data/disclosure/FY2025_Q1/raw/KR0069_삼성생명.pdf,35,35,1.0,1.0,,,,0,,,,,,
2025.1Q,KR0070,에이비엘생명보험,data/disclosure/FY2025_Q1/raw/KR0070_에이비엘생명보험.pdf,34,34,1.0,1.0,,,,0,,,,,,
2025.1Q,KR0071,흥국생명보험,data/disclosure/FY2025_Q1/raw/KR0071_흥국생명보험.pdf,34,34,1.0,1.0,,,,0,,,,,,
2025.1Q,KR0072,케이디비생명보험,data/disclosure/FY2025_Q1/raw/KR0072_케이디비생명보험.pdf,33,33,1.0,1.0,,,,0,,,,,,
2025.1Q,KR0073,교보생명보험,data/disclosure/FY2025_Q1/raw/KR0073_교보생명보험.pdf,27,26,0.963,0.963,,,,0,,,,,,
2025.1Q,KR0074,라이나생명보험,data/disclosure/FY2025_Q1/raw/KR0074_라이나생명보험.pdf,92,90,0.978,0.978,,,,0,,,,,,
2025.1Q,KR0075,비엔피파리바카디프생명보험,data/disclosure/FY2025_Q1/raw/KR0075_비엔피파리바카디프생명보험.pdf,37,37,1.0,1.0,,,,0,,,,,,
2025.1Q,KR0076,아이엠라이프생명보험,data/disclosure/FY2025_Q1/raw/KR0076_아이엠라이프생명보험.pdf,28,26,0.929,0.929,,,,0,,,,,5,
2025.1Q,KR0079,미래에셋생명보험,data/disclosure/FY2025_Q1/raw/KR0079_미래에셋생명.pdf,31,16,0.516,0.516,,,,0,,,,,,본문 스캔(텍스트 비율 낮음)
2025.1Q,KR0080,에이아이에이생명보험,data/disclosure/FY2025_Q1/raw/KR0080_에이아이에이생명보험.pdf,32,5,0.156,0.156,,,,0,,,,,,본문 스캔(텍스트 비율 낮음)
2025.1Q,KR0082,DB생명보험,data/disclosure/FY2025_Q1/raw/KR0082_DB생명보험.pdf,33,33,1.0,1.0,,,,0,,,,,,
2025.1Q,KR0083,푸본현대생명보험,data/disclosure/FY2025_Q1/raw/KR0083_푸본현대생명보험.pdf,36,36,1.0,1.0,,,,0,,,,,,
2025.1Q,KR0087,동양생명,data/disclosure/FY2025_Q1/raw/KR0087_동양생명.pdf,32,32,1.0,1.0,,,,0,,,,,,
2025.1Q,KR0094,신한라이프생명보험,data/disclosure/FY2025_Q1/raw/KR0094_신한라이프생명보험.pdf,36,36,1.0,1.0,,,,0,,,,,,
2025.1Q,KR0095,메트라이프생명보험,data/disclosure/FY2025_Q1/raw/KR0095_메트라이프생명보험.pdf,31,31,1.0,1.0,,,,0,,,,,,
2025.1Q,KR0097,하나생명보험,data/disclosure/FY2025_Q1/raw/KR0097_하나생명보험.pdf,33,31,0.939,0.939,,,,0,6,,,,,
2025.1Q,KR0099,KB라이프생명,data/disclosure/FY2025_Q1/raw/KR0099_케이비라이프생명보험.pdf,36,36,1.0,1.0,,,,0,,,,,,
2025.1Q,KR0100,처브라이프생명보험,data/disclosure/FY2025_Q1/raw/KR0100_처브라이프생명보험.pdf,42,42,1.0,1.0,,,,0,,,,,,
2025.1Q,KR0104,농협생명보험,data/disclosure/FY2025_Q1/raw/KR0104_농협생명보험.pdf,32,32,1.0,1.0,,,,0,,,,,,
2025.1Q,KR0150,서울보증보험,data/disclosure/FY2025_Q1/raw/KR0150_서울보증보험.pdf,24,24,1.0,1.0,,,,0,,,,,,
2025.1Q,KR1000,코리안리재보험,data/disclosure/FY2025_Q1/raw/KR1000_코리안리.pdf,20,20,1.0,1.0,,,,0,,,,,,
2025.1Q,KR1010,교보라이프플래닛생명보험,data/disclosure/FY2025_Q1/raw/KR1010_교보라이프플래닛생명보험.pdf,34,34,1.0,1.0,,,,0,,,,24,,
2025.1Q,KR1011,IBK연금보험,data/disclosure/FY2025_Q1/raw/KR1011_IBK연금보험.pdf,29,29,1.0,1.0,,,,0,,,,,,
2025.1Q,KR1059,캐롯손해보험,data/disclosure/FY2025_Q1/raw/KR1059_캐롯손해보험.pdf,39,39,1.0,1.0,,,,0,,13,,,,
2025.1Q,KR1098,카카오페이손해보험,data/disclosure/FY2025_Q1/raw/KR1098_카카오페이손해보험.pdf,23,23,1.0,1.0,,,,0,,,,,,
2025.2Q,KR0001,메리츠화재해상보험,data/disclosure/FY2025_Q2/raw/KR0001_메리츠화재해상보험_amended2.pdf,65,65,1.0,1.0,,,,0,,29,28,,,
2025.2Q,KR0002,한화손해보험,data/disclosure/FY2025_Q2/raw/KR0002_한화손해보험.pdf,303,302,0.997,1.0,,,,0,,31,31,,45,
2025.2Q,KR0003,롯데손해보험,data/disclosure/FY2025_Q2/raw/KR0003_롯데손해보험.pdf,77,77,1.0,1.0,,,,0,,36,36,15,,
2025.2Q,KR0004,예별손해보험,data/disclosure/FY2025_Q2/raw/KR0004_예별손해보험.pdf,69,69,1.0,1.0,,,,0,,,30,,,
2025.2Q,KR0005,흥국화재,data/disclosure/FY2025_Q2/raw/KR0005_흥국화재.pdf,187,185,0.989,0.98,,,,0,,"31,32",32,,,
2025.2Q,KR0008,삼성화재해상보험,data/disclosure/FY2025_Q2/raw/KR0008_삼성화재해상보험.pdf,68,68,1.0,1.0,,,,0,,30,30,,,
2025.2Q,KR0009,현대해상,data/disclosure/FY2025_Q2/raw/KR0009_현대해상_amended.pdf,68,68,1.0,1.0,,,,0,,"29,30",30,,,
2025.2Q,KR0010,KB손해보험,data/disclosure/FY2025_Q2/raw/KR0010_KB손해보험.pdf,64,61,0.953,0.953,,,,0,,"29,30",30,,,
2025.2Q,KR0011,DB손해보험,data/disclosure/FY2025_Q2/raw/KR0011_DB손해보험.pdf,68,68,1.0,1.0,,,,0,,29,29,,,
2025.2Q,KR0029,AIG손해보험,data/disclosure/FY2025_Q2/raw/KR0029_AIG손해보험.pdf,56,56,1.0,1.0,,,,0,,25,25,,,
2025.2Q,KR0032,NH농협손해보험,data/disclosure/FY2025_Q2/raw/KR0032_NH농협손해보험.pdf,65,65,1.0,1.0,,,,0,,30,30,,,
2025.2Q,KR0049,악사손해보험,data/disclosure/FY2025_Q2/raw/KR0049_악사손해보험.pdf,76,76,1.0,1.0,,,,0,,32,32,,,
2025.2Q,KR0050,하나손해보험,data/disclosure/FY2025_Q2/raw/KR0050_하나손해보험.pdf,60,60,1.0,1.0,,,,0,,"31,32",31,,,
2025.2Q,KR0051,신한이지손해보험,data/disclosure/FY2025_Q2/raw/KR0051_신한이지손해보험.pdf,48,48,1.0,1.0,,,,0,,23,23,,,
2025.2Q,KR0068,한화생명,data/disclosure/FY2025_Q2/raw/KR0068_한화생명.pdf,71,71,1.0,1.0,,,,0,,29,29,22,22,
2025.2Q,KR0069,삼성생명보험,data/disclosure/FY2025_Q2/raw/KR0069_삼성생명.pdf,68,68,1.0,1.0,,,,0,,,,,,
2025.2Q,KR0070,에이비엘생명보험,data/disclosure/FY2025_Q2/raw/KR0070_에이비엘생명보험.pdf,66,66,1.0,1.0,,,,0,,,,,30,
2025.2Q,KR0071,흥국생명보험,data/disclosure/FY2025_Q2/raw/KR0071_흥국생명보험.pdf,69,69,1.0,1.0,,,,0,,,,,,
2025.2Q,KR0072,케이디비생명보험,data/disclosure/FY2025_Q2/raw/KR0072_케이디비생명보험.pdf,64,64,1.0,1.0,,,,0,,,,,,
2025.2Q,KR0073,교보생명보험,data/disclosure/FY2025_Q2/raw/KR0073_교보생명보험.pdf,46,45,0.978,0.978,,,,0,,,,,,
2025.2Q,KR0074,라이나생명보험,data/disclosure/FY2025_Q2/raw/KR0074_라이나생명보험.pdf,118,117,0.992,0.99,,,,0,,,,,,
2025.2Q,KR0075,비엔피파리바카디프생명보험,data/disclosure/FY2025_Q2/raw/KR0075_비엔피파리바카디프생명보험.pdf,65,65,1.0,1.0,,,,0,,,,,,
2025.2Q,KR0076,아이엠라이프생명보험,data/disclosure/FY2025_Q2/raw/KR0076_아이엠라이프생명보험.pdf,58,58,1.0,1.0,,,,0,,,,,,
2025.2Q,KR0079,미래에셋생명보험,data/disclosure/FY2025_Q2/raw/KR0079_미래에셋생명.pdf,65,31,0.477,0.477,,,,0,,,,,,본문 스캔(텍스트 비율 낮음)
2025.2Q,KR0080,에이아이에이생명보험,data/disclosure/FY2025_Q2/raw/KR0080_에이아이에이생명보험.pdf,52,18,0.346,0.346,,,,0,,,,,,본문 스캔(텍스트 비율 낮음)
2025.2Q,KR0082,DB생명보험,data/disclosure/FY2025_Q2/raw/KR0082_DB생명보험.pdf,62,62,1.0,1.0,,,,0,,,,,,
2025.2Q,KR0083,푸본현대생명보험,data/disclosure/FY2025_Q2/raw/KR0083_푸본현대생명보험.pdf,69,68,0.986,0.986,,,,0,,,,,,
2025.2Q,KR0087,동양생명,data/disclosure/FY2025_Q2/raw/KR0087_동양생명.pdf,47,47,1.0,1.0,,,,0,,,,,,
2025.2Q,KR0094,신한라이프생명보험,data/disclosure/FY2025_Q2/raw/KR0094_신한라이프생명보험.pdf,62,62,1.0,1.0,,,,0,,,,,,
2025.2Q,KR0095,메트라이프생명보험,data/disclosure/FY2025_Q2/raw/KR0095_메트라이프생명보험.pdf,62,62,1.0,1.0,,,,0,,,,,,
2025.2Q,KR0097,하나생명보험,data/disclosure/FY2025_Q2/raw/KR0097_하나생명보험.pdf,63,59,0.937,0.937,,,,0,7,,,,,
2025.2Q,KR0099,KB라이프생명,data/disclosure/FY2025_Q2/raw/KR0099_케이비라이프생명보험.pdf,70,70,1.0,1.0,,,,0,,,,,,
2025.2Q,KR0100,처브라이프생명보험,data/disclosure/FY2025_Q2/raw/KR0100_처브라이프생명보험.pdf,70,70,1.0,1.0,,,,0,,,,,,
2025.2Q,KR0104,농협생명보험,data/disclosure/FY2025_Q2/raw/KR0104_농협생명보험.pdf,60,60,1.0,1.0,,,,0,,,,,,
2025.2Q,KR1000,코리안리재보험,data/disclosure/FY2025_Q2/raw/KR1000_코리안리.pdf,35,35,1.0,1.0,,,,0,,18,18,,,
2025.2Q,KR1010,교보라이프플래닛생명보험,data/disclosure/FY2025_Q2/raw/KR1010_교보라이프플래닛생명보험.pdf,66,64,0.97,0.97,,,,0,,,,25,,
2025.2Q,KR1011,IBK연금보험,data/disclosure/FY2025_Q2/raw/KR1011_IBK연금보험.pdf,48,48,1.0,1.0,,,,0,,,,,,
2025.2Q,KR1098,카카오페이손해보험,data/disclosure/FY2025_Q2/raw/KR1098_카카오페이손해보험.pdf,50,50,1.0,1.0,,,,0,,25,25,,,
2025.3Q,KR0001,메리츠화재해상보험,data/disclosure/FY2025_Q3/raw/KR0001_메리츠화재해상보험_amended3.pdf,23,23,1.0,1.0,,,,0,,,,,,
2025.3Q,KR0002,한화손해보험,data/disclosure/FY2025_Q3/raw/KR0002_한화손해보험.pdf,263,263,1.0,1.0,,,,0,,,,,,
2025.3Q,KR0003,롯데손해보험,data/disclosure/FY2025_Q3/raw/KR0003_롯데손해보험.pdf,31,31,1.0,1.0,,,,0,,,,14,,
2025.3Q,KR0004,예별손해보험,data/disclosure/FY2025_Q3/raw/KR0004_예별손해보험.pdf,27,27,1.0,1.0,,,,0,,,,,,
2025.3Q,KR0005,흥국화재,data/disclosure/FY2025_Q3/raw/KR0005_흥국화재.pdf,136,136,1.0,1.0,,,,0,,,,,,
2025.3Q,KR0008,삼성화재해상보험,data/disclosure/FY2025_Q3/raw/KR0008_삼성화재해상보험.pdf,25,25,1.0,1.0,,,,0,,,,,,
2025.3Q,KR0009,현대해상,data/disclosure/FY2025_Q3/raw/KR0009_현대해상.pdf,25,25,1.0,1.0,,,,0,,,,,,
2025.3Q,KR0010,KB손해보험,data/disclosure/FY2025_Q3/raw/KR0010_KB손해보험.pdf,26,1,0.038,0.038,,,,0,,,,,,본문 스캔(텍스트 비율 낮음)
2025.3Q,KR0011,DB손해보험,data/disclosure/FY2025_Q3/raw/KR0011_DB손해보험_amended2.pdf,25,25,1.0,1.0,,,,0,,,,,,
2025.3Q,KR0029,AIG손해보험,data/disclosure/FY2025_Q3/raw/KR0029_AIG손해보험.pdf,27,27,1.0,1.0,,,,0,,,,,,
2025.3Q,KR0032,NH농협손해보험,data/disclosure/FY2025_Q3/raw/KR0032_NH농협손해보험.pdf,30,30,1.0,1.0,,,,0,,,,,,
2025.3Q,KR0049,악사손해보험,data/disclosure/FY2025_Q3/raw/KR0049_악사손해보험.pdf,29,29,1.0,1.0,,,,0,,,,,,
2025.3Q,KR0050,하나손해보험,data/disclosure/FY2025_Q3/raw/KR0050_하나손해보험.pdf,29,29,1.0,1.0,,,,0,,,,,,
2025.3Q,KR0051,신한이지손해보험,data/disclosure/FY2025_Q3/raw/KR0051_신한이지손해보험.pdf,22,22,1.0,1.0,,,,0,,,,,,
2025.3Q,KR0068,한화생명,data/disclosure/FY2025_Q3/raw/KR0068_한화생명.pdf,38,38,1.0,1.0,,,,0,,,,,,
2025.3Q,KR0069,삼성생명보험,data/disclosure/FY2025_Q3/raw/KR0069_삼성생명.pdf,35,35,1.0,1.0,,,,0,,,,,,
2025.3Q,KR0070,에이비엘생명보험,data/disclosure/FY2025_Q3/raw/KR0070_에이비엘생명보험.pdf,35,35,1.0,1.0,,,,0,,,,,,
2025.3Q,KR0071,흥국생명보험,data/disclosure/FY2025_Q3/raw/KR0071_흥국생명보험.pdf,35,35,1.0,1.0,,,,0,,,,,,
2025.3Q,KR0072,케이디비생명보험,data/disclosure/FY2025_Q3/raw/KR0072_케이디비생명보험.pdf,34,34,1.0,1.0,,,,0,,,,,,
2025.3Q,KR0073,교보생명보험,data/disclosure/FY2025_Q3/raw/KR0073_교보생명보험.pdf,26,25,0.962,0.962,,,,0,,,,,,
2025.3Q,KR0074,라이나생명보험,data/disclosure/FY2025_Q3/raw/KR0074_라이나생명보험.pdf,165,161,0.976,0.96,,,,0,,,,,,
2025.3Q,KR0075,비엔피파리바카디프생명보험,data/disclosure/FY2025_Q3/raw/KR0075_비엔피파리바카디프생명보험.pdf,38,38,1.0,1.0,,,,0,,,,,,
2025.3Q,KR0076,아이엠라이프생명보험,data/disclosure/FY2025_Q3/raw/KR0076_아이엠라이프생명보험.pdf,26,26,1.0,1.0,,,,0,,,,,,
2025.3Q,KR0079,미래에셋생명보험,data/disclosure/FY2025_Q3/raw/KR0079_미래에셋생명.pdf,35,14,0.4,0.4,,,,0,,,,,,본문 스캔(텍스트 비율 낮음)
2025.3Q,KR0080,에이아이에이생명보험,data/disclosure/FY2025_Q3/raw/KR0080_에이아이에이생명보험.pdf,33,14,0.424,0.424,,,,0,,,,,,본문 스캔(텍스트 비율 낮음)
2025.3Q,KR0082,DB생명보험,data/disclosure/FY2025_Q3/raw/KR0082_DB생명보험.pdf,31,31,1.0,1.0,,,,0,,,,,,
2025.3Q,KR0083,푸본현대생명보험,data/disclosure/FY2025_Q3/raw/KR0083_푸본현대생명보험.pdf,37,37,1.0,1.0,,,,0,,,,,,
2025.3Q,KR0087,동양생명,data/disclosure/FY2025_Q3/raw/KR0087_동양생명.pdf,29,29,1.0,1.0,,,,0,,,,,,
2025.3Q,KR0094,신한라이프생명보험,data/disclosure/FY2025_Q3/raw/KR0094_신한라이프생명보험.pdf,37,37,1.0,1.0,,,,0,,,,,,
2025.3Q,KR0095,메트라이프생명보험,data/disclosure/FY2025_Q3/raw/KR0095_메트라이프생명보험.pdf,31,31,1.0,1.0,,,,0,,,,,,
2025.3Q,KR0097,하나생명보험,data/disclosure/FY2025_Q3/raw/KR0097_하나생명보험.pdf,38,34,0.895,0.895,,,,0,6,,,,,
2025.3Q,KR0099,KB라이프생명,data/disclosure/FY2025_Q3/raw/KR0099_케이비라이프생명보험.pdf,37,37,1.0,1.0,,,,0,,,,,,
2025.3Q,KR0100,처브라이프생명보험,data/disclosure/FY2025_Q3/raw/KR0100_처브라이프생명보험.pdf,42,42,1.0,1.0,,,,0,,,,,,
2025.3Q,KR0104,농협생명보험,data/disclosure/FY2025_Q3/raw/KR0104_농협생명보험.pdf,31,31,1.0,1.0,,,,0,,,,,,
2025.3Q,KR1000,코리안리재보험,data/disclosure/FY2025_Q3/raw/KR1000_코리안리.pdf,20,20,1.0,1.0,,,,0,,,,,,
2025.3Q,KR1010,교보라이프플래닛생명보험,data/disclosure/FY2025_Q3/raw/KR1010_교보라이프플래닛생명보험.pdf,35,35,1.0,1.0,,,,0,,,,24,,
2025.3Q,KR1011,IBK연금보험,data/disclosure/FY2025_Q3/raw/KR1011_IBK연금보험.pdf,27,27,1.0,1.0,,,,0,,,,,,
2025.3Q,KR1098,카카오페이손해보험,data/disclosure/FY2025_Q3/raw/KR1098_카카오페이손해보험.pdf,21,21,1.0,1.0,,,,0,,,,,,
2025.4Q,KR0001,메리츠화재해상보험,data/disclosure/FY2025_Q4/raw/KR0001_메리츠화재해상보험.pdf,130,130,1.0,1.0,34,34,35,9,"17,43,44,45,46,47,48,49,50",81,80,,34,
2025.4Q,KR0002,한화손해보험,data/disclosure/FY2025_Q4/raw/KR0002_한화손해보험.pdf,113,113,1.0,1.0,32,32,32,3,"35,36",69,69,,"32,84",
2025.4Q,KR0003,롯데손해보험,data/disclosure/FY2025_Q4/raw/KR0003_롯데손해보험.pdf,167,161,0.964,0.95,45,45,45,8,"53,54,55,56,57,58,59,60,61",104,104,,45,
2025.4Q,KR0004,예별손해보험,data/disclosure/FY2025_Q4/raw/KR0004_예별손해보험.pdf,91,91,1.0,1.0,23,23,24,3,"11,26,27",,55,,23,
2025.4Q,KR0005,흥국화재,data/disclosure/FY2025_Q4/raw/KR0005_흥국화재.pdf,387,316,0.817,0.99,"26,240","26,240","26,241",8,"31,32,33,34,35,243,244","64,65",64,,"26,56,143,155,240",
2025.4Q,KR0008,삼성화재해상보험,data/disclosure/FY2025_Q4/raw/KR0008_삼성화재해상보험.pdf,139,139,1.0,1.0,42,42,43,5,"26,47,48,49,50",86,86,,42,
2025.4Q,KR0009,현대해상,data/disclosure/FY2025_Q4/raw/KR0009_현대해상.pdf,135,135,1.0,1.0,38,38,38,6,"44,45,46,47,48,49","83,84",84,,38,
2025.4Q,KR0010,KB손해보험,data/disclosure/FY2025_Q4/raw/KR0010_KB손해보험.pdf,136,33,0.243,0.31,,,,0,,,,,,본문 스캔(텍스트 비율 낮음)
2025.4Q,KR0011,DB손해보험,data/disclosure/FY2025_Q4/raw/KR0011_DB손해보험.pdf,120,120,1.0,1.0,33,33,33,3,"16,35,36,37",69,69,,33,
2025.4Q,KR0029,AIG손해보험,data/disclosure/FY2025_Q4/raw/KR0029_AIG손해보험.pdf,103,103,1.0,1.0,27,27,28,7,"34,35,36,37,38,39",64,64,,27,
2025.4Q,KR0032,NH농협손해보험,data/disclosure/FY2025_Q4/raw/KR0032_NH농협손해보험.pdf,111,111,1.0,1.0,29,29,29,3,"32,33,34",64,64,,29,
2025.4Q,KR0049,악사손해보험,data/disclosure/FY2025_Q4/raw/KR0049_악사손해보험.pdf,115,115,1.0,1.0,27,27,28,3,"30,31",68,68,,27,
2025.4Q,KR0050,하나손해보험,data/disclosure/FY2025_Q4/raw/KR0050_하나손해보험.pdf,109,109,1.0,1.0,30,30,30,6,"36,37,38,39,40,41","74,75",74,,30,
2025.4Q,KR0051,신한이지손해보험,data/disclosure/FY2025_Q4/raw/KR0051_신한이지손해보험.pdf,79,78,0.987,0.987,21,21,21,1,22,45,45,,21,
2025.4Q,KR0068,한화생명,data/disclosure/FY2025_Q4/raw/KR0068_한화생명.pdf,797,796,0.999,0.99,"31,454,716,717","31,454,716,717","31,455,718",12,"35,36,37,460,461,462,463,721,722",70,70,64,"31,59,64,263,264",
2025.4Q,KR0069,삼성생명보험,data/disclosure/FY2025_Q4/raw/KR0069_삼성생명.pdf,733,731,0.997,0.98,"36,344,611","36,344,611","37,38,345,348,612,615",11,"39,40,347,350,614,617",,,"244,506","36,37,38,39,40,427,692",
2025.4Q,KR0070,에이비엘생명보험,data/disclosure/FY2025_Q4/raw/KR0070_에이비엘생명보험.pdf,625,625,1.0,1.0,"32,251,450","32,251,450","32,252,451",10,"36,254,255,453,454",,"187,385","133,332","32,67",
2025.4Q,KR0071,흥국생명보험,data/disclosure/FY2025_Q4/raw/KR0071_흥국생명보험.pdf,602,519,0.862,1.0,"29,236,438","29,236,438","29,237,439",16,"34,35,36,37,38,241,242,243,244,443,444,445…",,,"311,510","29,236,438",
2025.4Q,KR0072,케이디비생명보험,data/disclosure/FY2025_Q4/raw/KR0072_케이디비생명보험.pdf,519,515,0.992,0.99,"30,274","30,274","31,275",14,"41,42,43,44,45,46,47,48,49,50,277,278",420,,404,"30,63,275,406,407,410,411,413,414,415,417,418…",
2025.4Q,KR0073,교보생명보험,data/disclosure/FY2025_Q4/raw/KR0073_교보생명보험.pdf,638,633,0.992,0.99,"27,305,553","27,305,553","27,306,553",12,"34,35,36,37,38,39,40,307,308,555,556",,,"147,376","27,305,553,633,634",
2025.4Q,KR0074,라이나생명보험,data/disclosure/FY2025_Q4/raw/KR0074_라이나생명보험.pdf,424,357,0.842,0.5,24,24,"24,237,366",15,"31,32,33,34,35,36",,,,24,본문 스캔(텍스트 비율 낮음)
2025.4Q,KR0075,비엔피파리바카디프생명보험,data/disclosure/FY2025_Q4/raw/KR0075_비엔피파리바카디프생명보험.pdf,290,281,0.969,0.95,25,25,25,6,"31,32,33,34,35,36",,,,"25,288,289",
2025.4Q,KR0076,아이엠라이프생명보험,data/disclosure/FY2025_Q4/raw/KR0076_아이엠라이프생명보험.pdf,354,293,0.828,0.99,"28,227","28,227","29,227,228",10,"35,36,37,38,39,40,230,231",,,160,"28,275",
2025.4Q,KR0079,미래에셋생명보험,data/disclosure/FY2025_Q4/raw/KR0079_미래에셋생명.pdf,564,389,0.69,0.15,"320,514","320,514","321,515",6,"322,323,324,517,518",,"233,424","222,412,456","31,320,514",본문 스캔(텍스트 비율 낮음)
2025.4Q,KR0080,에이아이에이생명보험,data/disclosure/FY2025_Q4/raw/KR0080_에이아이에이생명보험.pdf,493,367,0.744,0.4,,,,0,,,,,"177,344",본문 스캔(텍스트 비율 낮음)
2025.4Q,KR0082,DB생명보험,data/disclosure/FY2025_Q4/raw/KR0082_DB생명보험.pdf,600,599,0.998,0.99,"28,292,501","28,292,501","28,293,502",12,"33,34,35,36,37,38,294,295,504,505",,,,"28,292,501,597,598",
2025.4Q,KR0083,푸본현대생명보험,data/disclosure/FY2025_Q4/raw/KR0083_푸본현대생명보험.pdf,545,542,0.994,0.97,"29,271,450","29,271,450","29,272,451",10,"35,36,37,38,39,40,274,275,453,454",,,"298,478,545","29,271,450",
2025.4Q,KR0087,동양생명,data/disclosure/FY2025_Q4/raw/KR0087_동양생명.pdf,677,603,0.891,1.0,"33,274,509","33,274,509","34,275,510",13,"40,41,42,43,279,280,281,282,514,515,516,517",,,"360,598",33,
2025.4Q,KR0094,신한라이프생명보험,data/disclosure/FY2025_Q4/raw/KR0094_신한라이프생명보험.pdf,697,697,1.0,1.0,"34,342,595","34,342,595","35,36,37,38,39,40",15,"41,42,43,44,45,46,343,344,345,346,596,597…",,,"435,436,683","34,35,36,37,38,39,40,41,42,43,44,45…",
2025.4Q,KR0095,메트라이프생명보험,data/disclosure/FY2025_Q4/raw/KR0095_메트라이프생명보험.pdf,604,603,0.998,1.0,31,31,32,9,"40,41,42,43,44,45,46,47",,,,31,
2025.4Q,KR0097,하나생명보험,data/disclosure/FY2025_Q4/raw/KR0097_하나생명보험.pdf,550,536,0.975,0.99,"27,289,455","27,289,455","27,290,456",12,"33,34,35,36,37,38,292,293,458,459",,,,"27,289,290,292,455,456,458,493,532",
2025.4Q,KR0099,KB라이프생명,data/disclosure/FY2025_Q4/raw/KR0099_케이비라이프생명보험.pdf,606,541,0.893,1.0,"34,248,460","34,248,460","34,249,461",16,"44,45,46,47,48,49,50,51,52,53,251,252…",,,,"34,248,460",
2025.4Q,KR0100,처브라이프생명보험,data/disclosure/FY2025_Q4/raw/KR0100_처브라이프생명보험.pdf,298,239,0.802,0.54,"28,265","28,265","28,266",9,"34,35,36,37,38,39,268,269",,,,"28,193,197",본문 스캔(텍스트 비율 낮음)
2025.4Q,KR0104,농협생명보험,data/disclosure/FY2025_Q4/raw/KR0104_농협생명보험.pdf,128,127,0.992,1.0,30,30,31,11,"41,42,43,44,45,46,47,48,49,50",,,,30,
2025.4Q,KR0150,서울보증보험,data/disclosure/FY2025_Q4/raw/KR0150_서울보증보험.pdf,104,95,0.913,0.91,,,,0,,63,63,,37,
2025.4Q,KR1000,코리안리재보험,data/disclosure/FY2025_Q4/raw/KR1000_코리안리.pdf,57,57,1.0,1.0,"16,21","16,21","17,21",5,"19,20,22,23",40,40,,16,
2025.4Q,KR1010,교보라이프플래닛생명보험,data/disclosure/FY2025_Q4/raw/KR1010_교보라이프플래닛생명보험.pdf,185,185,1.0,1.0,27,27,28,7,"34,37,38,39",,,"61,179",27,
2025.4Q,KR1011,IBK연금보험,data/disclosure/FY2025_Q4/raw/KR1011_IBK연금보험.pdf,315,248,0.787,1.0,,23,23,1,"24,203,204",,,23,23,
2025.4Q,KR1098,카카오페이손해보험,data/disclosure/FY2025_Q4/raw/KR1098_카카오페이손해보험.pdf,63,63,1.0,1.0,19,19,20,2,21,40,40,,19,
2026.1Q,KR0001,메리츠화재해상보험,data/disclosure/FY2026_Q1/raw/KR0001_메리츠화재해상보험.pdf,25,25,1.0,1.0,,,,0,,,,,,
2026.1Q,KR0002,한화손해보험,data/disclosure/FY2026_Q1/raw/KR0002_한화손해보험.pdf,279,279,1.0,1.0,,,,0,,,,,,
2026.1Q,KR0003,롯데손해보험,data/disclosure/FY2026_Q1/raw/KR0003_롯데손해보험.pdf,33,33,1.0,1.0,,,,0,,,,,,
2026.1Q,KR0004,예별손해보험,data/disclosure/FY2026_Q1/raw/KR0004_예별손해보험.pdf,28,28,1.0,1.0,,,,0,,,,,,
2026.1Q,KR0005,흥국화재,data/disclosure/FY2026_Q1/raw/KR0005_흥국화재.pdf,144,144,1.0,1.0,,,,0,,,,,,
2026.1Q,KR0008,삼성화재해상보험,data/disclosure/FY2026_Q1/raw/KR0008_삼성화재해상보험.pdf,24,24,1.0,1.0,,,,0,,,,,,
2026.1Q,KR0009,현대해상,data/disclosure/FY2026_Q1/raw/KR0009_현대해상.pdf,27,27,1.0,1.0,,,,0,,,,,,
2026.1Q,KR0010,KB손해보험,data/disclosure/FY2026_Q1/raw/KR0010_KB손해보험.pdf,27,3,0.111,0.111,,,,0,,,,,,본문 스캔(텍스트 비율 낮음)
2026.1Q,KR0011,DB손해보험,data/disclosure/FY2026_Q1/raw/KR0011_DB손해보험.pdf,25,25,1.0,1.0,,,,0,,,,,,
2026.1Q,KR0029,AIG손해보험,data/disclosure/FY2026_Q1/raw/KR0029_AIG손해보험.pdf,28,28,1.0,1.0,,,,0,,,,,,
2026.1Q,KR0032,NH농협손해보험,data/disclosure/FY2026_Q1/raw/KR0032_NH농협손해보험.pdf,30,30,1.0,1.0,,,,0,,,,,,
2026.1Q,KR0049,악사손해보험,data/disclosure/FY2026_Q1/raw/KR0049_악사손해보험.pdf,30,27,0.9,0.9,,,,0,,,,,,
2026.1Q,KR0050,하나손해보험,data/disclosure/FY2026_Q1/raw/KR0050_하나손해보험.pdf,29,29,1.0,1.0,,,,0,,,,,,
2026.1Q,KR0051,신한이지손해보험,data/disclosure/FY2026_Q1/raw/KR0051_신한이지손해보험.pdf,22,22,1.0,1.0,,,,0,,,,,,
2026.1Q,KR0068,한화생명,data/disclosure/FY2026_Q1/raw/(한화생명) 2026년 1분기 경영공시_vf.pdf,37,37,1.0,1.0,,,,0,,,,,,
2026.1Q,KR0069,삼성생명보험,data/disclosure/FY2026_Q1/raw/KR0069_삼성생명보험.pdf,36,36,1.0,1.0,,,,0,,,,,,
2026.1Q,KR0070,에이비엘생명보험,data/disclosure/FY2026_Q1/raw/KR0070_에이비엘생명보험.pdf,35,35,1.0,1.0,,,,0,,,,,,
2026.1Q,KR0071,흥국생명보험,data/disclosure/FY2026_Q1/raw/KR0071_흥국생명보험.pdf,34,34,1.0,1.0,,,,0,,,,,,
2026.1Q,KR0072,케이디비생명보험,data/disclosure/FY2026_Q1/raw/KR0072_케이디비생명보험.pdf,36,36,1.0,1.0,,,,0,,,,,,
2026.1Q,KR0073,교보생명보험,data/disclosure/FY2026_Q1/raw/KR0073_교보생명보험.pdf,26,25,0.962,0.962,,,,0,,,,,,
2026.1Q,KR0074,라이나생명보험,data/disclosure/FY2026_Q1/raw/KR0074_라이나생명보험.pdf,174,170,0.977,0.96,,,,0,,,,,,
2026.1Q,KR0075,비엔피파리바카디프생명보험,data/disclosure/FY2026_Q1/raw/KR0075_비엔피파리바카디프생명보험.pdf,38,36,0.947,0.947,,,,0,,,,,,
2026.1Q,KR0076,아이엠라이프생명보험,data/disclosure/FY2026_Q1/raw/KR0076_아이엠라이프생명보험.pdf,27,27,1.0,1.0,,,,0,,,,,,
2026.1Q,KR0079,미래에셋생명보험,data/disclosure/FY2026_Q1/raw/KR0079_미래에셋생명.pdf,32,11,0.344,0.344,,,,0,,,,,,본문 스캔(텍스트 비율 낮음)
2026.1Q,KR0080,에이아이에이생명보험,data/disclosure/FY2026_Q1/raw/KR0080_에이아이에이생명보험.pdf,36,14,0.389,0.389,,,,0,,,,,,본문 스캔(텍스트 비율 낮음)
2026.1Q,KR0082,DB생명보험,data/disclosure/FY2026_Q1/raw/KR0082_DB생명보험.pdf,33,33,1.0,1.0,,,,0,,,,,,
2026.1Q,KR0083,푸본현대생명보험,data/disclosure/FY2026_Q1/raw/KR0083_푸본현대생명보험.pdf,39,38,0.974,0.974,,,,0,,,,,,
2026.1Q,KR0087,동양생명,data/disclosure/FY2026_Q1/raw/KR0087_동양생명.pdf,32,0,0.0,0.0,,,,0,,,,,,본문 스캔(텍스트 비율 낮음)
2026.1Q,KR0094,신한라이프생명보험,data/disclosure/FY2026_Q1/raw/KR0094_신한라이프생명보험.pdf,36,36,1.0,1.0,,,,0,,,,,,
2026.1Q,KR0095,메트라이프생명보험,data/disclosure/FY2026_Q1/raw/KR0095_메트라이프생명보험.pdf,31,31,1.0,1.0,,,,0,,,,,,
2026.1Q,KR0097,하나생명보험,data/disclosure/FY2026_Q1/raw/KR0097_하나생명보험.pdf,18,18,1.0,1.0,,,,0,,,,,,
2026.1Q,KR0099,KB라이프생명,data/disclosure/FY2026_Q1/raw/KR0099_KB라이프생명.pdf,38,38,1.0,1.0,,,,0,,,,,,
2026.1Q,KR0100,처브라이프생명보험,data/disclosure/FY2026_Q1/raw/KR0100_처브라이프생명보험.pdf,29,29,1.0,1.0,,,,0,,,,,,
2026.1Q,KR0104,농협생명보험,data/disclosure/FY2026_Q1/raw/KR0104_농협생명보험.pdf,32,32,1.0,1.0,,,,0,,,,,,
2026.1Q,KR0150,서울보증보험,data/disclosure/FY2026_Q1/raw/KR0150_서울보증보험.pdf,27,27,1.0,1.0,,,,0,,,,,,
2026.1Q,KR1000,코리안리재보험,data/disclosure/FY2026_Q1/raw/KR1000_코리안리재보험.pdf,19,19,1.0,1.0,,,,0,,,,,,
2026.1Q,KR1010,교보라이프플래닛생명보험,data/disclosure/FY2026_Q1/raw/KR1010_교보라이프플래닛생명보험.pdf,34,34,1.0,1.0,,,,0,,,,24,,
2026.1Q,KR1011,IBK연금보험,data/disclosure/FY2026_Q1/raw/KR1011_IBK연금보험.pdf,28,28,1.0,1.0,,,,0,,,,,,
2026.1Q,KR1098,카카오페이손해보험,data/disclosure/FY2026_Q1/raw/KR1098_카카오페이손해보험.pdf,23,23,1.0,1.0,,,,0,,,,,,
2026.2Q,KR0001,메리츠화재해상보험,data/disclosure/FY2026_Q2/raw/KR0001_메리츠화재해상보험.pdf,66,66,1.0,1.0,,,,0,,30,29,,,
2026.2Q,KR0002,한화손해보험,data/disclosure/FY2026_Q2/raw/KR0002_한화손해보험.pdf,316,316,1.0,1.0,,,,0,,30,30,,43,
2026.2Q,KR0003,롯데손해보험,data/disclosure/FY2026_Q2/raw/KR0003_롯데손해보험.pdf,96,96,1.0,1.0,,,,0,,"40,41",40,,,
2026.2Q,KR0004,예별손해보험,data/disclosure/FY2026_Q2/raw/KR0004_MG_예별손해보험.pdf,67,66,0.985,0.985,,,,0,,,30,,,
2026.2Q,KR0005,흥국화재,data/disclosure/FY2026_Q2/raw/KR0005_흥국화재.pdf,181,181,1.0,1.0,,,,0,,"28,29",29,,,
2026.2Q,KR0008,삼성화재해상보험,data/disclosure/FY2026_Q2/raw/KR0008_삼성화재해상보험.pdf,69,69,1.0,1.0,,,,0,,30,30,,,
2026.2Q,KR0009,현대해상,data/disclosure/FY2026_Q2/raw/KR0009_현대해상.pdf,69,69,1.0,1.0,,,,0,,"29,30",30,,,
2026.2Q,KR0010,KB손해보험,data/disclosure/FY2026_Q2/raw/KR0010_KB손해보험.pdf,64,0,0.0,0.0,,,,0,,,,,,본문 스캔(텍스트 비율 낮음)
2026.2Q,KR0011,DB손해보험,data/disclosure/FY2026_Q2/raw/KR0011_DB손해보험.pdf,68,68,1.0,1.0,,,,0,,29,29,,,
2026.2Q,KR0029,AIG손해보험,data/disclosure/FY2026_Q2/raw/KR0029_AIG손해보험.pdf,59,59,1.0,1.0,,,,0,,27,27,,,
2026.2Q,KR0032,NH농협손해보험,data/disclosure/FY2026_Q2/raw/KR0032_NH농협손해보험.pdf,60,60,1.0,1.0,,,,0,,29,29,,,
2026.2Q,KR0049,악사손해보험,data/disclosure/FY2026_Q2/raw/KR0049_악사손해보험.pdf,75,75,1.0,1.0,,,,0,,31,31,,,
2026.2Q,KR0050,하나손해보험,data/disclosure/FY2026_Q2/raw/KR0050_하나손해보험.pdf,60,60,1.0,1.0,,,,0,,"31,32",31,,,
2026.2Q,KR0051,신한이지손해보험,data/disclosure/FY2026_Q2/raw/KR0051_신한이지손해보험.pdf,47,47,1.0,1.0,,,,0,,22,22,,5,
2026.2Q,KR0068,한화생명,data/disclosure/FY2026_Q2/raw/KR0068_한화생명.pdf,72,72,1.0,1.0,,,,0,,31,31,24,24,
2026.2Q,KR0069,삼성생명보험,data/disclosure/FY2026_Q2/raw/KR0069_삼성생명.pdf,69,69,1.0,1.0,,,,0,,,,,,
2026.2Q,KR0070,에이비엘생명보험,data/disclosure/FY2026_Q2/raw/KR0070_에이비엘생명보험.pdf,66,66,1.0,1.0,,,,0,,,,,29,
2026.2Q,KR0071,흥국생명보험,data/disclosure/FY2026_Q2/raw/KR0071_흥국생명보험.pdf,66,66,1.0,1.0,,,,0,,,,,,
2026.2Q,KR0072,케이디비생명보험,data/disclosure/FY2026_Q2/raw/KR0072_케이디비생명보험.pdf,66,66,1.0,1.0,,,,0,,,,,,
2026.2Q,KR0073,교보생명보험,data/disclosure/FY2026_Q2/raw/KR0073_교보생명보험.pdf,45,44,0.978,0.978,,,,0,,,,,,
2026.2Q,KR0074,라이나생명보험,data/disclosure/FY2026_Q2/raw/KR0074_라이나생명보험.pdf,197,193,0.98,0.96,,,,0,,,,,,
2026.2Q,KR0075,비엔피파리바카디프생명보험,data/disclosure/FY2026_Q2/raw/KR0075_비엔피파리바카디프생명보험.pdf,65,62,0.954,0.954,,,,0,,,,,,
2026.2Q,KR0076,아이엠라이프생명보험,data/disclosure/FY2026_Q2/raw/KR0076_아이엠라이프생명보험.pdf,59,59,1.0,1.0,,,,0,,,,,,
2026.2Q,KR0079,미래에셋생명보험,data/disclosure/FY2026_Q2/raw/KR0079_미래에셋생명.pdf,65,31,0.477,0.477,,,,0,,,,,,본문 스캔(텍스트 비율 낮음)
2026.2Q,KR0080,에이아이에이생명보험,data/disclosure/FY2026_Q2/raw/KR0080_에이아이에이생명보험.pdf,61,61,1.0,1.0,,,,0,,,,,,
2026.2Q,KR0082,DB생명보험,data/disclosure/FY2026_Q2/raw/KR0082_DB생명보험.pdf,63,63,1.0,1.0,,,,0,,,,,,
2026.2Q,KR0083,푸본현대생명보험,data/disclosure/FY2026_Q2/raw/KR0083_푸본현대생명보험.pdf,70,69,0.986,0.986,,,,0,,,,,,
2026.2Q,KR0087,동양생명,data/disclosure/FY2026_Q2/raw/KR0087_동양생명.pdf,59,0,0.0,0.0,,,,0,,,,,,본문 스캔(텍스트 비율 낮음)
2026.2Q,KR0094,신한라이프생명보험,data/disclosure/FY2026_Q2/raw/KR0094_신한라이프생명보험.pdf,62,62,1.0,1.0,,,,0,,,,,,
2026.2Q,KR0095,메트라이프생명보험,data/disclosure/FY2026_Q2/raw/KR0095_메트라이프생명보험.pdf,62,62,1.0,1.0,,,,0,,,,,,
2026.2Q,KR0097,하나생명보험,data/disclosure/FY2026_Q2/raw/KR0097_하나생명보험.pdf,66,63,0.955,0.955,,,,0,,,,,,
2026.2Q,KR0099,KB라이프생명,data/disclosure/FY2026_Q2/raw/KR0099_케이비라이프생명보험.pdf,71,71,1.0,1.0,,,,0,,,,,,
2026.2Q,KR0100,처브라이프생명보험,data/disclosure/FY2026_Q2/raw/KR0100_처브라이프생명보험.pdf,59,59,1.0,1.0,,,,0,,,,,,
2026.2Q,KR0104,농협생명보험,data/disclosure/FY2026_Q2/raw/KR0104_농협생명보험.pdf,63,62,0.984,0.984,,,,0,,,,,,
2026.2Q,KR0150,서울보증보험,data/disclosure/FY2026_Q2/raw/KR0150_서울보증보험.pdf,56,56,1.0,1.0,,,,0,,25,25,,,
2026.2Q,KR1000,코리안리재보험,data/disclosure/FY2026_Q2/raw/KR1000_코리안리재보험.pdf,35,35,1.0,1.0,,,,0,,18,18,,,
2026.2Q,KR1010,교보라이프플래닛생명보험,data/disclosure/FY2026_Q2/raw/KR1010_교보라이프플래닛생명보험.pdf,64,63,0.984,0.984,,,,0,,,,25,,
2026.2Q,KR1011,IBK연금보험,data/disclosure/FY2026_Q2/raw/KR1011_IBK연금보험.pdf,48,48,1.0,1.0,,,,0,,,,,,
2026.2Q,KR1098,카카오페이손해보험,data/disclosure/FY2026_Q2/raw/KR1098_카카오페이손해보험.pdf,48,48,1.0,1.0,,,,0,,24,24,,,
