원보험사코드,원수사명,공시분기,채택원천,대조원천,비교칸수,차이칸수,금액차이칸,비율차이칸,최대차,최대차_비율pp,정밀도차이칸,영채움칸,라벨변경행수,정정판정,플래그,비고
KR0001,메리츠화재해상보험,2024.4Q,data/disclosure/FY2025_Q4/raw/KR0001_메리츠화재해상보험.pdf <2024년> p39-42,data/disclosure/FY2024_Q4/raw/KR0001_메리츠화재해상보험.pdf <2024년> p33-36,550,16,16,0,1.0,0.0,22,1,0,진짜 정정(양 블록 내부 검산 통과),"RESTATED(차이 16/550칸(금액), 최대차 1억원)","2024.4Q PDF <2024년> vs 2025.4Q PDF <2024년> 대조 550칸: 동일 512(+인쇄 정밀도만 다름 22), 값 차이 16(금액 16·비율 0), 영(0) 채움 유무 1칸 무시 | 진짜 정정(양 블록 내부 검산 통과): 금액 차이 전부 ±1억원 이내(반올림 수준 재계산); 금액 차이 행 8개·16칸(최대 1억원) | -> 2025.4Q PDF 전기 블록 채택"
KR0001,메리츠화재해상보험,2025.4Q,data/disclosure/FY2025_Q4/raw/KR0001_메리츠화재해상보험.pdf <2025년> p35-38,,,,,,,,,,,,,최신 결산(후속 공시 없음)
KR0002,한화손해보험,2023.4Q,data/disclosure/FY2024_Q4/raw/KR0002_한화손해보험.pdf <2023년> p33-34,,,,,,,,,,,,FROM_NEXT_YEAR_PRIOR_BLOCK,"당기 원천 없음 -> 후속 공시 전기 블록으로 채움. 2023.4Q PDF <-년> ABSENT_IN_SOURCE: 전 쪽 키워드 0건(예상손해율·실제손해율·위험보험료 대비 예상보험금), 본문 텍스트쪽 474/486 (앞 100쪽 중 100%); ①② 표는 2024.4Q 결산본부터 신설"
KR0002,한화손해보험,2024.4Q,data/disclosure/FY2024_Q4/raw/KR0002_한화손해보험.pdf <2024년> p32-33,data/disclosure/FY2025_Q4/raw/KR0002_한화손해보험.pdf <2024년> p33-34,465,0,0,0,0.0,0.0,0,0,0,,,"2024.4Q PDF <2024년> vs 2025.4Q PDF <2024년> 대조 465칸: 동일 465(+인쇄 정밀도만 다름 0), 값 차이 0(금액 0·비율 0), 영(0) 채움 유무 0칸 무시 | 값 동일 -> 당기 블록(Y.4Q PDF) 채택"
KR0002,한화손해보험,2025.4Q,data/disclosure/FY2025_Q4/raw/KR0002_한화손해보험.pdf <2025년> p32-33,,,,,,,,,,,,,최신 결산(후속 공시 없음)
KR0003,롯데손해보험,2023.4Q,data/disclosure/FY2024_Q4/raw/KR0003_롯데손해보험.pdf <2023년> p38-40,,,,,,,,,,,,FROM_NEXT_YEAR_PRIOR_BLOCK,"당기 원천 없음 -> 후속 공시 전기 블록으로 채움. 2023.4Q PDF <-년> ABSENT_IN_SOURCE: 전 쪽 키워드 0건(예상손해율·실제손해율·위험보험료 대비 예상보험금), 본문 텍스트쪽 104/116 (앞 100쪽 중 90%); ①② 표는 2024.4Q 결산본부터 신설"
KR0003,롯데손해보험,2024.4Q,data/disclosure/FY2024_Q4/raw/KR0003_롯데손해보험.pdf <2024년> p35-37,data/disclosure/FY2025_Q4/raw/KR0003_롯데손해보험.pdf <2024년> p49-52,356,8,0,8,0.0,,0,145,1,,,"2024.4Q PDF <2024년> vs 2025.4Q PDF <2024년> 대조 356칸: 동일 348(+인쇄 정밀도만 다름 0), 값 차이 8(금액 0·비율 8), 영(0) 채움 유무 145칸 무시 | 라벨만 바뀐 행(값 동일, 정정 아님): Indirect-Par/기타 -> Indirect-Par/무배당/기타 | 금액 동일·인쇄 비율 칸만 8칸 상이(전부 한쪽 null) -> 마스터 숫자 영향 없음(손해율 재계산), 당기 블록 채택"
KR0003,롯데손해보험,2025.4Q,data/disclosure/FY2025_Q4/raw/KR0003_롯데손해보험.pdf <2025년> p45-48,,,,,,,,,,,,,최신 결산(후속 공시 없음)
KR0004,예별손해보험,2024.4Q,data/disclosure/FY2024_Q4/raw/KR0004_예별손해보험.pdf <2024년> p29-30,,,,,,,,,,,,정정미확인(후속 공시에 전기 블록 없음),"정정 확인 불가: 2025.4Q PDF <2024년> ABSENT_IN_SOURCE [셀 0·값 있는 셀 0]: 쪽 24,25 텍스트에 <2024년> 캡션 없음 - 공시본은 2025년 블록만 인쇄"
KR0004,예별손해보험,2025.4Q,data/disclosure/FY2025_Q4/raw/KR0004_예별손해보험.pdf <2025년> p24-25,,,,,,,,,,,,,최신 결산(후속 공시 없음)
KR0005,흥국화재,2024.4Q,data/disclosure/FY2025_Q4/raw/KR0005_흥국화재.pdf <2024년> p29-30,data/disclosure/FY2024_Q4/raw/KR0005_흥국화재.pdf <2024년> p25-26,388,343,201,142,19887.0,9349.0,0,55,0,진짜 정정(양 블록 내부 검산 통과),"RESTATED(차이 201/388칸(금액), 최대차 19887억원, 비율칸 차이 142)","2024.4Q PDF <2024년> vs 2025.4Q PDF <2024년> 대조 388칸: 동일 45(+인쇄 정밀도만 다름 0), 값 차이 343(금액 201·비율 142), 영(0) 채움 유무 55칸 무시 | 진짜 정정(양 블록 내부 검산 통과): 금액 차이 행 8개·201칸(최대 19887억원); 당기 블록은 vision 판독(내부 검산은 통과) | -> 2025.4Q PDF 전기 블록 채택"
KR0005,흥국화재,2025.4Q,data/disclosure/FY2025_Q4/raw/KR0005_흥국화재.pdf <2025년> p26-27,,,,,,,,,,,,,최신 결산(후속 공시 없음)
KR0008,삼성화재해상보험,2024.4Q,data/disclosure/FY2024_Q4/raw/KR0008_삼성화재해상보험.pdf <2024년> p41-42,data/disclosure/FY2025_Q4/raw/KR0008_삼성화재해상보험.pdf <2024년> p45-46,352,0,0,0,0.0,0.0,0,0,0,,,"2024.4Q PDF <2024년> vs 2025.4Q PDF <2024년> 대조 352칸: 동일 352(+인쇄 정밀도만 다름 0), 값 차이 0(금액 0·비율 0), 영(0) 채움 유무 0칸 무시 | 값 동일 -> 당기 블록(Y.4Q PDF) 채택"
KR0008,삼성화재해상보험,2025.4Q,data/disclosure/FY2025_Q4/raw/KR0008_삼성화재해상보험.pdf <2025년> p43-44,,,,,,,,,,,,,최신 결산(후속 공시 없음)
KR0009,현대해상,2023.4Q,data/disclosure/FY2024_Q4/raw/KR0009_현대해상.pdf <2023년> p39-41,,,,,,,,,,,,FROM_NEXT_YEAR_PRIOR_BLOCK,"당기 원천 없음 -> 후속 공시 전기 블록으로 채움. 2023.4Q PDF <-년> ABSENT_IN_SOURCE: 전 쪽 키워드 0건(예상손해율·실제손해율·위험보험료 대비 예상보험금), 본문 텍스트쪽 109/109 (앞 100쪽 중 100%); ①② 표는 2024.4Q 결산본부터 신설"
KR0009,현대해상,2024.4Q,data/disclosure/FY2024_Q4/raw/KR0009_현대해상.pdf <2024년> p35-38,data/disclosure/FY2025_Q4/raw/KR0009_현대해상.pdf <2024년> p41-43,383,0,0,0,0.0,0.0,0,0,0,,,"2024.4Q PDF <2024년> vs 2025.4Q PDF <2024년> 대조 383칸: 동일 383(+인쇄 정밀도만 다름 0), 값 차이 0(금액 0·비율 0), 영(0) 채움 유무 0칸 무시 | 값 동일 -> 당기 블록(Y.4Q PDF) 채택"
KR0009,현대해상,2025.4Q,data/disclosure/FY2025_Q4/raw/KR0009_현대해상.pdf <2025년> p38-40,,,,,,,,,,,,,최신 결산(후속 공시 없음)
KR0010,KB손해보험,2024.4Q,data/disclosure/FY2025_Q4/raw/KR0010_KB손해보험.pdf <2024년> p46-48,data/disclosure/FY2024_Q4/raw/KR0010_KB손해보험.pdf <2024년> p38-39,495,1,1,0,,0.0,0,0,0,추출 확인 필요,"RESTATED(차이 1/495칸(금액), 한쪽 null 1칸); 추출확인필요","2024.4Q PDF <2024년> vs 2025.4Q PDF <2024년> 대조 495칸: 동일 494(+인쇄 정밀도만 다름 0), 값 차이 1(금액 1·비율 0), 영(0) 채움 유무 0칸 무시 | 추출 확인 필요: 금액 차이가 전부 한쪽 null(대시) 칸; 금액 차이 행 1개·1칸(양쪽에 값이 있는 차이 칸 없음); 전기 블록은 vision 판독(내부 검산은 통과) | -> 2025.4Q PDF 전기 블록 채택"
KR0010,KB손해보험,2025.4Q,data/disclosure/FY2025_Q4/raw/KR0010_KB손해보험.pdf <2025년> p45-46,,,,,,,,,,,,SAME_AS_PRIOR_YEAR(507/508칸 동일),최신 결산(후속 공시 없음) | 같은 PDF 의 <2024년> 블록과 507/508칸 동일 -- 인쇄값 그대로(전년 수치 재인쇄 또는 가정 미변경)
KR0011,DB손해보험,2024.4Q,data/disclosure/FY2024_Q4/raw/KR0011_DB손해보험.pdf <2024년> p30,data/disclosure/FY2025_Q4/raw/KR0011_DB손해보험.pdf <2024년> p34-35,396,0,0,0,0.0,0.0,0,0,0,,,"2024.4Q PDF <2024년> vs 2025.4Q PDF <2024년> 대조 396칸: 동일 396(+인쇄 정밀도만 다름 0), 값 차이 0(금액 0·비율 0), 영(0) 채움 유무 0칸 무시 | 값 동일 -> 당기 블록(Y.4Q PDF) 채택"
KR0011,DB손해보험,2025.4Q,data/disclosure/FY2025_Q4/raw/KR0011_DB손해보험.pdf <2025년> p33-34,,,,,,,,,,,,,최신 결산(후속 공시 없음)
KR0029,AIG손해보험,2024.4Q,data/disclosure/FY2024_Q4/raw/KR0029_AIG손해보험.pdf <2024년> p25,data/disclosure/FY2025_Q4/raw/KR0029_AIG손해보험.pdf <2024년> p31-33,144,0,0,0,0.0,0.0,0,1632,0,,,"2024.4Q PDF <2024년> vs 2025.4Q PDF <2024년> 대조 144칸: 동일 144(+인쇄 정밀도만 다름 0), 값 차이 0(금액 0·비율 0), 영(0) 채움 유무 1632칸 무시 | 값 동일 -> 당기 블록(Y.4Q PDF) 채택"
KR0029,AIG손해보험,2025.4Q,data/disclosure/FY2025_Q4/raw/KR0029_AIG손해보험.pdf <2025년> p28-30,,,,,,,,,,,,,최신 결산(후속 공시 없음)
KR0032,NH농협손해보험,2024.4Q,data/disclosure/FY2024_Q4/raw/KR0032_NH농협손해보험.pdf <2024년> p27-29,,,,,,,,,,,,정정미확인(후속 공시에 전기 블록 없음),"정정 확인 불가: 2025.4Q PDF <2024년> ABSENT_IN_SOURCE [셀 0·값 있는 셀 0]: 쪽 29,30,31,32 텍스트에 <2024년> 캡션 없음 - 공시본은 2025년 블록만 인쇄"
KR0032,NH농협손해보험,2025.4Q,data/disclosure/FY2025_Q4/raw/KR0032_NH농협손해보험.pdf <2025년> p29-31,,,,,,,,,,,,,최신 결산(후속 공시 없음)
KR0049,악사손해보험,2024.4Q,data/disclosure/FY2024_Q4/raw/KR0049_악사손해보험.pdf <2024년> p23,data/disclosure/FY2025_Q4/raw/KR0049_악사손해보험.pdf <2024년> p29,192,0,0,0,0.0,0.0,0,0,0,,,"2024.4Q PDF <2024년> vs 2025.4Q PDF <2024년> 대조 192칸: 동일 192(+인쇄 정밀도만 다름 0), 값 차이 0(금액 0·비율 0), 영(0) 채움 유무 0칸 무시 | 값 동일 -> 당기 블록(Y.4Q PDF) 채택"
KR0049,악사손해보험,2025.4Q,data/disclosure/FY2025_Q4/raw/KR0049_악사손해보험.pdf <2025년> p28,,,,,,,,,,,,,최신 결산(후속 공시 없음)
KR0050,하나손해보험,2023.4Q,data/disclosure/FY2024_Q4/raw/KR0050_하나손해보험.pdf <2023년> p32-34,,,,,,,,,,,,FROM_NEXT_YEAR_PRIOR_BLOCK,"당기 원천 없음 -> 후속 공시 전기 블록으로 채움. 2023.4Q PDF <-년> ABSENT_IN_SOURCE: 전 쪽 키워드 0건(예상손해율·실제손해율·위험보험료 대비 예상보험금), 본문 텍스트쪽 80/80 (앞 80쪽 중 100%); ①② 표는 2024.4Q 결산본부터 신설"
KR0050,하나손해보험,2024.4Q,data/disclosure/FY2025_Q4/raw/KR0050_하나손해보험.pdf <2024년> p33-35,data/disclosure/FY2024_Q4/raw/KR0050_하나손해보험.pdf <2024년> p29-31,404,56,10,46,0.72,84.0,200,0,0,진짜 정정(양 블록 내부 검산 통과),"RESTATED(차이 10/404칸(금액), 최대차 0.72억원, 비율칸 차이 46)","2024.4Q PDF <2024년> vs 2025.4Q PDF <2024년> 대조 404칸: 동일 148(+인쇄 정밀도만 다름 200), 값 차이 56(금액 10·비율 46), 영(0) 채움 유무 0칸 무시 | 진짜 정정(양 블록 내부 검산 통과): 금액 차이 전부 ±1억원 이내(반올림 수준 재계산); 금액 차이 행 3개·10칸(최대 0.72억원) | -> 2025.4Q PDF 전기 블록 채택"
KR0050,하나손해보험,2025.4Q,data/disclosure/FY2025_Q4/raw/KR0050_하나손해보험.pdf <2025년> p30-32,,,,,,,,,,,,,최신 결산(후속 공시 없음)
KR0051,신한이지손해보험,2024.4Q,data/disclosure/FY2024_Q4/raw/KR0051_신한이지손해보험.pdf <2024년> p21,data/disclosure/FY2025_Q4/raw/KR0051_신한이지손해보험.pdf <2024년> p21,240,0,0,0,0.0,0.0,53,0,0,,,"2024.4Q PDF <2024년> vs 2025.4Q PDF <2024년> 대조 240칸: 동일 187(+인쇄 정밀도만 다름 53), 값 차이 0(금액 0·비율 0), 영(0) 채움 유무 0칸 무시 | 값 동일 -> 당기 블록(Y.4Q PDF) 채택"
KR0051,신한이지손해보험,2025.4Q,data/disclosure/FY2025_Q4/raw/KR0051_신한이지손해보험.pdf <2025년> p21,,,,,,,,,,,,,최신 결산(후속 공시 없음)
KR0068,한화생명,2023.4Q,data/disclosure/FY2024_Q4/raw/KR0068_한화생명.pdf <2023년> p35-37,,,,,,,,,,,,FROM_NEXT_YEAR_PRIOR_BLOCK,"당기 원천 없음 -> 후속 공시 전기 블록으로 채움. 2023.4Q PDF <-년> ABSENT_IN_SOURCE: 전 쪽 키워드 0건(예상손해율·실제손해율·위험보험료 대비 예상보험금), 본문 텍스트쪽 546/547 (앞 100쪽 중 99%); ①② 표는 2024.4Q 결산본부터 신설"
KR0068,한화생명,2024.4Q,data/disclosure/FY2024_Q4/raw/KR0068_한화생명.pdf <2024년> p31-34,data/disclosure/FY2025_Q4/raw/KR0068_한화생명.pdf <2024년> p33-34,591,0,0,0,0.0,0.0,0,0,0,,,"2024.4Q PDF <2024년> vs 2025.4Q PDF <2024년> 대조 591칸: 동일 591(+인쇄 정밀도만 다름 0), 값 차이 0(금액 0·비율 0), 영(0) 채움 유무 0칸 무시 | 값 동일 -> 당기 블록(Y.4Q PDF) 채택"
KR0068,한화생명,2025.4Q,data/disclosure/FY2025_Q4/raw/KR0068_한화생명.pdf <2025년> p31-32,,,,,,,,,,,,,최신 결산(후속 공시 없음)
KR0069,삼성생명보험,2024.4Q,data/disclosure/FY2025_Q4/raw/KR0069_삼성생명.pdf <2024년> p38,data/disclosure/FY2024_Q4/raw/KR0069_삼성생명.pdf <2024년> p36,606,1,1,0,10000.0,0.0,0,30,0,진짜 정정(양 블록 내부 검산 통과),"RESTATED(차이 1/606칸(금액), 최대차 10000억원)","2024.4Q PDF <2024년> vs 2025.4Q PDF <2024년> 대조 606칸: 동일 605(+인쇄 정밀도만 다름 0), 값 차이 1(금액 1·비율 0), 영(0) 채움 유무 30칸 무시 | 진짜 정정(양 블록 내부 검산 통과): 원문오기 정정 1칸(당기 공시의 인쇄 오기를 후속 공시가 정정): Direct-Par/변액/사망 11~15년 예상보험금: 6602->16602; 금액 차이 행 1개·1칸(최대 10000억원) | -> 2025.4Q PDF 전기 블록 채택"
KR0069,삼성생명보험,2025.4Q,data/disclosure/FY2025_Q4/raw/KR0069_삼성생명.pdf <2025년> p37,,,,,,,,,,,,,최신 결산(후속 공시 없음)
KR0070,에이비엘생명보험,2024.4Q,data/disclosure/FY2024_Q4/raw/KR0070_에이비엘생명보험.pdf <2024년> p37-40,data/disclosure/FY2025_Q4/raw/KR0070_에이비엘생명보험.pdf <2024년> p34-35,660,0,0,0,0.0,0.0,224,0,0,,,"2024.4Q PDF <2024년> vs 2025.4Q PDF <2024년> 대조 660칸: 동일 436(+인쇄 정밀도만 다름 224), 값 차이 0(금액 0·비율 0), 영(0) 채움 유무 0칸 무시 | 값 동일 -> 당기 블록(Y.4Q PDF) 채택"
KR0070,에이비엘생명보험,2025.4Q,data/disclosure/FY2025_Q4/raw/KR0070_에이비엘생명보험.pdf <2025년> p32-33,,,,,,,,,,,,,최신 결산(후속 공시 없음)
KR0071,흥국생명보험,2024.4Q,data/disclosure/FY2024_Q4/raw/KR0071_흥국생명보험.pdf <2024년> p214-215,data/disclosure/FY2025_Q4/raw/KR0071_흥국생명보험.pdf <2024년> p31-34,672,0,0,0,0.0,0.0,443,0,0,,,"2024.4Q PDF <2024년> vs 2025.4Q PDF <2024년> 대조 672칸: 동일 229(+인쇄 정밀도만 다름 443), 값 차이 0(금액 0·비율 0), 영(0) 채움 유무 0칸 무시 | 값 동일 -> 당기 블록(Y.4Q PDF) 채택"
KR0071,흥국생명보험,2025.4Q,data/disclosure/FY2025_Q4/raw/KR0071_흥국생명보험.pdf <2025년> p29-31,,,,,,,,,,,,,최신 결산(후속 공시 없음)
KR0072,케이디비생명보험,2024.4Q,data/disclosure/FY2024_Q4/raw/KR0072_케이디비생명보험.pdf <2024년> p30-34,data/disclosure/FY2025_Q4/raw/KR0072_케이디비생명보험.pdf <2024년> p36-40,672,0,0,0,0.0,0.0,0,0,0,,,"2024.4Q PDF <2024년> vs 2025.4Q PDF <2024년> 대조 672칸: 동일 672(+인쇄 정밀도만 다름 0), 값 차이 0(금액 0·비율 0), 영(0) 채움 유무 0칸 무시 | 값 동일 -> 당기 블록(Y.4Q PDF) 채택"
KR0072,케이디비생명보험,2025.4Q,data/disclosure/FY2025_Q4/raw/KR0072_케이디비생명보험.pdf <2025년> p31-35,,,,,,,,,,,,,최신 결산(후속 공시 없음)
KR0073,교보생명보험,2024.4Q,data/disclosure/FY2024_Q4/raw/KR0073_교보생명보험.pdf <2024년> p25-28,data/disclosure/FY2025_Q4/raw/KR0073_교보생명보험.pdf <2024년> p30-33,664,0,0,0,0.0,0.0,0,0,0,,,"2024.4Q PDF <2024년> vs 2025.4Q PDF <2024년> 대조 664칸: 동일 664(+인쇄 정밀도만 다름 0), 값 차이 0(금액 0·비율 0), 영(0) 채움 유무 0칸 무시 | 값 동일 -> 당기 블록(Y.4Q PDF) 채택"
KR0073,교보생명보험,2025.4Q,data/disclosure/FY2025_Q4/raw/KR0073_교보생명보험.pdf <2025년> p27-30,,,,,,,,,,,,,최신 결산(후속 공시 없음)
KR0074,라이나생명보험,2024.4Q,data/disclosure/FY2025_Q4/raw/KR0074_라이나생명보험.pdf <2024년> p28-30,data/disclosure/FY2024_Q4/raw/KR0074_라이나생명보험.pdf <2024년> p25-27,444,285,125,160,50264.0,1483090.49,0,11,0,진짜 정정(양 블록 내부 검산 통과),"RESTATED(차이 125/444칸(금액), 최대차 50264억원, 한쪽 null 18칸, 비율칸 차이 160)","2024.4Q PDF <2024년> vs 2025.4Q PDF <2024년> 대조 444칸: 동일 159(+인쇄 정밀도만 다름 0), 값 차이 285(금액 125·비율 160), 영(0) 채움 유무 11칸 무시 | 진짜 정정(양 블록 내부 검산 통과): 금액 차이 행 10개·125칸(최대 50264억원, 한쪽 null 18칸) | -> 2025.4Q PDF 전기 블록 채택"
KR0074,라이나생명보험,2025.4Q,data/disclosure/FY2025_Q4/raw/KR0074_라이나생명보험.pdf <2025년> p25-27,,,,,,,,,,,,,최신 결산(후속 공시 없음)
KR0075,비엔피파리바카디프생명보험,2023.4Q,,,,,,,,,,,,,NO_USABLE_BLOCK,"사용 가능한 블록 없음(블록은 있으나 금액 칸이 전부 대시 -> 값 없음): 2024.4Q PDF <2023년> (2024.4Q PDF <2023년> FILLED [셀 2064·값 있는 셀 0]: 본문 쪽 28,29,30,31; 비율≈A÷B 0/0 통과, 합계=Σ포트폴리오 0/0 통과; 구간플래그 p25:cols_recalibrated,p26:cols_recalibrated,p27:cols_recalibrated,p28:cols_recalibrated)"
KR0075,비엔피파리바카디프생명보험,2024.4Q,data/disclosure/FY2024_Q4/raw/KR0075_비엔피파리바카디프생명보험.pdf <2024년> p25-28,data/disclosure/FY2025_Q4/raw/KR0075_비엔피파리바카디프생명보험.pdf <2024년> p28-30,254,0,0,0,0.0,0.0,0,30,0,,,"2024.4Q PDF <2024년> vs 2025.4Q PDF <2024년> 대조 254칸: 동일 254(+인쇄 정밀도만 다름 0), 값 차이 0(금액 0·비율 0), 영(0) 채움 유무 30칸 무시 | 값 동일 -> 당기 블록(Y.4Q PDF) 채택"
KR0075,비엔피파리바카디프생명보험,2025.4Q,data/disclosure/FY2025_Q4/raw/KR0075_비엔피파리바카디프생명보험.pdf <2025년> p25-28,,,,,,,,,,,,,최신 결산(후속 공시 없음)
KR0076,아이엠라이프생명보험,2024.4Q,data/disclosure/FY2025_Q4/raw/KR0076_아이엠라이프생명보험.pdf <2024년> p32-34,data/disclosure/FY2024_Q4/raw/KR0076_아이엠라이프생명보험.pdf <2024년> p26-29,544,453,296,157,31730.0,226.0,0,0,0,진짜 정정(양 블록 내부 검산 통과),"RESTATED(차이 296/544칸(금액), 최대차 31730억원, 비율칸 차이 157)","2024.4Q PDF <2024년> vs 2025.4Q PDF <2024년> 대조 544칸: 동일 91(+인쇄 정밀도만 다름 0), 값 차이 453(금액 296·비율 157), 영(0) 채움 유무 0칸 무시 | 진짜 정정(양 블록 내부 검산 통과): 금액 차이 행 11개·296칸(최대 31730억원) | -> 2025.4Q PDF 전기 블록 채택"
KR0076,아이엠라이프생명보험,2025.4Q,data/disclosure/FY2025_Q4/raw/KR0076_아이엠라이프생명보험.pdf <2025년> p29-31,,,,,,,,,,,,,최신 결산(후속 공시 없음)
KR0079,미래에셋생명보험,2023.4Q,data/disclosure/FY2024_Q4/raw/KR0079_미래에셋생명.pdf <2023년> p316-317,,,,,,,,,,,,FROM_NEXT_YEAR_PRIOR_BLOCK,당기 원천 없음 -> 후속 공시 전기 블록으로 채움. 2023.4Q PDF <-년> ABSENT_IN_SOURCE [셀 0·값 있는 셀 0]: vision 판독: 2023 결산 공시에는 표 B(② 위험보험료 대비 예상보험금)가 없다. 파일 KR0079_미래에셋생명_amended.pdf 510쪽: 본문 인쇄 114쪽(PDF p1-114) + 별첨 감사보고서 p115-125 + 텍스트층 사본 p126-510. 본
KR0079,미래에셋생명보험,2024.4Q,data/disclosure/FY2024_Q4/raw/KR0079_미래에셋생명.pdf <2024년> p316,data/disclosure/FY2025_Q4/raw/KR0079_미래에셋생명.pdf <2024년> p321-322,252,0,0,0,0.0,0.0,0,0,0,,,"2024.4Q PDF <2024년> vs 2025.4Q PDF <2024년> 대조 252칸: 동일 252(+인쇄 정밀도만 다름 0), 값 차이 0(금액 0·비율 0), 영(0) 채움 유무 0칸 무시 | 값 동일 -> 당기 블록(Y.4Q PDF) 채택"
KR0079,미래에셋생명보험,2025.4Q,data/disclosure/FY2025_Q4/raw/KR0079_미래에셋생명.pdf <2025년> p321,,,,,,,,,,,,,최신 결산(후속 공시 없음)
KR0080,에이아이에이생명보험,2024.4Q,data/disclosure/FY2024_Q4/raw/KR0080_에이아이에이생명보험.pdf <2024년> p31-35,data/disclosure/FY2025_Q4/raw/KR0080_에이아이에이생명보험.pdf <2024년> p37-40,453,0,0,0,0.0,0.0,0,0,0,,,"2024.4Q PDF <2024년> vs 2025.4Q PDF <2024년> 대조 453칸: 동일 453(+인쇄 정밀도만 다름 0), 값 차이 0(금액 0·비율 0), 영(0) 채움 유무 0칸 무시 | 값 동일 -> 당기 블록(Y.4Q PDF) 채택"
KR0080,에이아이에이생명보험,2025.4Q,data/disclosure/FY2025_Q4/raw/KR0080_에이아이에이생명보험.pdf <2025년> p34-37,,,,,,,,,,,,,최신 결산(후속 공시 없음)
KR0082,DB생명보험,2024.4Q,data/disclosure/FY2024_Q4/raw/KR0082_DB생명보험.pdf <2024년> p28-30,data/disclosure/FY2025_Q4/raw/KR0082_DB생명보험.pdf <2024년> p31-33,518,0,0,0,0.0,0.0,0,0,0,,,"2024.4Q PDF <2024년> vs 2025.4Q PDF <2024년> 대조 518칸: 동일 518(+인쇄 정밀도만 다름 0), 값 차이 0(금액 0·비율 0), 영(0) 채움 유무 0칸 무시 | 값 동일 -> 당기 블록(Y.4Q PDF) 채택"
KR0082,DB생명보험,2025.4Q,data/disclosure/FY2025_Q4/raw/KR0082_DB생명보험.pdf <2025년> p28-30,,,,,,,,,,,,,최신 결산(후속 공시 없음)
KR0083,푸본현대생명보험,2024.4Q,data/disclosure/FY2024_Q4/raw/KR0083_푸본현대생명보험.pdf <2024년> p28-30,data/disclosure/FY2025_Q4/raw/KR0083_푸본현대생명보험.pdf <2024년> p32-34,564,0,0,0,0.0,0.0,0,0,0,,,"2024.4Q PDF <2024년> vs 2025.4Q PDF <2024년> 대조 564칸: 동일 564(+인쇄 정밀도만 다름 0), 값 차이 0(금액 0·비율 0), 영(0) 채움 유무 0칸 무시 | 값 동일 -> 당기 블록(Y.4Q PDF) 채택"
KR0083,푸본현대생명보험,2025.4Q,data/disclosure/FY2025_Q4/raw/KR0083_푸본현대생명보험.pdf <2025년> p29-32,,,,,,,,,,,,,최신 결산(후속 공시 없음)
KR0087,동양생명,2023.4Q,data/disclosure/FY2024_Q4/raw/KR0087_동양생명.pdf <2023년> p38-45,,,,,,,,,,,,FROM_NEXT_YEAR_PRIOR_BLOCK,"당기 원천 없음 -> 후속 공시 전기 블록으로 채움. 2023.4Q PDF <-년> ABSENT_IN_SOURCE: 전 쪽 키워드 0건(예상손해율·실제손해율·위험보험료 대비 예상보험금), 본문 텍스트쪽 156/161 (앞 100쪽 중 95%); ①② 표는 2024.4Q 결산본부터 신설"
KR0087,동양생명,2024.4Q,data/disclosure/FY2025_Q4/raw/KR0087_동양생명.pdf <2024년> p37-38,data/disclosure/FY2024_Q4/raw/KR0087_동양생명.pdf <2024년> p32-38,603,3,3,0,1.0,0.0,0,57,0,진짜 정정(양 블록 내부 검산 통과),"RESTATED(차이 3/603칸(금액), 최대차 1억원, 한쪽 null 2칸)","2024.4Q PDF <2024년> vs 2025.4Q PDF <2024년> 대조 603칸: 동일 600(+인쇄 정밀도만 다름 0), 값 차이 3(금액 3·비율 0), 영(0) 채움 유무 57칸 무시 | 진짜 정정(양 블록 내부 검산 통과): 금액 차이 행 3개·3칸(최대 1억원, 한쪽 null 2칸) | -> 2025.4Q PDF 전기 블록 채택"
KR0087,동양생명,2025.4Q,data/disclosure/FY2025_Q4/raw/KR0087_동양생명.pdf <2025년> p34-35,,,,,,,,,,,,,최신 결산(후속 공시 없음)
KR0094,신한라이프생명보험,2023.4Q,data/disclosure/FY2024_Q4/raw/KR0094_신한라이프생명보험.pdf <2023년> p40-42,,,,,,,,,,,,FROM_NEXT_YEAR_PRIOR_BLOCK,"당기 원천 없음 -> 후속 공시 전기 블록으로 채움. 2023.4Q PDF <-년> ABSENT_IN_SOURCE: 전 쪽 키워드 0건(예상손해율·실제손해율·위험보험료 대비 예상보험금), 본문 텍스트쪽 557/560 (앞 100쪽 중 97%); ①② 표는 2024.4Q 결산본부터 신설"
KR0094,신한라이프생명보험,2024.4Q,data/disclosure/FY2025_Q4/raw/KR0094_신한라이프생명보험.pdf <2024년> p38-40,data/disclosure/FY2024_Q4/raw/KR0094_신한라이프생명보험.pdf <2024년> p37-39,617,1,1,0,1.0,0.0,207,480,0,진짜 정정(양 블록 내부 검산 통과),"RESTATED(차이 1/617칸(금액), 최대차 1억원)","2024.4Q PDF <2024년> vs 2025.4Q PDF <2024년> 대조 617칸: 동일 409(+인쇄 정밀도만 다름 207), 값 차이 1(금액 1·비율 0), 영(0) 채움 유무 480칸 무시 | 진짜 정정(양 블록 내부 검산 통과): 금액 차이 전부 ±1억원 이내(반올림 수준 재계산); 금액 차이 행 1개·1칸(최대 1억원) | -> 2025.4Q PDF 전기 블록 채택"
KR0094,신한라이프생명보험,2025.4Q,data/disclosure/FY2025_Q4/raw/KR0094_신한라이프생명보험.pdf <2025년> p35-37,,,,,,,,,,,,,최신 결산(후속 공시 없음)
KR0095,메트라이프생명보험,2024.4Q,data/disclosure/FY2024_Q4/raw/KR0095_메트라이프생명보험.pdf <2024년> p30-34,data/disclosure/FY2025_Q4/raw/KR0095_메트라이프생명보험.pdf <2024년> p36-39,554,0,0,0,0.0,0.0,0,0,0,,,"2024.4Q PDF <2024년> vs 2025.4Q PDF <2024년> 대조 554칸: 동일 554(+인쇄 정밀도만 다름 0), 값 차이 0(금액 0·비율 0), 영(0) 채움 유무 0칸 무시 | 값 동일 -> 당기 블록(Y.4Q PDF) 채택"
KR0095,메트라이프생명보험,2025.4Q,data/disclosure/FY2025_Q4/raw/KR0095_메트라이프생명보험.pdf <2025년> p32-35,,,,,,,,,,,,,최신 결산(후속 공시 없음)
KR0097,하나생명보험,2024.4Q,data/disclosure/FY2025_Q4/raw/KR0097_하나생명보험.pdf <2024년> p30-32,,,,,,,,,,,,FROM_NEXT_YEAR_PRIOR_BLOCK,당기 원천 없음 -> 후속 공시 전기 블록으로 채움. 2024.4Q PDF <2024년> ABSENT_IN_SOURCE [셀 0·값 있는 셀 0]: 쪽 264 텍스트에 <2024년> 캡션 없음 - 공시본은 연도 미상년 블록만 인쇄
KR0097,하나생명보험,2025.4Q,data/disclosure/FY2025_Q4/raw/KR0097_하나생명보험.pdf <2025년> p27-30,,,,,,,,,,,,,최신 결산(후속 공시 없음)
KR0099,KB라이프생명,2024.4Q,data/disclosure/FY2024_Q4/raw/KR0099_케이비라이프생명보험.pdf <2024년> p34-38,data/disclosure/FY2025_Q4/raw/KR0099_케이비라이프생명보험.pdf <2024년> p39-43,571,0,0,0,0.0,0.0,0,100,0,,,"2024.4Q PDF <2024년> vs 2025.4Q PDF <2024년> 대조 571칸: 동일 571(+인쇄 정밀도만 다름 0), 값 차이 0(금액 0·비율 0), 영(0) 채움 유무 100칸 무시 | 값 동일 -> 당기 블록(Y.4Q PDF) 채택"
KR0099,KB라이프생명,2025.4Q,data/disclosure/FY2025_Q4/raw/KR0099_케이비라이프생명보험.pdf <2025년> p34-38,,,,,,,,,,,,,최신 결산(후속 공시 없음)
KR0100,처브라이프생명보험,2024.4Q,data/disclosure/FY2025_Q4/raw/KR0100_처브라이프생명보험.pdf <2024년> p31-33,data/disclosure/FY2024_Q4/raw/KR0100_처브라이프생명보험.pdf <2024년> p29-32,488,291,126,165,1031.0,120.0,28,5,0,진짜 정정(양 블록 내부 검산 통과),"RESTATED(차이 126/488칸(금액), 최대차 1031억원, 비율칸 차이 165)","2024.4Q PDF <2024년> vs 2025.4Q PDF <2024년> 대조 488칸: 동일 169(+인쇄 정밀도만 다름 28), 값 차이 291(금액 126·비율 165), 영(0) 채움 유무 5칸 무시 | 진짜 정정(양 블록 내부 검산 통과): 금액 차이 행 10개·126칸(최대 1031억원) | -> 2025.4Q PDF 전기 블록 채택"
KR0100,처브라이프생명보험,2025.4Q,data/disclosure/FY2025_Q4/raw/KR0100_처브라이프생명보험.pdf <2025년> p28-31,,,,,,,,,,,,,최신 결산(후속 공시 없음)
KR0104,농협생명보험,2023.4Q,data/disclosure/FY2024_Q4/raw/KR0104_농협생명보험.pdf <2023년> p35-39,,,,,,,,,,,,FROM_NEXT_YEAR_PRIOR_BLOCK,"당기 원천 없음 -> 후속 공시 전기 블록으로 채움. 2023.4Q PDF <-년> ABSENT_IN_SOURCE: 전 쪽 키워드 0건(예상손해율·실제손해율·위험보험료 대비 예상보험금), 본문 텍스트쪽 494/495 (앞 100쪽 중 100%); ①② 표는 2024.4Q 결산본부터 신설"
KR0104,농협생명보험,2024.4Q,data/disclosure/FY2024_Q4/raw/KR0104_농협생명보험.pdf <2024년> p30-34,data/disclosure/FY2025_Q4/raw/KR0104_농협생명보험.pdf <2024년> p36-40,480,0,0,0,0.0,0.0,0,0,0,,,"2024.4Q PDF <2024년> vs 2025.4Q PDF <2024년> 대조 480칸: 동일 480(+인쇄 정밀도만 다름 0), 값 차이 0(금액 0·비율 0), 영(0) 채움 유무 0칸 무시 | 값 동일 -> 당기 블록(Y.4Q PDF) 채택"
KR0104,농협생명보험,2025.4Q,data/disclosure/FY2025_Q4/raw/KR0104_농협생명보험.pdf <2025년> p31-35,,,,,,,,,,,,,최신 결산(후속 공시 없음)
KR1000,코리안리재보험,2024.4Q,data/disclosure/FY2025_Q4/raw/KR1000_코리안리.pdf <2024년> p18-22,data/disclosure/FY2024_Q4/raw/KR1000_코리안리.pdf <2024년> p15-18,528,19,18,1,1.0,1.0,0,0,1,진짜 정정(양 블록 내부 검산 통과),"RESTATED(차이 18/528칸(금액), 최대차 1억원, 비율칸 차이 1)","2024.4Q PDF <2024년> vs 2025.4Q PDF <2024년> 대조 528칸: 동일 509(+인쇄 정밀도만 다름 0), 값 차이 19(금액 18·비율 1), 영(0) 채움 유무 0칸 무시 | 라벨만 바뀐 행(값 동일, 정정 아님): 장기손해/전통형재보험/Non-Par/유배당/기타 -> 장기손해/전통형재보험/Non-Par/무배당/기타 | 진짜 정정(양 블록 내부 검산 통과): 금액 차이 전부 ±1억원 이내(반올림 수준 재계산); 금액 차이 행 3개·18칸(최대 1억원) | -> 2025.4Q PDF 전기 블록 채택"
KR1000,코리안리재보험,2025.4Q,data/disclosure/FY2025_Q4/raw/KR1000_코리안리.pdf <2025년> p17-21,,,,,,,,,,,,,최신 결산(후속 공시 없음)
KR1010,교보라이프플래닛생명보험,2023.4Q,data/disclosure/FY2024_Q4/raw/KR1010_교보라이프플래닛생명보험.pdf <2023년> p31-33,,,,,,,,,,,,FROM_NEXT_YEAR_PRIOR_BLOCK,"당기 원천 없음 -> 후속 공시 전기 블록으로 채움. 2023.4Q PDF <-년> ABSENT_IN_SOURCE: 전 쪽 키워드 0건(예상손해율·실제손해율·위험보험료 대비 예상보험금), 본문 텍스트쪽 130/130 (앞 100쪽 중 100%); ①② 표는 2024.4Q 결산본부터 신설"
KR1010,교보라이프플래닛생명보험,2024.4Q,data/disclosure/FY2024_Q4/raw/KR1010_교보라이프플래닛생명보험.pdf <2024년> p28-30,data/disclosure/FY2025_Q4/raw/KR1010_교보라이프플래닛생명보험.pdf <2024년> p31-33,241,0,0,0,0.0,0.0,0,0,0,,,"2024.4Q PDF <2024년> vs 2025.4Q PDF <2024년> 대조 241칸: 동일 241(+인쇄 정밀도만 다름 0), 값 차이 0(금액 0·비율 0), 영(0) 채움 유무 0칸 무시 | 값 동일 -> 당기 블록(Y.4Q PDF) 채택"
KR1010,교보라이프플래닛생명보험,2025.4Q,data/disclosure/FY2025_Q4/raw/KR1010_교보라이프플래닛생명보험.pdf <2025년> p28-30,,,,,,,,,,,,,최신 결산(후속 공시 없음)
KR1098,카카오페이손해보험,2023.4Q,,,,,,,,,,,,,NO_USABLE_BLOCK,사용 가능한 블록 없음(블록은 있으나 금액 칸이 전부 대시 -> 값 없음): 2024.4Q PDF <2023년> (2024.4Q PDF <2023년> ABSENT_IN_SOURCE [셀 624·값 있는 셀 0]: vision 판독: 전 칸 '-' (값 없음))
KR1098,카카오페이손해보험,2024.4Q,data/disclosure/FY2024_Q4/raw/KR1098_카카오페이손해보험.pdf <2024년> p19,data/disclosure/FY2025_Q4/raw/KR1098_카카오페이손해보험.pdf <2024년> p20,72,0,0,0,0.0,0.0,46,0,0,,,"2024.4Q PDF <2024년> vs 2025.4Q PDF <2024년> 대조 72칸: 동일 26(+인쇄 정밀도만 다름 46), 값 차이 0(금액 0·비율 0), 영(0) 채움 유무 0칸 무시 | 값 동일 -> 당기 블록(Y.4Q PDF) 채택"
KR1098,카카오페이손해보험,2025.4Q,data/disclosure/FY2025_Q4/raw/KR1098_카카오페이손해보험.pdf <2025년> p20,,,,,,,,,,,,,최신 결산(후속 공시 없음)
