원문구분,원문포트폴리오,세그먼트,회사수,회사목록,표준_구분,표준_상품구분,표준_포트폴리오,비고
합계,,,35,"KR0001,KR0002,KR0003,KR0004,KR0005,KR0008,KR0009,KR0010,KR0011,KR0029,KR0032,KR0049,KR0050,KR0051,KR0068,KR0069,KR0070,KR0071,KR0072,KR0073,KR0074,KR0075,KR0076,KR0079,KR0082,KR0083,KR0087,KR0094,KR0095,KR0097,KR0099,KR0100,KR0104,KR1010,KR1098",합계,,합계,
합계,,생명/공동재보험,1,KR1000,합계,,합계,세그먼트 `생명/공동재보험`: 한 회사 안의 추가 축(부문/사업구분) -- 마스터 키 = 세그먼트+구분+상품구분+포트폴리오(세그먼트별 합계 행이 따로 있음)
합계,,생명/전통형재보험,1,KR1000,합계,,합계,세그먼트 `생명/전통형재보험`: 한 회사 안의 추가 축(부문/사업구분) -- 마스터 키 = 세그먼트+구분+상품구분+포트폴리오(세그먼트별 합계 행이 따로 있음)
합계,,장기손해/공동재보험,1,KR1000,합계,,합계,세그먼트 `장기손해/공동재보험`: 한 회사 안의 추가 축(부문/사업구분) -- 마스터 키 = 세그먼트+구분+상품구분+포트폴리오(세그먼트별 합계 행이 따로 있음)
합계,,장기손해/전통형재보험,1,KR1000,합계,,합계,세그먼트 `장기손해/전통형재보험`: 한 회사 안의 추가 축(부문/사업구분) -- 마스터 키 = 세그먼트+구분+상품구분+포트폴리오(세그먼트별 합계 행이 따로 있음)
합계,합계,,4,"KR0005,KR0010,KR0080,KR1098",합계,,합계,
Non-Par,유배당사망,,18,"KR0068,KR0070,KR0071,KR0072,KR0073,KR0074,KR0075,KR0076,KR0080,KR0082,KR0083,KR0087,KR0094,KR0095,KR0097,KR0100,KR0104,KR1010",Non-Par,유배당,사망,
NonPar,유배당사망,,1,KR0099,Non-Par,유배당,사망,구분 인쇄 변형(대소문자·하이픈) -> 같은 표준
Non-Par,유배당건강,,18,"KR0068,KR0070,KR0071,KR0072,KR0073,KR0074,KR0075,KR0076,KR0080,KR0082,KR0083,KR0087,KR0094,KR0095,KR0097,KR0100,KR0104,KR1010",Non-Par,유배당,건강,생보 `건강` 은 손보 `상해`·`질병` 과 합치지 않음(인쇄 라벨 그대로)
NonPar,유배당건강,,1,KR0099,Non-Par,유배당,건강,구분 인쇄 변형(대소문자·하이픈) -> 같은 표준; 생보 `건강` 은 손보 `상해`·`질병` 과 합치지 않음(인쇄 라벨 그대로)
Non-Par,유배당상해,,6,"KR0003,KR0005,KR0009,KR0029,KR0050,KR1098",Non-Par,유배당,상해,손보 `상해`·`질병`·`재물` 은 생보 `건강`·`사망` 과 합치지 않음(인쇄 라벨 그대로)
NonPAR,유배당상해,,1,KR0003,Non-Par,유배당,상해,구분 인쇄 변형(대소문자·하이픈) -> 같은 표준; 손보 `상해`·`질병`·`재물` 은 생보 `건강`·`사망` 과 합치지 않음(인쇄 라벨 그대로)
Non-Par,유배당질병,,6,"KR0003,KR0005,KR0009,KR0029,KR0050,KR1098",Non-Par,유배당,질병,
NonPAR,유배당질병,,1,KR0003,Non-Par,유배당,질병,구분 인쇄 변형(대소문자·하이픈) -> 같은 표준
Non-Par,유배당재물,,6,"KR0003,KR0005,KR0009,KR0029,KR0050,KR1098",Non-Par,유배당,재물,
NonPAR,유배당재물,,1,KR0003,Non-Par,유배당,재물,구분 인쇄 변형(대소문자·하이픈) -> 같은 표준
Non-Par,유배당연금·저축,,1,KR0050,Non-Par,유배당,연금저축,포트폴리오 인쇄 변형(가운뎃점 · ∙ ㆍ 또는 글자 분리) -> 정규화 후 같은 표준
Non-Par,유배당연금∙저축,,19,"KR0001,KR0003,KR0005,KR0009,KR0029,KR0070,KR0071,KR0073,KR0074,KR0075,KR0076,KR0082,KR0087,KR0094,KR0095,KR0097,KR0100,KR0104,KR1010",Non-Par,유배당,연금저축,포트폴리오 인쇄 변형(가운뎃점 · ∙ ㆍ 또는 글자 분리) -> 정규화 후 같은 표준
Non-Par,유배당연금ㆍ저축,,2,"KR0004,KR0071",Non-Par,유배당,연금저축,포트폴리오 인쇄 변형(가운뎃점 · ∙ ㆍ 또는 글자 분리) -> 정규화 후 같은 표준
Non-Par,유배당연금저축,,8,"KR0005,KR0010,KR0068,KR0072,KR0080,KR0083,KR0095,KR1098",Non-Par,유배당,연금저축,
NonPAR,유배당연금저축,,1,KR0003,Non-Par,유배당,연금저축,구분 인쇄 변형(대소문자·하이픈) -> 같은 표준
NonPar,유배당연금저축,,1,KR0099,Non-Par,유배당,연금저축,구분 인쇄 변형(대소문자·하이픈) -> 같은 표준
Non-Par,유배당기타,,23,"KR0003,KR0005,KR0009,KR0029,KR0050,KR0068,KR0070,KR0071,KR0072,KR0073,KR0075,KR0076,KR0080,KR0082,KR0083,KR0087,KR0094,KR0095,KR0097,KR0100,KR0104,KR1010,KR1098",Non-Par,유배당,기타,
Non-Par,유배당기타,장기손해/전통형재보험,1,KR1000,Non-Par,유배당,기타,세그먼트 `장기손해/전통형재보험`: 한 회사 안의 추가 축(부문/사업구분) -- 마스터 키 = 세그먼트+구분+상품구분+포트폴리오(세그먼트별 합계 행이 따로 있음)
NonPAR,유배당기타,,1,KR0003,Non-Par,유배당,기타,구분 인쇄 변형(대소문자·하이픈) -> 같은 표준
NonPar,유배당기타,,1,KR0099,Non-Par,유배당,기타,구분 인쇄 변형(대소문자·하이픈) -> 같은 표준
Non-Par,무배당사망,,20,"KR0068,KR0069,KR0070,KR0071,KR0072,KR0073,KR0074,KR0075,KR0076,KR0079,KR0080,KR0082,KR0083,KR0087,KR0094,KR0095,KR0097,KR0100,KR0104,KR1010",Non-Par,무배당,사망,
Non-Par,무배당사망,생명/공동재보험,1,KR1000,Non-Par,무배당,사망,세그먼트 `생명/공동재보험`: 한 회사 안의 추가 축(부문/사업구분) -- 마스터 키 = 세그먼트+구분+상품구분+포트폴리오(세그먼트별 합계 행이 따로 있음)
Non-Par,무배당사망,생명/전통형재보험,1,KR1000,Non-Par,무배당,사망,세그먼트 `생명/전통형재보험`: 한 회사 안의 추가 축(부문/사업구분) -- 마스터 키 = 세그먼트+구분+상품구분+포트폴리오(세그먼트별 합계 행이 따로 있음)
NonPar,무배당사망,,1,KR0099,Non-Par,무배당,사망,구분 인쇄 변형(대소문자·하이픈) -> 같은 표준
Non-Par,무배당건강,,20,"KR0068,KR0069,KR0070,KR0071,KR0072,KR0073,KR0074,KR0075,KR0076,KR0079,KR0080,KR0082,KR0083,KR0087,KR0094,KR0095,KR0097,KR0100,KR0104,KR1010",Non-Par,무배당,건강,생보 `건강` 은 손보 `상해`·`질병` 과 합치지 않음(인쇄 라벨 그대로)
Non-Par,무배당건강,생명/전통형재보험,1,KR1000,Non-Par,무배당,건강,생보 `건강` 은 손보 `상해`·`질병` 과 합치지 않음(인쇄 라벨 그대로); 세그먼트 `생명/전통형재보험`: 한 회사 안의 추가 축(부문/사업구분) -- 마스터 키 = 세그먼트+구분+상품구분+포트폴리오(세그먼트별 합계 행이 따로 있음)
NonPar,무배당건강,,1,KR0099,Non-Par,무배당,건강,구분 인쇄 변형(대소문자·하이픈) -> 같은 표준; 생보 `건강` 은 손보 `상해`·`질병` 과 합치지 않음(인쇄 라벨 그대로)
Non-Par,무배당상해,,15,"KR0001,KR0002,KR0003,KR0004,KR0005,KR0008,KR0009,KR0010,KR0011,KR0029,KR0032,KR0049,KR0050,KR0051,KR1098",Non-Par,무배당,상해,손보 `상해`·`질병`·`재물` 은 생보 `건강`·`사망` 과 합치지 않음(인쇄 라벨 그대로)
Non-Par,무배당상해,장기손해/전통형재보험,1,KR1000,Non-Par,무배당,상해,손보 `상해`·`질병`·`재물` 은 생보 `건강`·`사망` 과 합치지 않음(인쇄 라벨 그대로); 세그먼트 `장기손해/전통형재보험`: 한 회사 안의 추가 축(부문/사업구분) -- 마스터 키 = 세그먼트+구분+상품구분+포트폴리오(세그먼트별 합계 행이 따로 있음)
NonPAR,무배당상해,,1,KR0003,Non-Par,무배당,상해,구분 인쇄 변형(대소문자·하이픈) -> 같은 표준; 손보 `상해`·`질병`·`재물` 은 생보 `건강`·`사망` 과 합치지 않음(인쇄 라벨 그대로)
NonPar,무배당상해,,2,"KR0002,KR0032",Non-Par,무배당,상해,구분 인쇄 변형(대소문자·하이픈) -> 같은 표준; 손보 `상해`·`질병`·`재물` 은 생보 `건강`·`사망` 과 합치지 않음(인쇄 라벨 그대로)
Non-Par,무배당질병,,14,"KR0001,KR0002,KR0003,KR0004,KR0005,KR0008,KR0009,KR0010,KR0011,KR0029,KR0032,KR0049,KR0050,KR1098",Non-Par,무배당,질병,
Non-Par,무배당질병,장기손해/공동재보험,1,KR1000,Non-Par,무배당,질병,세그먼트 `장기손해/공동재보험`: 한 회사 안의 추가 축(부문/사업구분) -- 마스터 키 = 세그먼트+구분+상품구분+포트폴리오(세그먼트별 합계 행이 따로 있음)
Non-Par,무배당질병,장기손해/전통형재보험,1,KR1000,Non-Par,무배당,질병,세그먼트 `장기손해/전통형재보험`: 한 회사 안의 추가 축(부문/사업구분) -- 마스터 키 = 세그먼트+구분+상품구분+포트폴리오(세그먼트별 합계 행이 따로 있음)
NonPAR,무배당질병,,1,KR0003,Non-Par,무배당,질병,구분 인쇄 변형(대소문자·하이픈) -> 같은 표준
NonPar,무배당질병,,2,"KR0002,KR0032",Non-Par,무배당,질병,구분 인쇄 변형(대소문자·하이픈) -> 같은 표준
Non-Par,무배당재물,,12,"KR0001,KR0002,KR0003,KR0005,KR0008,KR0009,KR0010,KR0029,KR0032,KR0050,KR0051,KR1098",Non-Par,무배당,재물,
Non-Par,무배당재물,장기손해/전통형재보험,1,KR1000,Non-Par,무배당,재물,세그먼트 `장기손해/전통형재보험`: 한 회사 안의 추가 축(부문/사업구분) -- 마스터 키 = 세그먼트+구분+상품구분+포트폴리오(세그먼트별 합계 행이 따로 있음)
NonPAR,무배당재물,,1,KR0003,Non-Par,무배당,재물,구분 인쇄 변형(대소문자·하이픈) -> 같은 표준
NonPar,무배당재물,,2,"KR0002,KR0032",Non-Par,무배당,재물,구분 인쇄 변형(대소문자·하이픈) -> 같은 표준
Non-Par,무배당연금·저축,,1,KR0050,Non-Par,무배당,연금저축,포트폴리오 인쇄 변형(가운뎃점 · ∙ ㆍ 또는 글자 분리) -> 정규화 후 같은 표준
Non-Par,무배당연금∙저축,,24,"KR0001,KR0002,KR0003,KR0005,KR0009,KR0011,KR0029,KR0032,KR0069,KR0070,KR0071,KR0073,KR0074,KR0075,KR0076,KR0082,KR0083,KR0087,KR0094,KR0095,KR0097,KR0100,KR0104,KR1010",Non-Par,무배당,연금저축,포트폴리오 인쇄 변형(가운뎃점 · ∙ ㆍ 또는 글자 분리) -> 정규화 후 같은 표준
Non-Par,무배당연금ㆍ저축,,3,"KR0004,KR0071,KR0079",Non-Par,무배당,연금저축,포트폴리오 인쇄 변형(가운뎃점 · ∙ ㆍ 또는 글자 분리) -> 정규화 후 같은 표준
Non-Par,무배당연금저축,,7,"KR0005,KR0068,KR0072,KR0080,KR0083,KR0095,KR1098",Non-Par,무배당,연금저축,
NonPAR,무배당연금저축,,1,KR0003,Non-Par,무배당,연금저축,구분 인쇄 변형(대소문자·하이픈) -> 같은 표준
NonPar,무배당연금∙저축,,2,"KR0002,KR0032",Non-Par,무배당,연금저축,구분 인쇄 변형(대소문자·하이픈) -> 같은 표준; 포트폴리오 인쇄 변형(가운뎃점 · ∙ ㆍ 또는 글자 분리) -> 정규화 후 같은 표준
NonPar,무배당연금저축,,1,KR0099,Non-Par,무배당,연금저축,구분 인쇄 변형(대소문자·하이픈) -> 같은 표준
Non-Par,무배당기타,,26,"KR0001,KR0002,KR0005,KR0010,KR0032,KR0049,KR0050,KR0051,KR0068,KR0070,KR0071,KR0072,KR0073,KR0075,KR0076,KR0080,KR0082,KR0083,KR0087,KR0094,KR0095,KR0097,KR0100,KR0104,KR1010,KR1098",Non-Par,무배당,기타,
Non-Par,무배당기타,생명/전통형재보험,1,KR1000,Non-Par,무배당,기타,세그먼트 `생명/전통형재보험`: 한 회사 안의 추가 축(부문/사업구분) -- 마스터 키 = 세그먼트+구분+상품구분+포트폴리오(세그먼트별 합계 행이 따로 있음)
Non-Par,무배당기타,장기손해/전통형재보험,1,KR1000,Non-Par,무배당,기타,세그먼트 `장기손해/전통형재보험`: 한 회사 안의 추가 축(부문/사업구분) -- 마스터 키 = 세그먼트+구분+상품구분+포트폴리오(세그먼트별 합계 행이 따로 있음)
Non-Par,유배당기타,,3,"KR0003,KR0009,KR0029",Non-Par,무배당,기타,"추출기 라벨보정: 원문 `유배당기타` -> `무배당기타` (원문 라벨 '유배당기타' 가 같은 구분에 두 번 인쇄 -> 순서상 둘째를 '무배당기타' 로 보정) -- 원문만으로는 확정 불가, 오기 가능성"
NonPAR,무배당기타,,1,KR0003,Non-Par,무배당,기타,구분 인쇄 변형(대소문자·하이픈) -> 같은 표준
NonPar,무배당기타,,2,"KR0002,KR0099",Non-Par,무배당,기타,구분 인쇄 변형(대소문자·하이픈) -> 같은 표준
NonPar,유배당기타,,1,KR0032,Non-Par,무배당,기타,"추출기 라벨보정: 원문 `유배당기타` -> `무배당기타` (원문 라벨 '유배당기타' 가 같은 구분에 두 번 인쇄 -> 순서상 둘째를 '무배당기타' 로 보정) -- 원문만으로는 확정 불가, 오기 가능성; 구분 인쇄 변형(대소문자·하이픈) -> 같은 표준"
Non-Par,변액사망,,17,"KR0068,KR0070,KR0071,KR0072,KR0073,KR0075,KR0076,KR0080,KR0082,KR0083,KR0087,KR0094,KR0095,KR0097,KR0100,KR0104,KR1010",Non-Par,변액,사망,
NonPar,변액사망,,1,KR0099,Non-Par,변액,사망,구분 인쇄 변형(대소문자·하이픈) -> 같은 표준
Non-Par,변액건강,,17,"KR0068,KR0070,KR0071,KR0072,KR0073,KR0075,KR0076,KR0080,KR0082,KR0083,KR0087,KR0094,KR0095,KR0097,KR0100,KR0104,KR1010",Non-Par,변액,건강,생보 `건강` 은 손보 `상해`·`질병` 과 합치지 않음(인쇄 라벨 그대로)
NonPar,변액건강,,1,KR0099,Non-Par,변액,건강,구분 인쇄 변형(대소문자·하이픈) -> 같은 표준; 생보 `건강` 은 손보 `상해`·`질병` 과 합치지 않음(인쇄 라벨 그대로)
Non-Par,변액연금∙저축,,13,"KR0070,KR0071,KR0073,KR0075,KR0076,KR0082,KR0087,KR0094,KR0095,KR0097,KR0100,KR0104,KR1010",Non-Par,변액,연금저축,포트폴리오 인쇄 변형(가운뎃점 · ∙ ㆍ 또는 글자 분리) -> 정규화 후 같은 표준
Non-Par,변액연금저축,,5,"KR0068,KR0072,KR0080,KR0083,KR0095",Non-Par,변액,연금저축,
NonPar,변액연금저축,,1,KR0099,Non-Par,변액,연금저축,구분 인쇄 변형(대소문자·하이픈) -> 같은 표준
Non-Par,변액기타,,17,"KR0068,KR0070,KR0071,KR0072,KR0073,KR0075,KR0076,KR0080,KR0082,KR0083,KR0087,KR0094,KR0095,KR0097,KR0100,KR0104,KR1010",Non-Par,변액,기타,
NonPar,변액기타,,1,KR0099,Non-Par,변액,기타,구분 인쇄 변형(대소문자·하이픈) -> 같은 표준
Non-Par,자산연계형연금·저축,,1,KR0050,Non-Par,,자산연계형연금저축,"포트폴리오 인쇄 변형(가운뎃점 · ∙ ㆍ 또는 글자 분리) -> 정규화 후 같은 표준; `자산연계형` 은 유/무배당·변액과 다른 상품군 라벨이라 접두어가 없음 -> 상품구분 공란, 포트폴리오로 둠"
Non-Par,자산연계형연금∙저축,,16,"KR0003,KR0009,KR0029,KR0070,KR0071,KR0073,KR0075,KR0076,KR0082,KR0087,KR0094,KR0095,KR0097,KR0100,KR0104,KR1010",Non-Par,,자산연계형연금저축,"포트폴리오 인쇄 변형(가운뎃점 · ∙ ㆍ 또는 글자 분리) -> 정규화 후 같은 표준; `자산연계형` 은 유/무배당·변액과 다른 상품군 라벨이라 접두어가 없음 -> 상품구분 공란, 포트폴리오로 둠"
Non-Par,자산연계형연금저∙축,,1,KR0083,Non-Par,,자산연계형연금저축,"포트폴리오 인쇄 변형(가운뎃점 · ∙ ㆍ 또는 글자 분리) -> 정규화 후 같은 표준; `자산연계형` 은 유/무배당·변액과 다른 상품군 라벨이라 접두어가 없음 -> 상품구분 공란, 포트폴리오로 둠"
Non-Par,자산연계형연금저축,,7,"KR0005,KR0068,KR0072,KR0080,KR0083,KR0095,KR1098",Non-Par,,자산연계형연금저축,"`자산연계형` 은 유/무배당·변액과 다른 상품군 라벨이라 접두어가 없음 -> 상품구분 공란, 포트폴리오로 둠"
NonPar,자산연계형연금저축,,1,KR0099,Non-Par,,자산연계형연금저축,"구분 인쇄 변형(대소문자·하이픈) -> 같은 표준; `자산연계형` 은 유/무배당·변액과 다른 상품군 라벨이라 접두어가 없음 -> 상품구분 공란, 포트폴리오로 둠"
Non-Par,기타,,23,"KR0003,KR0005,KR0009,KR0029,KR0050,KR0068,KR0070,KR0071,KR0072,KR0073,KR0075,KR0076,KR0080,KR0082,KR0083,KR0087,KR0094,KR0095,KR0097,KR0100,KR0104,KR1010,KR1098",Non-Par,,기타,"접두어 없는 `기타`: 유배당/무배당 어느 쪽인지 원문에 없음 -> 상품구분 공란 유지(추정해 붙이지 않음); 값이 있는 접두어 없는 `기타` 행이 나온 회사 8곳(KR0003,KR0004,KR0009,KR0029,KR0050,KR0073,KR0094,KR0095); 그중 KR0009,KR0029,KR0050,KR0073,KR0094,KR0095 는 같은 블록에 유배당기타·무배당기타(또는 변액기타)도 값이 있어 별도 행이라 합칠 수 없음; KR0003(무배당) 는 후속 공시가 같은 숫자를 접두어 붙은 기타로 재인쇄(라벨만 변경) -> 접두어 없는 기타가 그쪽일 수 있으나 회사별 확정 불가"
NonPar,기타,,1,KR0099,Non-Par,,기타,"구분 인쇄 변형(대소문자·하이픈) -> 같은 표준; 접두어 없는 `기타`: 유배당/무배당 어느 쪽인지 원문에 없음 -> 상품구분 공란 유지(추정해 붙이지 않음); 값이 있는 접두어 없는 `기타` 행이 나온 회사 8곳(KR0003,KR0004,KR0009,KR0029,KR0050,KR0073,KR0094,KR0095); 그중 KR0009,KR0029,KR0050,KR0073,KR0094,KR0095 는 같은 블록에 유배당기타·무배당기타(또는 변액기타)도 값이 있어 별도 행이라 합칠 수 없음; KR0003(무배당) 는 후속 공시가 같은 숫자를 접두어 붙은 기타로 재인쇄(라벨만 변경) -> 접두어 없는 기타가 그쪽일 수 있으나 회사별 확정 불가"
Direct-Par,유배당사망,,17,"KR0068,KR0070,KR0071,KR0072,KR0073,KR0075,KR0076,KR0080,KR0082,KR0083,KR0087,KR0094,KR0095,KR0097,KR0100,KR0104,KR1010",Direct-Par,유배당,사망,
DirectPar,유배당사망,,1,KR0099,Direct-Par,유배당,사망,구분 인쇄 변형(대소문자·하이픈) -> 같은 표준
direct-Par,유배당사망,,1,KR0104,Direct-Par,유배당,사망,구분 인쇄 변형(대소문자·하이픈) -> 같은 표준
Direct-Par,유배당건강,,17,"KR0068,KR0070,KR0071,KR0072,KR0073,KR0075,KR0076,KR0080,KR0082,KR0083,KR0087,KR0094,KR0095,KR0097,KR0100,KR0104,KR1010",Direct-Par,유배당,건강,생보 `건강` 은 손보 `상해`·`질병` 과 합치지 않음(인쇄 라벨 그대로)
DirectPar,유배당건강,,1,KR0099,Direct-Par,유배당,건강,구분 인쇄 변형(대소문자·하이픈) -> 같은 표준; 생보 `건강` 은 손보 `상해`·`질병` 과 합치지 않음(인쇄 라벨 그대로)
direct-Par,유배당건강,,1,KR0104,Direct-Par,유배당,건강,구분 인쇄 변형(대소문자·하이픈) -> 같은 표준; 생보 `건강` 은 손보 `상해`·`질병` 과 합치지 않음(인쇄 라벨 그대로)
Direct-Par,유배당상해,,1,KR0005,Direct-Par,유배당,상해,손보 `상해`·`질병`·`재물` 은 생보 `건강`·`사망` 과 합치지 않음(인쇄 라벨 그대로)
DirectPar,유배당상해,,4,"KR0003,KR0009,KR0029,KR0050",Direct-Par,유배당,상해,구분 인쇄 변형(대소문자·하이픈) -> 같은 표준; 손보 `상해`·`질병`·`재물` 은 생보 `건강`·`사망` 과 합치지 않음(인쇄 라벨 그대로)
directPar,유배당상해,,1,KR0050,Direct-Par,유배당,상해,구분 인쇄 변형(대소문자·하이픈) -> 같은 표준; 손보 `상해`·`질병`·`재물` 은 생보 `건강`·`사망` 과 합치지 않음(인쇄 라벨 그대로)
Direct-Par,유배당질병,,1,KR0005,Direct-Par,유배당,질병,
DirectPar,유배당질병,,4,"KR0003,KR0009,KR0029,KR0050",Direct-Par,유배당,질병,구분 인쇄 변형(대소문자·하이픈) -> 같은 표준
directPar,유배당질병,,1,KR0050,Direct-Par,유배당,질병,구분 인쇄 변형(대소문자·하이픈) -> 같은 표준
Direct-Par,유배당재물,,1,KR0005,Direct-Par,유배당,재물,
DirectPar,유배당재물,,4,"KR0003,KR0009,KR0029,KR0050",Direct-Par,유배당,재물,구분 인쇄 변형(대소문자·하이픈) -> 같은 표준
directPar,유배당재물,,1,KR0050,Direct-Par,유배당,재물,구분 인쇄 변형(대소문자·하이픈) -> 같은 표준
Direct-Par,유배당연금∙저축,,13,"KR0070,KR0071,KR0073,KR0075,KR0076,KR0082,KR0087,KR0094,KR0095,KR0097,KR0100,KR0104,KR1010",Direct-Par,유배당,연금저축,포트폴리오 인쇄 변형(가운뎃점 · ∙ ㆍ 또는 글자 분리) -> 정규화 후 같은 표준
Direct-Par,유배당연금저축,,6,"KR0005,KR0068,KR0072,KR0080,KR0083,KR0095",Direct-Par,유배당,연금저축,
DirectPar,유배당연금·저축,,1,KR0050,Direct-Par,유배당,연금저축,구분 인쇄 변형(대소문자·하이픈) -> 같은 표준; 포트폴리오 인쇄 변형(가운뎃점 · ∙ ㆍ 또는 글자 분리) -> 정규화 후 같은 표준
DirectPar,유배당연금∙저축,,3,"KR0003,KR0009,KR0029",Direct-Par,유배당,연금저축,구분 인쇄 변형(대소문자·하이픈) -> 같은 표준; 포트폴리오 인쇄 변형(가운뎃점 · ∙ ㆍ 또는 글자 분리) -> 정규화 후 같은 표준
DirectPar,유배당연금저축,,1,KR0099,Direct-Par,유배당,연금저축,구분 인쇄 변형(대소문자·하이픈) -> 같은 표준
direct-Par,유배당연금∙저축,,1,KR0104,Direct-Par,유배당,연금저축,구분 인쇄 변형(대소문자·하이픈) -> 같은 표준; 포트폴리오 인쇄 변형(가운뎃점 · ∙ ㆍ 또는 글자 분리) -> 정규화 후 같은 표준
directPar,유배당연금·저축,,1,KR0050,Direct-Par,유배당,연금저축,구분 인쇄 변형(대소문자·하이픈) -> 같은 표준; 포트폴리오 인쇄 변형(가운뎃점 · ∙ ㆍ 또는 글자 분리) -> 정규화 후 같은 표준
Direct-Par,유배당기타,,18,"KR0005,KR0068,KR0070,KR0071,KR0072,KR0073,KR0075,KR0076,KR0080,KR0082,KR0083,KR0087,KR0094,KR0095,KR0097,KR0100,KR0104,KR1010",Direct-Par,유배당,기타,
DirectPar,유배당기타,,5,"KR0003,KR0009,KR0029,KR0050,KR0099",Direct-Par,유배당,기타,구분 인쇄 변형(대소문자·하이픈) -> 같은 표준
direct-Par,유배당기타,,1,KR0104,Direct-Par,유배당,기타,구분 인쇄 변형(대소문자·하이픈) -> 같은 표준
directPar,유배당기타,,1,KR0050,Direct-Par,유배당,기타,구분 인쇄 변형(대소문자·하이픈) -> 같은 표준
Direct-Par,무배당사망,,17,"KR0068,KR0070,KR0071,KR0072,KR0073,KR0075,KR0076,KR0080,KR0082,KR0083,KR0087,KR0094,KR0095,KR0097,KR0100,KR0104,KR1010",Direct-Par,무배당,사망,
DirectPar,무배당사망,,1,KR0099,Direct-Par,무배당,사망,구분 인쇄 변형(대소문자·하이픈) -> 같은 표준
direct-Par,무배당사망,,1,KR0104,Direct-Par,무배당,사망,구분 인쇄 변형(대소문자·하이픈) -> 같은 표준
Direct-Par,무배당건강,,17,"KR0068,KR0070,KR0071,KR0072,KR0073,KR0075,KR0076,KR0080,KR0082,KR0083,KR0087,KR0094,KR0095,KR0097,KR0100,KR0104,KR1010",Direct-Par,무배당,건강,생보 `건강` 은 손보 `상해`·`질병` 과 합치지 않음(인쇄 라벨 그대로)
DirectPar,무배당건강,,1,KR0099,Direct-Par,무배당,건강,구분 인쇄 변형(대소문자·하이픈) -> 같은 표준; 생보 `건강` 은 손보 `상해`·`질병` 과 합치지 않음(인쇄 라벨 그대로)
direct-Par,무배당건강,,1,KR0104,Direct-Par,무배당,건강,구분 인쇄 변형(대소문자·하이픈) -> 같은 표준; 생보 `건강` 은 손보 `상해`·`질병` 과 합치지 않음(인쇄 라벨 그대로)
Direct-Par,무배당상해,,1,KR0005,Direct-Par,무배당,상해,손보 `상해`·`질병`·`재물` 은 생보 `건강`·`사망` 과 합치지 않음(인쇄 라벨 그대로)
DirectPar,무배당상해,,4,"KR0003,KR0009,KR0029,KR0050",Direct-Par,무배당,상해,구분 인쇄 변형(대소문자·하이픈) -> 같은 표준; 손보 `상해`·`질병`·`재물` 은 생보 `건강`·`사망` 과 합치지 않음(인쇄 라벨 그대로)
directPar,무배당상해,,1,KR0050,Direct-Par,무배당,상해,구분 인쇄 변형(대소문자·하이픈) -> 같은 표준; 손보 `상해`·`질병`·`재물` 은 생보 `건강`·`사망` 과 합치지 않음(인쇄 라벨 그대로)
Direct-Par,무배당질병,,1,KR0005,Direct-Par,무배당,질병,
DirectPar,무배당질병,,4,"KR0003,KR0009,KR0029,KR0050",Direct-Par,무배당,질병,구분 인쇄 변형(대소문자·하이픈) -> 같은 표준
directPar,무배당질병,,1,KR0050,Direct-Par,무배당,질병,구분 인쇄 변형(대소문자·하이픈) -> 같은 표준
Direct-Par,무배당재물,,1,KR0005,Direct-Par,무배당,재물,
DirectPar,무배당재물,,4,"KR0003,KR0009,KR0029,KR0050",Direct-Par,무배당,재물,구분 인쇄 변형(대소문자·하이픈) -> 같은 표준
directPar,무배당재물,,1,KR0050,Direct-Par,무배당,재물,구분 인쇄 변형(대소문자·하이픈) -> 같은 표준
Direct-Par,무배당연금∙저축,,13,"KR0070,KR0071,KR0073,KR0075,KR0076,KR0082,KR0087,KR0094,KR0095,KR0097,KR0100,KR0104,KR1010",Direct-Par,무배당,연금저축,포트폴리오 인쇄 변형(가운뎃점 · ∙ ㆍ 또는 글자 분리) -> 정규화 후 같은 표준
Direct-Par,무배당연금저축,,6,"KR0005,KR0068,KR0072,KR0080,KR0083,KR0095",Direct-Par,무배당,연금저축,
DirectPar,무배당연금·저축,,1,KR0050,Direct-Par,무배당,연금저축,구분 인쇄 변형(대소문자·하이픈) -> 같은 표준; 포트폴리오 인쇄 변형(가운뎃점 · ∙ ㆍ 또는 글자 분리) -> 정규화 후 같은 표준
DirectPar,무배당연금∙저축,,3,"KR0003,KR0009,KR0029",Direct-Par,무배당,연금저축,구분 인쇄 변형(대소문자·하이픈) -> 같은 표준; 포트폴리오 인쇄 변형(가운뎃점 · ∙ ㆍ 또는 글자 분리) -> 정규화 후 같은 표준
DirectPar,무배당연금저축,,1,KR0099,Direct-Par,무배당,연금저축,구분 인쇄 변형(대소문자·하이픈) -> 같은 표준
direct-Par,무배당연금∙저축,,1,KR0104,Direct-Par,무배당,연금저축,구분 인쇄 변형(대소문자·하이픈) -> 같은 표준; 포트폴리오 인쇄 변형(가운뎃점 · ∙ ㆍ 또는 글자 분리) -> 정규화 후 같은 표준
directPar,무배당연금·저축,,1,KR0050,Direct-Par,무배당,연금저축,구분 인쇄 변형(대소문자·하이픈) -> 같은 표준; 포트폴리오 인쇄 변형(가운뎃점 · ∙ ㆍ 또는 글자 분리) -> 정규화 후 같은 표준
Direct-Par,무배당기타,,17,"KR0068,KR0070,KR0071,KR0072,KR0073,KR0075,KR0076,KR0080,KR0082,KR0083,KR0087,KR0094,KR0095,KR0097,KR0100,KR0104,KR1010",Direct-Par,무배당,기타,
Direct-Par,유배당기타,,1,KR0005,Direct-Par,무배당,기타,"추출기 라벨보정: 원문 `유배당기타` -> `무배당기타` (추출 단계에서 순서·문맥으로 보정) -- 원문만으로는 확정 불가, 오기 가능성"
DirectPar,무배당기타,,2,"KR0050,KR0099",Direct-Par,무배당,기타,구분 인쇄 변형(대소문자·하이픈) -> 같은 표준
DirectPar,유배당기타,,3,"KR0003,KR0009,KR0029",Direct-Par,무배당,기타,"추출기 라벨보정: 원문 `유배당기타` -> `무배당기타` (원문 라벨 '유배당기타' 가 같은 구분에 두 번 인쇄 -> 순서상 둘째를 '무배당기타' 로 보정) -- 원문만으로는 확정 불가, 오기 가능성; 구분 인쇄 변형(대소문자·하이픈) -> 같은 표준"
direct-Par,무배당기타,,1,KR0104,Direct-Par,무배당,기타,구분 인쇄 변형(대소문자·하이픈) -> 같은 표준
directPar,무배당기타,,1,KR0050,Direct-Par,무배당,기타,구분 인쇄 변형(대소문자·하이픈) -> 같은 표준
Direct-Par,변액사망,,20,"KR0068,KR0069,KR0070,KR0071,KR0072,KR0073,KR0074,KR0075,KR0076,KR0079,KR0080,KR0082,KR0083,KR0087,KR0094,KR0095,KR0097,KR0100,KR0104,KR1010",Direct-Par,변액,사망,
DirectPar,변액사망,,1,KR0099,Direct-Par,변액,사망,구분 인쇄 변형(대소문자·하이픈) -> 같은 표준
direct-Par,변액사망,,1,KR0104,Direct-Par,변액,사망,구분 인쇄 변형(대소문자·하이픈) -> 같은 표준
Direct-Par,변액건강,,18,"KR0068,KR0069,KR0070,KR0071,KR0072,KR0073,KR0075,KR0076,KR0080,KR0082,KR0083,KR0087,KR0094,KR0095,KR0097,KR0100,KR0104,KR1010",Direct-Par,변액,건강,생보 `건강` 은 손보 `상해`·`질병` 과 합치지 않음(인쇄 라벨 그대로)
DirectPar,변액건강,,1,KR0099,Direct-Par,변액,건강,구분 인쇄 변형(대소문자·하이픈) -> 같은 표준; 생보 `건강` 은 손보 `상해`·`질병` 과 합치지 않음(인쇄 라벨 그대로)
direct-Par,변액건강,,1,KR0104,Direct-Par,변액,건강,구분 인쇄 변형(대소문자·하이픈) -> 같은 표준; 생보 `건강` 은 손보 `상해`·`질병` 과 합치지 않음(인쇄 라벨 그대로)
Direct-Par,변액연금·저축및,,1,KR0087,Direct-Par,변액,연금저축,원문 라벨 훼손 -- 표 아래 각주('수재보험계약의') 글자가 라벨 칸에 섞임(쪽 경계). 라벨은 변액 연금·저축
Direct-Par,변액연금·저축및수재보험계약의,,1,KR0087,Direct-Par,변액,연금저축,원문 라벨 훼손 -- 표 아래 각주('주) 원수보험 및 수재보험계약의 ...') 글자가 라벨 칸에 섞임. 라벨은 변액 연금·저축
Direct-Par,변액연금∙저축,,16,"KR0069,KR0070,KR0071,KR0073,KR0074,KR0075,KR0076,KR0082,KR0083,KR0087,KR0094,KR0095,KR0097,KR0100,KR0104,KR1010",Direct-Par,변액,연금저축,포트폴리오 인쇄 변형(가운뎃점 · ∙ ㆍ 또는 글자 분리) -> 정규화 후 같은 표준
Direct-Par,변액연금ㆍ저축,,2,"KR0071,KR0079",Direct-Par,변액,연금저축,포트폴리오 인쇄 변형(가운뎃점 · ∙ ㆍ 또는 글자 분리) -> 정규화 후 같은 표준
Direct-Par,변액연금저축,,5,"KR0068,KR0072,KR0080,KR0083,KR0095",Direct-Par,변액,연금저축,
DirectPar,변액연금저축,,1,KR0099,Direct-Par,변액,연금저축,구분 인쇄 변형(대소문자·하이픈) -> 같은 표준
direct-Par,변액연금∙저축,,1,KR0104,Direct-Par,변액,연금저축,구분 인쇄 변형(대소문자·하이픈) -> 같은 표준; 포트폴리오 인쇄 변형(가운뎃점 · ∙ ㆍ 또는 글자 분리) -> 정규화 후 같은 표준
Direct-Par,변액기타,,17,"KR0068,KR0070,KR0071,KR0072,KR0073,KR0075,KR0076,KR0080,KR0082,KR0083,KR0087,KR0094,KR0095,KR0097,KR0100,KR0104,KR1010",Direct-Par,변액,기타,
DirectPar,변액기타,,1,KR0099,Direct-Par,변액,기타,구분 인쇄 변형(대소문자·하이픈) -> 같은 표준
direct-Par,변액기타,,1,KR0104,Direct-Par,변액,기타,구분 인쇄 변형(대소문자·하이픈) -> 같은 표준
Direct-Par,자산연계형연금∙저축,,13,"KR0070,KR0071,KR0073,KR0075,KR0076,KR0082,KR0087,KR0094,KR0095,KR0097,KR0100,KR0104,KR1010",Direct-Par,,자산연계형연금저축,"포트폴리오 인쇄 변형(가운뎃점 · ∙ ㆍ 또는 글자 분리) -> 정규화 후 같은 표준; `자산연계형` 은 유/무배당·변액과 다른 상품군 라벨이라 접두어가 없음 -> 상품구분 공란, 포트폴리오로 둠"
Direct-Par,자산연계형연금저축,,6,"KR0005,KR0068,KR0072,KR0080,KR0083,KR0095",Direct-Par,,자산연계형연금저축,"`자산연계형` 은 유/무배당·변액과 다른 상품군 라벨이라 접두어가 없음 -> 상품구분 공란, 포트폴리오로 둠"
DirectPar,자산연계형연금·저축,,1,KR0050,Direct-Par,,자산연계형연금저축,"구분 인쇄 변형(대소문자·하이픈) -> 같은 표준; 포트폴리오 인쇄 변형(가운뎃점 · ∙ ㆍ 또는 글자 분리) -> 정규화 후 같은 표준; `자산연계형` 은 유/무배당·변액과 다른 상품군 라벨이라 접두어가 없음 -> 상품구분 공란, 포트폴리오로 둠"
DirectPar,자산연계형연금∙저축,,3,"KR0003,KR0009,KR0029",Direct-Par,,자산연계형연금저축,"구분 인쇄 변형(대소문자·하이픈) -> 같은 표준; 포트폴리오 인쇄 변형(가운뎃점 · ∙ ㆍ 또는 글자 분리) -> 정규화 후 같은 표준; `자산연계형` 은 유/무배당·변액과 다른 상품군 라벨이라 접두어가 없음 -> 상품구분 공란, 포트폴리오로 둠"
DirectPar,자산연계형연금저축,,1,KR0099,Direct-Par,,자산연계형연금저축,"구분 인쇄 변형(대소문자·하이픈) -> 같은 표준; `자산연계형` 은 유/무배당·변액과 다른 상품군 라벨이라 접두어가 없음 -> 상품구분 공란, 포트폴리오로 둠"
direct-Par,자산연계형연금∙저축,,1,KR0104,Direct-Par,,자산연계형연금저축,"구분 인쇄 변형(대소문자·하이픈) -> 같은 표준; 포트폴리오 인쇄 변형(가운뎃점 · ∙ ㆍ 또는 글자 분리) -> 정규화 후 같은 표준; `자산연계형` 은 유/무배당·변액과 다른 상품군 라벨이라 접두어가 없음 -> 상품구분 공란, 포트폴리오로 둠"
directPar,자산연계형연금·저축,,1,KR0050,Direct-Par,,자산연계형연금저축,"구분 인쇄 변형(대소문자·하이픈) -> 같은 표준; 포트폴리오 인쇄 변형(가운뎃점 · ∙ ㆍ 또는 글자 분리) -> 정규화 후 같은 표준; `자산연계형` 은 유/무배당·변액과 다른 상품군 라벨이라 접두어가 없음 -> 상품구분 공란, 포트폴리오로 둠"
Direct-Par,기타,,18,"KR0005,KR0068,KR0070,KR0071,KR0072,KR0073,KR0075,KR0076,KR0080,KR0082,KR0083,KR0087,KR0094,KR0095,KR0097,KR0100,KR0104,KR1010",Direct-Par,,기타,"접두어 없는 `기타`: 유배당/무배당 어느 쪽인지 원문에 없음 -> 상품구분 공란 유지(추정해 붙이지 않음); 값이 있는 접두어 없는 `기타` 행이 나온 회사 8곳(KR0003,KR0004,KR0009,KR0029,KR0050,KR0073,KR0094,KR0095); 그중 KR0009,KR0029,KR0050,KR0073,KR0094,KR0095 는 같은 블록에 유배당기타·무배당기타(또는 변액기타)도 값이 있어 별도 행이라 합칠 수 없음; KR0003(무배당) 는 후속 공시가 같은 숫자를 접두어 붙은 기타로 재인쇄(라벨만 변경) -> 접두어 없는 기타가 그쪽일 수 있으나 회사별 확정 불가"
DirectPar,기타,,5,"KR0003,KR0009,KR0029,KR0050,KR0099",Direct-Par,,기타,"구분 인쇄 변형(대소문자·하이픈) -> 같은 표준; 접두어 없는 `기타`: 유배당/무배당 어느 쪽인지 원문에 없음 -> 상품구분 공란 유지(추정해 붙이지 않음); 값이 있는 접두어 없는 `기타` 행이 나온 회사 8곳(KR0003,KR0004,KR0009,KR0029,KR0050,KR0073,KR0094,KR0095); 그중 KR0009,KR0029,KR0050,KR0073,KR0094,KR0095 는 같은 블록에 유배당기타·무배당기타(또는 변액기타)도 값이 있어 별도 행이라 합칠 수 없음; KR0003(무배당) 는 후속 공시가 같은 숫자를 접두어 붙은 기타로 재인쇄(라벨만 변경) -> 접두어 없는 기타가 그쪽일 수 있으나 회사별 확정 불가"
direct-Par,기타,,1,KR0104,Direct-Par,,기타,"구분 인쇄 변형(대소문자·하이픈) -> 같은 표준; 접두어 없는 `기타`: 유배당/무배당 어느 쪽인지 원문에 없음 -> 상품구분 공란 유지(추정해 붙이지 않음); 값이 있는 접두어 없는 `기타` 행이 나온 회사 8곳(KR0003,KR0004,KR0009,KR0029,KR0050,KR0073,KR0094,KR0095); 그중 KR0009,KR0029,KR0050,KR0073,KR0094,KR0095 는 같은 블록에 유배당기타·무배당기타(또는 변액기타)도 값이 있어 별도 행이라 합칠 수 없음; KR0003(무배당) 는 후속 공시가 같은 숫자를 접두어 붙은 기타로 재인쇄(라벨만 변경) -> 접두어 없는 기타가 그쪽일 수 있으나 회사별 확정 불가"
directPar,기타,,1,KR0050,Direct-Par,,기타,"구분 인쇄 변형(대소문자·하이픈) -> 같은 표준; 접두어 없는 `기타`: 유배당/무배당 어느 쪽인지 원문에 없음 -> 상품구분 공란 유지(추정해 붙이지 않음); 값이 있는 접두어 없는 `기타` 행이 나온 회사 8곳(KR0003,KR0004,KR0009,KR0029,KR0050,KR0073,KR0094,KR0095); 그중 KR0009,KR0029,KR0050,KR0073,KR0094,KR0095 는 같은 블록에 유배당기타·무배당기타(또는 변액기타)도 값이 있어 별도 행이라 합칠 수 없음; KR0003(무배당) 는 후속 공시가 같은 숫자를 접두어 붙은 기타로 재인쇄(라벨만 변경) -> 접두어 없는 기타가 그쪽일 수 있으나 회사별 확정 불가"
Indirect-Par,유배당사망,,19,"KR0068,KR0069,KR0070,KR0071,KR0072,KR0073,KR0075,KR0076,KR0079,KR0080,KR0082,KR0083,KR0087,KR0094,KR0095,KR0097,KR0100,KR0104,KR1010",Indirect-Par,유배당,사망,
IndirectPar,유배당사망,,1,KR0099,Indirect-Par,유배당,사망,구분 인쇄 변형(대소문자·하이픈) -> 같은 표준
Indirect-Par,유배당건강,,19,"KR0068,KR0069,KR0070,KR0071,KR0072,KR0073,KR0075,KR0076,KR0079,KR0080,KR0082,KR0083,KR0087,KR0094,KR0095,KR0097,KR0100,KR0104,KR1010",Indirect-Par,유배당,건강,생보 `건강` 은 손보 `상해`·`질병` 과 합치지 않음(인쇄 라벨 그대로)
IndirectPar,유배당건강,,1,KR0099,Indirect-Par,유배당,건강,구분 인쇄 변형(대소문자·하이픈) -> 같은 표준; 생보 `건강` 은 손보 `상해`·`질병` 과 합치지 않음(인쇄 라벨 그대로)
Indirect-PAR,유배당상해,,1,KR0003,Indirect-Par,유배당,상해,구분 인쇄 변형(대소문자·하이픈) -> 같은 표준; 손보 `상해`·`질병`·`재물` 은 생보 `건강`·`사망` 과 합치지 않음(인쇄 라벨 그대로)
Indirect-Par,유배당상해,,3,"KR0005,KR0009,KR0029",Indirect-Par,유배당,상해,손보 `상해`·`질병`·`재물` 은 생보 `건강`·`사망` 과 합치지 않음(인쇄 라벨 그대로)
IndirectPAR,유배당상해,,1,KR0003,Indirect-Par,유배당,상해,구분 인쇄 변형(대소문자·하이픈) -> 같은 표준; 손보 `상해`·`질병`·`재물` 은 생보 `건강`·`사망` 과 합치지 않음(인쇄 라벨 그대로)
IndirectPar,유배당상해,,3,"KR0003,KR0009,KR0050",Indirect-Par,유배당,상해,구분 인쇄 변형(대소문자·하이픈) -> 같은 표준; 손보 `상해`·`질병`·`재물` 은 생보 `건강`·`사망` 과 합치지 않음(인쇄 라벨 그대로)
Indirect-PAR,유배당질병,,1,KR0003,Indirect-Par,유배당,질병,구분 인쇄 변형(대소문자·하이픈) -> 같은 표준
Indirect-Par,유배당질병,,3,"KR0005,KR0009,KR0029",Indirect-Par,유배당,질병,
IndirectPAR,유배당질병,,1,KR0003,Indirect-Par,유배당,질병,구분 인쇄 변형(대소문자·하이픈) -> 같은 표준
IndirectPar,유배당질병,,3,"KR0003,KR0009,KR0050",Indirect-Par,유배당,질병,구분 인쇄 변형(대소문자·하이픈) -> 같은 표준
Indirect-PAR,유배당재물,,1,KR0003,Indirect-Par,유배당,재물,구분 인쇄 변형(대소문자·하이픈) -> 같은 표준
Indirect-Par,유배당재물,,3,"KR0005,KR0009,KR0029",Indirect-Par,유배당,재물,
IndirectPAR,유배당재물,,1,KR0003,Indirect-Par,유배당,재물,구분 인쇄 변형(대소문자·하이픈) -> 같은 표준
IndirectPar,유배당재물,,3,"KR0003,KR0009,KR0050",Indirect-Par,유배당,재물,구분 인쇄 변형(대소문자·하이픈) -> 같은 표준
Indirect-PAR,유배당연금저축,,1,KR0003,Indirect-Par,유배당,연금저축,구분 인쇄 변형(대소문자·하이픈) -> 같은 표준
Indirect-Par,유배당연금∙저축,,23,"KR0001,KR0002,KR0005,KR0008,KR0009,KR0011,KR0029,KR0069,KR0070,KR0071,KR0073,KR0074,KR0075,KR0076,KR0082,KR0083,KR0087,KR0094,KR0095,KR0097,KR0100,KR0104,KR1010",Indirect-Par,유배당,연금저축,포트폴리오 인쇄 변형(가운뎃점 · ∙ ㆍ 또는 글자 분리) -> 정규화 후 같은 표준
Indirect-Par,유배당연금ㆍ저축,,3,"KR0004,KR0071,KR0079",Indirect-Par,유배당,연금저축,포트폴리오 인쇄 변형(가운뎃점 · ∙ ㆍ 또는 글자 분리) -> 정규화 후 같은 표준
Indirect-Par,유배당연금저축,,7,"KR0005,KR0010,KR0068,KR0072,KR0080,KR0083,KR0095",Indirect-Par,유배당,연금저축,
IndirectPAR,유배당연금저축,,1,KR0003,Indirect-Par,유배당,연금저축,구분 인쇄 변형(대소문자·하이픈) -> 같은 표준
IndirectPar,유배당연금·저축,,1,KR0050,Indirect-Par,유배당,연금저축,구분 인쇄 변형(대소문자·하이픈) -> 같은 표준; 포트폴리오 인쇄 변형(가운뎃점 · ∙ ㆍ 또는 글자 분리) -> 정규화 후 같은 표준
IndirectPar,유배당연금∙저축,,2,"KR0003,KR0009",Indirect-Par,유배당,연금저축,구분 인쇄 변형(대소문자·하이픈) -> 같은 표준; 포트폴리오 인쇄 변형(가운뎃점 · ∙ ㆍ 또는 글자 분리) -> 정규화 후 같은 표준
IndirectPar,유배당연금저축,,1,KR0099,Indirect-Par,유배당,연금저축,구분 인쇄 변형(대소문자·하이픈) -> 같은 표준
Indirect-PAR,유배당기타,,1,KR0003,Indirect-Par,유배당,기타,구분 인쇄 변형(대소문자·하이픈) -> 같은 표준
Indirect-Par,유배당기타,,20,"KR0005,KR0009,KR0029,KR0068,KR0070,KR0071,KR0072,KR0073,KR0075,KR0076,KR0080,KR0082,KR0083,KR0087,KR0094,KR0095,KR0097,KR0100,KR0104,KR1010",Indirect-Par,유배당,기타,
IndirectPAR,유배당기타,,1,KR0003,Indirect-Par,유배당,기타,구분 인쇄 변형(대소문자·하이픈) -> 같은 표준
IndirectPar,유배당기타,,4,"KR0003,KR0009,KR0050,KR0099",Indirect-Par,유배당,기타,구분 인쇄 변형(대소문자·하이픈) -> 같은 표준
Indirect-Par,무배당사망,,20,"KR0068,KR0069,KR0070,KR0071,KR0072,KR0073,KR0074,KR0075,KR0076,KR0079,KR0080,KR0082,KR0083,KR0087,KR0094,KR0095,KR0097,KR0100,KR0104,KR1010",Indirect-Par,무배당,사망,
Indirect-Par,무배당사망,생명/공동재보험,1,KR1000,Indirect-Par,무배당,사망,세그먼트 `생명/공동재보험`: 한 회사 안의 추가 축(부문/사업구분) -- 마스터 키 = 세그먼트+구분+상품구분+포트폴리오(세그먼트별 합계 행이 따로 있음)
IndirectPar,무배당사망,,1,KR0099,Indirect-Par,무배당,사망,구분 인쇄 변형(대소문자·하이픈) -> 같은 표준
Indirect-Par,무배당건강,,18,"KR0068,KR0069,KR0070,KR0071,KR0072,KR0073,KR0075,KR0076,KR0080,KR0082,KR0083,KR0087,KR0094,KR0095,KR0097,KR0100,KR0104,KR1010",Indirect-Par,무배당,건강,생보 `건강` 은 손보 `상해`·`질병` 과 합치지 않음(인쇄 라벨 그대로)
IndirectPar,무배당건강,,1,KR0099,Indirect-Par,무배당,건강,구분 인쇄 변형(대소문자·하이픈) -> 같은 표준; 생보 `건강` 은 손보 `상해`·`질병` 과 합치지 않음(인쇄 라벨 그대로)
Indirect-PAR,무배당상해,,1,KR0003,Indirect-Par,무배당,상해,구분 인쇄 변형(대소문자·하이픈) -> 같은 표준; 손보 `상해`·`질병`·`재물` 은 생보 `건강`·`사망` 과 합치지 않음(인쇄 라벨 그대로)
Indirect-Par,무배당상해,,11,"KR0001,KR0002,KR0004,KR0005,KR0008,KR0009,KR0010,KR0011,KR0029,KR0032,KR0051",Indirect-Par,무배당,상해,손보 `상해`·`질병`·`재물` 은 생보 `건강`·`사망` 과 합치지 않음(인쇄 라벨 그대로)
IndirectPAR,무배당상해,,1,KR0003,Indirect-Par,무배당,상해,구분 인쇄 변형(대소문자·하이픈) -> 같은 표준; 손보 `상해`·`질병`·`재물` 은 생보 `건강`·`사망` 과 합치지 않음(인쇄 라벨 그대로)
IndirectPar,무배당상해,,4,"KR0003,KR0009,KR0032,KR0050",Indirect-Par,무배당,상해,구분 인쇄 변형(대소문자·하이픈) -> 같은 표준; 손보 `상해`·`질병`·`재물` 은 생보 `건강`·`사망` 과 합치지 않음(인쇄 라벨 그대로)
Indirect-PAR,무배당질병,,1,KR0003,Indirect-Par,무배당,질병,구분 인쇄 변형(대소문자·하이픈) -> 같은 표준
Indirect-Par,무배당질병,,10,"KR0001,KR0002,KR0004,KR0005,KR0008,KR0009,KR0010,KR0011,KR0029,KR0032",Indirect-Par,무배당,질병,
IndirectPAR,무배당질병,,1,KR0003,Indirect-Par,무배당,질병,구분 인쇄 변형(대소문자·하이픈) -> 같은 표준
IndirectPar,무배당질병,,4,"KR0003,KR0009,KR0032,KR0050",Indirect-Par,무배당,질병,구분 인쇄 변형(대소문자·하이픈) -> 같은 표준
Indirect-PAR,무배당재물,,1,KR0003,Indirect-Par,무배당,재물,구분 인쇄 변형(대소문자·하이픈) -> 같은 표준
Indirect-Par,무배당재물,,11,"KR0001,KR0002,KR0004,KR0005,KR0008,KR0009,KR0010,KR0011,KR0029,KR0032,KR0051",Indirect-Par,무배당,재물,
IndirectPAR,무배당재물,,1,KR0003,Indirect-Par,무배당,재물,구분 인쇄 변형(대소문자·하이픈) -> 같은 표준
IndirectPar,무배당재물,,4,"KR0003,KR0009,KR0032,KR0050",Indirect-Par,무배당,재물,구분 인쇄 변형(대소문자·하이픈) -> 같은 표준
Indirect-PAR,무배당연금저축,,1,KR0003,Indirect-Par,무배당,연금저축,구분 인쇄 변형(대소문자·하이픈) -> 같은 표준
Indirect-Par,무배당연금∙저축,,23,"KR0001,KR0002,KR0005,KR0008,KR0009,KR0011,KR0029,KR0032,KR0069,KR0070,KR0071,KR0073,KR0075,KR0076,KR0082,KR0083,KR0087,KR0094,KR0095,KR0097,KR0100,KR0104,KR1010",Indirect-Par,무배당,연금저축,포트폴리오 인쇄 변형(가운뎃점 · ∙ ㆍ 또는 글자 분리) -> 정규화 후 같은 표준
Indirect-Par,무배당연금ㆍ저축,,3,"KR0004,KR0071,KR0079",Indirect-Par,무배당,연금저축,포트폴리오 인쇄 변형(가운뎃점 · ∙ ㆍ 또는 글자 분리) -> 정규화 후 같은 표준
Indirect-Par,무배당연금저축,,7,"KR0005,KR0010,KR0068,KR0072,KR0080,KR0083,KR0095",Indirect-Par,무배당,연금저축,
IndirectPAR,무배당연금저축,,1,KR0003,Indirect-Par,무배당,연금저축,구분 인쇄 변형(대소문자·하이픈) -> 같은 표준
IndirectPar,무배당연금·저축,,1,KR0050,Indirect-Par,무배당,연금저축,구분 인쇄 변형(대소문자·하이픈) -> 같은 표준; 포트폴리오 인쇄 변형(가운뎃점 · ∙ ㆍ 또는 글자 분리) -> 정규화 후 같은 표준
IndirectPar,무배당연금∙저축,,3,"KR0003,KR0009,KR0032",Indirect-Par,무배당,연금저축,구분 인쇄 변형(대소문자·하이픈) -> 같은 표준; 포트폴리오 인쇄 변형(가운뎃점 · ∙ ㆍ 또는 글자 분리) -> 정규화 후 같은 표준
IndirectPar,무배당연금저축,,1,KR0099,Indirect-Par,무배당,연금저축,구분 인쇄 변형(대소문자·하이픈) -> 같은 표준
Indirect-PAR,무배당기타,,1,KR0003,Indirect-Par,무배당,기타,구분 인쇄 변형(대소문자·하이픈) -> 같은 표준
Indirect-Par,무배당기타,,23,"KR0001,KR0002,KR0005,KR0010,KR0011,KR0032,KR0068,KR0070,KR0071,KR0072,KR0073,KR0075,KR0076,KR0080,KR0082,KR0083,KR0087,KR0094,KR0095,KR0097,KR0100,KR0104,KR1010",Indirect-Par,무배당,기타,
Indirect-Par,유배당기타,,2,"KR0009,KR0029",Indirect-Par,무배당,기타,"추출기 라벨보정: 원문 `유배당기타` -> `무배당기타` (원문 라벨 '유배당기타' 가 같은 구분에 두 번 인쇄 -> 순서상 둘째를 '무배당기타' 로 보정) -- 원문만으로는 확정 불가, 오기 가능성"
IndirectPAR,무배당기타,,1,KR0003,Indirect-Par,무배당,기타,구분 인쇄 변형(대소문자·하이픈) -> 같은 표준
IndirectPar,무배당기타,,2,"KR0050,KR0099",Indirect-Par,무배당,기타,구분 인쇄 변형(대소문자·하이픈) -> 같은 표준
IndirectPar,유배당기타,,3,"KR0003,KR0009,KR0032",Indirect-Par,무배당,기타,"추출기 라벨보정: 원문 `유배당기타` -> `무배당기타` (원문 라벨 '유배당기타' 가 같은 구분에 두 번 인쇄 -> 순서상 둘째를 '무배당기타' 로 보정) -- 원문만으로는 확정 불가, 오기 가능성; 구분 인쇄 변형(대소문자·하이픈) -> 같은 표준"
Indirect-Par,변액사망,,17,"KR0068,KR0070,KR0071,KR0072,KR0073,KR0075,KR0076,KR0080,KR0082,KR0083,KR0087,KR0094,KR0095,KR0097,KR0100,KR0104,KR1010",Indirect-Par,변액,사망,
IndirectPar,변액사망,,1,KR0099,Indirect-Par,변액,사망,구분 인쇄 변형(대소문자·하이픈) -> 같은 표준
Indirect-Par,변액건강,,17,"KR0068,KR0070,KR0071,KR0072,KR0073,KR0075,KR0076,KR0080,KR0082,KR0083,KR0087,KR0094,KR0095,KR0097,KR0100,KR0104,KR1010",Indirect-Par,변액,건강,생보 `건강` 은 손보 `상해`·`질병` 과 합치지 않음(인쇄 라벨 그대로)
IndirectPar,변액건강,,1,KR0099,Indirect-Par,변액,건강,구분 인쇄 변형(대소문자·하이픈) -> 같은 표준; 생보 `건강` 은 손보 `상해`·`질병` 과 합치지 않음(인쇄 라벨 그대로)
Indirect-Par,변액연금∙저축,,13,"KR0070,KR0071,KR0073,KR0075,KR0076,KR0082,KR0087,KR0094,KR0095,KR0097,KR0100,KR0104,KR1010",Indirect-Par,변액,연금저축,포트폴리오 인쇄 변형(가운뎃점 · ∙ ㆍ 또는 글자 분리) -> 정규화 후 같은 표준
Indirect-Par,변액연금저축,,5,"KR0068,KR0072,KR0080,KR0083,KR0095",Indirect-Par,변액,연금저축,
IndirectPar,변액연금저축,,1,KR0099,Indirect-Par,변액,연금저축,구분 인쇄 변형(대소문자·하이픈) -> 같은 표준
Indirect-Par,변액기타,,17,"KR0068,KR0070,KR0071,KR0072,KR0073,KR0075,KR0076,KR0080,KR0082,KR0083,KR0087,KR0094,KR0095,KR0097,KR0100,KR0104,KR1010",Indirect-Par,변액,기타,
IndirectPar,변액기타,,1,KR0099,Indirect-Par,변액,기타,구분 인쇄 변형(대소문자·하이픈) -> 같은 표준
Indirect-Par,자산연계형연금∙저축,,16,"KR0009,KR0029,KR0069,KR0070,KR0071,KR0073,KR0075,KR0076,KR0082,KR0087,KR0094,KR0095,KR0097,KR0100,KR0104,KR1010",Indirect-Par,,자산연계형연금저축,"포트폴리오 인쇄 변형(가운뎃점 · ∙ ㆍ 또는 글자 분리) -> 정규화 후 같은 표준; `자산연계형` 은 유/무배당·변액과 다른 상품군 라벨이라 접두어가 없음 -> 상품구분 공란, 포트폴리오로 둠"
Indirect-Par,자산연계형연금ㆍ저축,,3,"KR0071,KR0079,KR0087",Indirect-Par,,자산연계형연금저축,"포트폴리오 인쇄 변형(가운뎃점 · ∙ ㆍ 또는 글자 분리) -> 정규화 후 같은 표준; `자산연계형` 은 유/무배당·변액과 다른 상품군 라벨이라 접두어가 없음 -> 상품구분 공란, 포트폴리오로 둠"
Indirect-Par,자산연계형연금저축,,6,"KR0005,KR0068,KR0072,KR0080,KR0083,KR0095",Indirect-Par,,자산연계형연금저축,"`자산연계형` 은 유/무배당·변액과 다른 상품군 라벨이라 접두어가 없음 -> 상품구분 공란, 포트폴리오로 둠"
IndirectPar,자산연계형연금·저축,,1,KR0050,Indirect-Par,,자산연계형연금저축,"구분 인쇄 변형(대소문자·하이픈) -> 같은 표준; 포트폴리오 인쇄 변형(가운뎃점 · ∙ ㆍ 또는 글자 분리) -> 정규화 후 같은 표준; `자산연계형` 은 유/무배당·변액과 다른 상품군 라벨이라 접두어가 없음 -> 상품구분 공란, 포트폴리오로 둠"
IndirectPar,자산연계형연금∙저축,,2,"KR0003,KR0009",Indirect-Par,,자산연계형연금저축,"구분 인쇄 변형(대소문자·하이픈) -> 같은 표준; 포트폴리오 인쇄 변형(가운뎃점 · ∙ ㆍ 또는 글자 분리) -> 정규화 후 같은 표준; `자산연계형` 은 유/무배당·변액과 다른 상품군 라벨이라 접두어가 없음 -> 상품구분 공란, 포트폴리오로 둠"
IndirectPar,자산연계형연금저축,,1,KR0099,Indirect-Par,,자산연계형연금저축,"구분 인쇄 변형(대소문자·하이픈) -> 같은 표준; `자산연계형` 은 유/무배당·변액과 다른 상품군 라벨이라 접두어가 없음 -> 상품구분 공란, 포트폴리오로 둠"
Indirect-Par,기타,,21,"KR0004,KR0005,KR0009,KR0029,KR0068,KR0070,KR0071,KR0072,KR0073,KR0075,KR0076,KR0080,KR0082,KR0083,KR0087,KR0094,KR0095,KR0097,KR0100,KR0104,KR1010",Indirect-Par,,기타,"접두어 없는 `기타`: 유배당/무배당 어느 쪽인지 원문에 없음 -> 상품구분 공란 유지(추정해 붙이지 않음); 값이 있는 접두어 없는 `기타` 행이 나온 회사 8곳(KR0003,KR0004,KR0009,KR0029,KR0050,KR0073,KR0094,KR0095); 그중 KR0009,KR0029,KR0050,KR0073,KR0094,KR0095 는 같은 블록에 유배당기타·무배당기타(또는 변액기타)도 값이 있어 별도 행이라 합칠 수 없음; KR0003(무배당) 는 후속 공시가 같은 숫자를 접두어 붙은 기타로 재인쇄(라벨만 변경) -> 접두어 없는 기타가 그쪽일 수 있으나 회사별 확정 불가"
IndirectPar,기타,,4,"KR0003,KR0009,KR0050,KR0099",Indirect-Par,,기타,"구분 인쇄 변형(대소문자·하이픈) -> 같은 표준; 접두어 없는 `기타`: 유배당/무배당 어느 쪽인지 원문에 없음 -> 상품구분 공란 유지(추정해 붙이지 않음); 값이 있는 접두어 없는 `기타` 행이 나온 회사 8곳(KR0003,KR0004,KR0009,KR0029,KR0050,KR0073,KR0094,KR0095); 그중 KR0009,KR0029,KR0050,KR0073,KR0094,KR0095 는 같은 블록에 유배당기타·무배당기타(또는 변액기타)도 값이 있어 별도 행이라 합칠 수 없음; KR0003(무배당) 는 후속 공시가 같은 숫자를 접두어 붙은 기타로 재인쇄(라벨만 변경) -> 접두어 없는 기타가 그쪽일 수 있으나 회사별 확정 불가"
